/* Generated by utils/embed_lisp.py from lisp/prelude.el.  DO NOT EDIT.
 *
 * Edit lisp/prelude.el and run `make lisp-prelude-generate` to refresh
 * this file; `make lisp-prelude-check` (part of `make check`) fails the
 * build if the two have drifted apart.
 *
 * A byte array plus an explicit length, not a NUL-terminated string:
 * evaluate_prelude() (src/lisp_prelude.c) passes the paired _len
 * constant straight to FeEvaluateStringWithOptions(), which already
 * takes a length, so this file makes no claim about what byte, if
 * any, follows the array.
 * The bytes are lisp/prelude.el's, unchanged and in source order --
 * reordering or deduplicating them would break the prelude, whose
 * ordering is load-bearing. */

static const unsigned char lisp_prelude_deferred_generated[] = {
	0x28, 0x64, 0x65, 0x66, 0x61, 0x6c, 0x69, 0x61, 0x73, 0x20, 0x27, 0x31,
	0x2b, 0x20, 0x28, 0x6c, 0x61, 0x6d, 0x62, 0x64, 0x61, 0x20, 0x28, 0x6e,
	0x29, 0x20, 0x28, 0x2b, 0x20, 0x6e, 0x20, 0x31, 0x29, 0x29, 0x29, 0x0a,
	0x28, 0x64, 0x65, 0x66, 0x61, 0x6c, 0x69, 0x61, 0x73, 0x20, 0x27, 0x31,
	0x2d, 0x20, 0x28, 0x6c, 0x61, 0x6d, 0x62, 0x64, 0x61, 0x20, 0x28, 0x6e,
	0x29, 0x20, 0x28, 0x2d, 0x20, 0x6e, 0x20, 0x31, 0x29, 0x29, 0x29, 0x0a,
	0x28, 0x64, 0x65, 0x66, 0x61, 0x6c, 0x69, 0x61, 0x73, 0x20, 0x27, 0x63,
	0x61, 0x61, 0x72, 0x20, 0x28, 0x6c, 0x61, 0x6d, 0x62, 0x64, 0x61, 0x20,
	0x28, 0x78, 0x29, 0x20, 0x28, 0x63, 0x61, 0x72, 0x20, 0x28, 0x63, 0x61,
	0x72, 0x20, 0x78, 0x29, 0x29, 0x29, 0x29, 0x0a, 0x28, 0x64, 0x65, 0x66,
	0x61, 0x6c, 0x69, 0x61, 0x73, 0x20, 0x27, 0x63, 0x61, 0x64, 0x72, 0x20,
	0x28, 0x6c, 0x61, 0x6d, 0x62, 0x64, 0x61, 0x20, 0x28, 0x78, 0x29, 0x20,
	0x28, 0x63, 0x61, 0x72, 0x20, 0x28, 0x63, 0x64, 0x72, 0x20, 0x78, 0x29,
	0x29, 0x29, 0x29, 0x0a, 0x28, 0x64, 0x65, 0x66, 0x61, 0x6c, 0x69, 0x61,
	0x73, 0x20, 0x27, 0x63, 0x64, 0x64, 0x72, 0x20, 0x28, 0x6c, 0x61, 0x6d,
	0x62, 0x64, 0x61, 0x20, 0x28, 0x78, 0x29, 0x20, 0x28, 0x63, 0x64, 0x72,
	0x20, 0x28, 0x63, 0x64, 0x72, 0x20, 0x78, 0x29, 0x29, 0x29, 0x29, 0x0a,
	0x3b, 0x3b, 0x20, 0x2d, 0x2d, 0x2d, 0x20, 0x68, 0x79, 0x67, 0x69, 0x65,
	0x6e, 0x65, 0x20, 0x66, 0x6f, 0x72, 0x20, 0x74, 0x68, 0x65, 0x20, 0x70,
	0x72, 0x65, 0x6c, 0x75, 0x64, 0x65, 0x27, 0x73, 0x20, 0x6f, 0x77, 0x6e,
	0x20, 0x74, 0x65, 0x6d, 0x70, 0x6f, 0x72, 0x61, 0x72, 0x69, 0x65, 0x73,
	0x20, 0x2d, 0x2d, 0x2d, 0x2d, 0x2d, 0x2d, 0x2d, 0x2d, 0x2d, 0x2d, 0x2d,
	0x2d, 0x2d, 0x2d, 0x2d, 0x2d, 0x2d, 0x2d, 0x2d, 0x2d, 0x2d, 0x2d, 0x2d,
	0x0a, 0x3b, 0x3b, 0x0a, 0x3b, 0x3b, 0x20, 0x41, 0x20, 0x60, 0x6c, 0x65,
	0x74, 0x27, 0x20, 0x6f, 0x76, 0x65, 0x72, 0x20, 0x61, 0x20, 0x6e, 0x61,
	0x6d, 0x65, 0x20, 0x74, 0x68, 0x65, 0x20, 0x75, 0x73, 0x65, 0x72, 0x20,
	0x68, 0x61, 0x73, 0x20, 0x60, 0x64, 0x65, 0x66, 0x76, 0x61, 0x72, 0x27,
	0x64, 0x20, 0x62, 0x69, 0x6e, 0x64, 0x73, 0x20, 0x44, 0x59, 0x4e, 0x41,
	0x4d, 0x49, 0x43, 0x41, 0x4c, 0x4c, 0x59, 0x20, 0x28, 0x50, 0x68, 0x61,
	0x73, 0x65, 0x0a, 0x3b, 0x3b, 0x20, 0x31, 0x31, 0x2c, 0x20, 0x31, 0x31,
	0x41, 0x20, 0x44, 0x65, 0x63, 0x69, 0x73, 0x69, 0x6f, 0x6e, 0x20, 0x32,
	0x29, 0x2c, 0x20, 0x61, 0x6e, 0x64, 0x20, 0x65, 0x76, 0x65, 0x72, 0x79,
	0x20, 0x64, 0x65, 0x66, 0x69, 0x6e, 0x69, 0x74, 0x69, 0x6f, 0x6e, 0x20,
	0x69, 0x6e, 0x20, 0x74, 0x68, 0x69, 0x73, 0x20, 0x66, 0x69, 0x6c, 0x65,
	0x20, 0x69, 0x73, 0x20, 0x77, 0x72, 0x69, 0x74, 0x74, 0x65, 0x6e, 0x20,
	0x77, 0x69, 0x74, 0x68, 0x0a, 0x3b, 0x3b, 0x20, 0x6f, 0x72, 0x64, 0x69,
	0x6e, 0x61, 0x72, 0x79, 0x20, 0x72, 0x65, 0x61, 0x64, 0x61, 0x62, 0x6c,
	0x65, 0x20, 0x74, 0x65, 0x6d, 0x70, 0x6f, 0x72, 0x61, 0x72, 0x79, 0x20,
	0x6e, 0x61, 0x6d, 0x65, 0x73, 0x2e, 0x20, 0x20, 0x53, 0x6f, 0x20, 0x61,
	0x20, 0x70, 0x72, 0x65, 0x6c, 0x75, 0x64, 0x65, 0x20, 0x74, 0x65, 0x6d,
	0x70, 0x6f, 0x72, 0x61, 0x72, 0x79, 0x20, 0x74, 0x68, 0x61, 0x74, 0x20,
	0x69, 0x73, 0x0a, 0x3b, 0x3b, 0x20, 0x73, 0x74, 0x69, 0x6c, 0x6c, 0x20,
	0x62, 0x6f, 0x75, 0x6e, 0x64, 0x20, 0x77, 0x68, 0x69, 0x6c, 0x65, 0x20,
	0x55, 0x53, 0x45, 0x52, 0x20, 0x63, 0x6f, 0x64, 0x65, 0x20, 0x72, 0x75,
	0x6e, 0x73, 0x20, 0x2d, 0x2d, 0x20, 0x61, 0x20, 0x60, 0x6d, 0x61, 0x70,
	0x63, 0x61, 0x72, 0x27, 0x20, 0x66, 0x75, 0x6e, 0x63, 0x74, 0x69, 0x6f,
	0x6e, 0x2c, 0x20, 0x61, 0x20, 0x60, 0x73, 0x6f, 0x72, 0x74, 0x27, 0x0a,
	0x3b, 0x3b, 0x20, 0x70, 0x72, 0x65, 0x64, 0x69, 0x63, 0x61, 0x74, 0x65,
	0x2c, 0x20, 0x61, 0x20, 0x66, 0x6f, 0x72, 0x6d, 0x20, 0x60, 0x6c, 0x6f,
	0x61, 0x64, 0x27, 0x20, 0x69, 0x73, 0x20, 0x65, 0x76, 0x61, 0x6c, 0x75,
	0x61, 0x74, 0x69, 0x6e, 0x67, 0x20, 0x2d, 0x2d, 0x20, 0x69, 0x73, 0x20,
	0x61, 0x20, 0x63, 0x61, 0x70, 0x74, 0x75, 0x72, 0x65, 0x20, 0x69, 0x6e,
	0x20, 0x62, 0x6f, 0x74, 0x68, 0x0a, 0x3b, 0x3b, 0x20, 0x64, 0x69, 0x72,
	0x65, 0x63, 0x74, 0x69, 0x6f, 0x6e, 0x73, 0x20, 0x61, 0x74, 0x20, 0x6f,
	0x6e, 0x63, 0x65, 0x3a, 0x20, 0x74, 0x68, 0x65, 0x20, 0x63, 0x61, 0x6c,
	0x6c, 0x62, 0x61, 0x63, 0x6b, 0x27, 0x73, 0x20, 0x61, 0x73, 0x73, 0x69,
	0x67, 0x6e, 0x6d, 0x65, 0x6e, 0x74, 0x20, 0x6c, 0x61, 0x6e, 0x64, 0x73,
	0x20, 0x6f, 0x6e, 0x20, 0x74, 0x68, 0x65, 0x20, 0x70, 0x72, 0x65, 0x6c,
	0x75, 0x64, 0x65, 0x27, 0x73, 0x0a, 0x3b, 0x3b, 0x20, 0x61, 0x63, 0x63,
	0x75, 0x6d, 0x75, 0x6c, 0x61, 0x74, 0x6f, 0x72, 0x2c, 0x20, 0x61, 0x6e,
	0x64, 0x20, 0x74, 0x68, 0x65, 0x20, 0x70, 0x72, 0x65, 0x6c, 0x75, 0x64,
	0x65, 0x27, 0x73, 0x20, 0x61, 0x63, 0x63, 0x75, 0x6d, 0x75, 0x6c, 0x61,
	0x74, 0x6f, 0x72, 0x20, 0x69, 0x73, 0x20, 0x77, 0x68, 0x61, 0x74, 0x20,
	0x74, 0x68, 0x65, 0x20, 0x75, 0x73, 0x65, 0x72, 0x27, 0x73, 0x20, 0x76,
	0x61, 0x72, 0x69, 0x61, 0x62, 0x6c, 0x65, 0x0a, 0x3b, 0x3b, 0x20, 0x72,
	0x65, 0x61, 0x64, 0x73, 0x20, 0x62, 0x61, 0x63, 0x6b, 0x2e, 0x20, 0x20,
	0x4d, 0x65, 0x61, 0x73, 0x75, 0x72, 0x65, 0x64, 0x20, 0x6f, 0x6e, 0x20,
	0x74, 0x68, 0x65, 0x20, 0x74, 0x72, 0x65, 0x65, 0x20, 0x62, 0x65, 0x66,
	0x6f, 0x72, 0x65, 0x20, 0x74, 0x68, 0x65, 0x20, 0x73, 0x77, 0x65, 0x65,
	0x70, 0x20, 0x62, 0x65, 0x6c, 0x6f, 0x77, 0x3a, 0x0a, 0x3b, 0x3b, 0x0a,
	0x3b, 0x3b, 0x20, 0x20, 0x20, 0x28, 0x64, 0x65, 0x66, 0x76, 0x61, 0x72,
	0x20, 0x72, 0x65, 0x73, 0x20, 0x30, 0x29, 0x0a, 0x3b, 0x3b, 0x20, 0x20,
	0x20, 0x28, 0x6d, 0x61, 0x70, 0x63, 0x61, 0x72, 0x20, 0x28, 0x6c, 0x61,
	0x6d, 0x62, 0x64, 0x61, 0x20, 0x28, 0x78, 0x29, 0x20, 0x28, 0x73, 0x65,
	0x74, 0x71, 0x20, 0x72, 0x65, 0x73, 0x20, 0x78, 0x29, 0x20, 0x78, 0x29,
	0x20, 0x28, 0x6c, 0x69, 0x73, 0x74, 0x20, 0x31, 0x20, 0x32, 0x20, 0x33,
	0x29, 0x29, 0x0a, 0x3b, 0x3b, 0x0a, 0x3b, 0x3b, 0x20, 0x72, 0x61, 0x69,
	0x73, 0x65, 0x64, 0x20, 0x77, 0x72, 0x6f, 0x6e, 0x67, 0x2d, 0x74, 0x79,
	0x70, 0x65, 0x2d, 0x61, 0x72, 0x67, 0x75, 0x6d, 0x65, 0x6e, 0x74, 0x20,
	0x2d, 0x2d, 0x20, 0x74, 0x68, 0x65, 0x20, 0x63, 0x61, 0x6c, 0x6c, 0x62,
	0x61, 0x63, 0x6b, 0x20, 0x68, 0x61, 0x64, 0x20, 0x6f, 0x76, 0x65, 0x72,
	0x77, 0x72, 0x69, 0x74, 0x74, 0x65, 0x6e, 0x20, 0x60, 0x6d, 0x61, 0x70,
	0x63, 0x61, 0x72, 0x27, 0x73, 0x0a, 0x3b, 0x3b, 0x20, 0x68, 0x61, 0x6c,
	0x66, 0x2d, 0x62, 0x75, 0x69, 0x6c, 0x74, 0x20, 0x6c, 0x69, 0x73, 0x74,
	0x20, 0x77, 0x69, 0x74, 0x68, 0x20, 0x61, 0x6e, 0x20, 0x69, 0x6e, 0x74,
	0x65, 0x67, 0x65, 0x72, 0x20, 0x2d, 0x2d, 0x20, 0x61, 0x6e, 0x64, 0x20,
	0x60, 0x72, 0x65, 0x73, 0x27, 0x20, 0x77, 0x61, 0x73, 0x20, 0x73, 0x74,
	0x69, 0x6c, 0x6c, 0x20, 0x30, 0x20, 0x61, 0x66, 0x74, 0x65, 0x72, 0x77,
	0x61, 0x72, 0x64, 0x73, 0x2e, 0x0a, 0x3b, 0x3b, 0x20, 0x60, 0x28, 0x64,
	0x65, 0x66, 0x76, 0x61, 0x72, 0x20, 0x66, 0x69, 0x72, 0x73, 0x74, 0x20,
	0x30, 0x29, 0x20, 0x28, 0x6d, 0x61, 0x70, 0x63, 0x6f, 0x6e, 0x63, 0x61,
	0x74, 0x20, 0x28, 0x6c, 0x61, 0x6d, 0x62, 0x64, 0x61, 0x20, 0x28, 0x78,
	0x29, 0x20, 0x28, 0x73, 0x65, 0x74, 0x71, 0x20, 0x66, 0x69, 0x72, 0x73,
	0x74, 0x20, 0x78, 0x29, 0x20, 0x78, 0x29, 0x20, 0x28, 0x6c, 0x69, 0x73,
	0x74, 0x20, 0x22, 0x61, 0x22, 0x0a, 0x3b, 0x3b, 0x20, 0x22, 0x62, 0x22,
	0x29, 0x20, 0x22, 0x2d, 0x22, 0x29, 0x27, 0x20, 0x61, 0x6e, 0x73, 0x77,
	0x65, 0x72, 0x65, 0x64, 0x20, 0x22, 0x61, 0x62, 0x22, 0x2c, 0x20, 0x6c,
	0x6f, 0x73, 0x69, 0x6e, 0x67, 0x20, 0x74, 0x68, 0x65, 0x20, 0x73, 0x65,
	0x70, 0x61, 0x72, 0x61, 0x74, 0x6f, 0x72, 0x2c, 0x20, 0x61, 0x6e, 0x64,
	0x20, 0x60, 0x28, 0x64, 0x65, 0x66, 0x76, 0x61, 0x72, 0x20, 0x63, 0x75,
	0x72, 0x72, 0x65, 0x6e, 0x74, 0x0a, 0x3b, 0x3b, 0x20, 0x28, 0x6c, 0x69,
	0x73, 0x74, 0x20, 0x39, 0x29, 0x29, 0x20, 0x28, 0x61, 0x64, 0x64, 0x2d,
	0x74, 0x6f, 0x2d, 0x6c, 0x69, 0x73, 0x74, 0x20, 0x27, 0x63, 0x75, 0x72,
	0x72, 0x65, 0x6e, 0x74, 0x20, 0x31, 0x29, 0x27, 0x20, 0x6c, 0x65, 0x66,
	0x74, 0x20, 0x60, 0x63, 0x75, 0x72, 0x72, 0x65, 0x6e, 0x74, 0x27, 0x20,
	0x61, 0x74, 0x20, 0x28, 0x39, 0x29, 0x2c, 0x20, 0x62, 0x65, 0x63, 0x61,
	0x75, 0x73, 0x65, 0x20, 0x74, 0x68, 0x65, 0x0a, 0x3b, 0x3b, 0x20, 0x60,
	0x73, 0x65, 0x74, 0x27, 0x20, 0x77, 0x72, 0x6f, 0x74, 0x65, 0x20, 0x74,
	0x68, 0x65, 0x20, 0x73, 0x68, 0x61, 0x64, 0x6f, 0x77, 0x20, 0x74, 0x68,
	0x65, 0x20, 0x66, 0x75, 0x6e, 0x63, 0x74, 0x69, 0x6f, 0x6e, 0x27, 0x73,
	0x20, 0x6f, 0x77, 0x6e, 0x20, 0x62, 0x69, 0x6e, 0x64, 0x69, 0x6e, 0x67,
	0x20, 0x68, 0x61, 0x64, 0x20, 0x6a, 0x75, 0x73, 0x74, 0x20, 0x6d, 0x61,
	0x64, 0x65, 0x2e, 0x0a, 0x3b, 0x3b, 0x0a, 0x3b, 0x3b, 0x20, 0x54, 0x48,
	0x45, 0x20, 0x46, 0x49, 0x58, 0x20, 0x49, 0x53, 0x20, 0x54, 0x48, 0x45,
	0x20, 0x53, 0x48, 0x41, 0x50, 0x45, 0x20, 0x54, 0x48, 0x45, 0x20, 0x42,
	0x49, 0x4e, 0x44, 0x49, 0x4e, 0x47, 0x20, 0x54, 0x41, 0x4b, 0x45, 0x53,
	0x2e, 0x20, 0x20, 0x60, 0x73, 0x61, 0x76, 0x65, 0x2d, 0x65, 0x78, 0x63,
	0x75, 0x72, 0x73, 0x69, 0x6f, 0x6e, 0x27, 0x20, 0x66, 0x69, 0x78, 0x65,
	0x64, 0x20, 0x69, 0x74, 0x73, 0x20, 0x6f, 0x6e, 0x65, 0x0a, 0x3b, 0x3b,
	0x20, 0x74, 0x65, 0x6d, 0x70, 0x6f, 0x72, 0x61, 0x72, 0x79, 0x20, 0x69,
	0x6e, 0x20, 0x50, 0x68, 0x61, 0x73, 0x65, 0x20, 0x31, 0x34, 0x20, 0x74,
	0x68, 0x65, 0x20, 0x77, 0x61, 0x79, 0x20, 0x61, 0x20, 0x4d, 0x41, 0x43,
	0x52, 0x4f, 0x20, 0x63, 0x61, 0x6e, 0x3a, 0x20, 0x69, 0x74, 0x20, 0x6d,
	0x69, 0x6e, 0x74, 0x73, 0x20, 0x61, 0x20, 0x60, 0x67, 0x65, 0x6e, 0x73,
	0x79, 0x6d, 0x27, 0x20, 0x61, 0x74, 0x0a, 0x3b, 0x3b, 0x20, 0x65, 0x78,
	0x70, 0x61, 0x6e, 0x73, 0x69, 0x6f, 0x6e, 0x20, 0x74, 0x69, 0x6d, 0x65,
	0x2c, 0x20, 0x61, 0x6e, 0x64, 0x20, 0x61, 0x6e, 0x20, 0x75, 0x6e, 0x69,
	0x6e, 0x74, 0x65, 0x72, 0x6e, 0x65, 0x64, 0x20, 0x73, 0x79, 0x6d, 0x62,
	0x6f, 0x6c, 0x20, 0x69, 0x73, 0x20, 0x61, 0x20, 0x6e, 0x61, 0x6d, 0x65,
	0x20, 0x6e, 0x6f, 0x74, 0x68, 0x69, 0x6e, 0x67, 0x20, 0x74, 0x68, 0x65,
	0x20, 0x75, 0x73, 0x65, 0x72, 0x0a, 0x3b, 0x3b, 0x20, 0x77, 0x72, 0x69,
	0x74, 0x65, 0x73, 0x20, 0x63, 0x61, 0x6e, 0x20, 0x72, 0x65, 0x61, 0x63,
	0x68, 0x2e, 0x20, 0x20, 0x41, 0x20, 0x66, 0x75, 0x6e, 0x63, 0x74, 0x69,
	0x6f, 0x6e, 0x20, 0x62, 0x6f, 0x64, 0x79, 0x20, 0x68, 0x61, 0x73, 0x20,
	0x6e, 0x6f, 0x20, 0x65, 0x78, 0x70, 0x61, 0x6e, 0x73, 0x69, 0x6f, 0x6e,
	0x20, 0x74, 0x6f, 0x20, 0x6d, 0x69, 0x6e, 0x74, 0x20, 0x6f, 0x6e, 0x65,
	0x20, 0x69, 0x6e, 0x2c, 0x20, 0x73, 0x6f, 0x0a, 0x3b, 0x3b, 0x20, 0x74,
	0x68, 0x65, 0x73, 0x65, 0x20, 0x75, 0x73, 0x65, 0x20, 0x74, 0x68, 0x65,
	0x20, 0x6f, 0x74, 0x68, 0x65, 0x72, 0x20, 0x75, 0x6e, 0x72, 0x65, 0x61,
	0x63, 0x68, 0x61, 0x62, 0x6c, 0x65, 0x20, 0x62, 0x69, 0x6e, 0x64, 0x69,
	0x6e, 0x67, 0x20, 0x6b, 0x69, 0x6e, 0x64, 0x20, 0x66, 0x65, 0x20, 0x68,
	0x61, 0x73, 0x3a, 0x20, 0x61, 0x20, 0x4c, 0x41, 0x4d, 0x42, 0x44, 0x41,
	0x0a, 0x3b, 0x3b, 0x20, 0x50, 0x41, 0x52, 0x41, 0x4d, 0x45, 0x54, 0x45,
	0x52, 0x2c, 0x20, 0x77, 0x68, 0x69, 0x63, 0x68, 0x20, 0x66, 0x65, 0x20,
	0x62, 0x69, 0x6e, 0x64, 0x73, 0x20, 0x6c, 0x65, 0x78, 0x69, 0x63, 0x61,
	0x6c, 0x6c, 0x79, 0x20, 0x75, 0x6e, 0x63, 0x6f, 0x6e, 0x64, 0x69, 0x74,
	0x69, 0x6f, 0x6e, 0x61, 0x6c, 0x6c, 0x79, 0x20, 0x2d, 0x2d, 0x20, 0x74,
	0x68, 0x65, 0x20, 0x73, 0x70, 0x65, 0x63, 0x69, 0x61, 0x6c, 0x20, 0x66,
	0x6c, 0x61, 0x67, 0x0a, 0x3b, 0x3b, 0x20, 0x69, 0x73, 0x20, 0x63, 0x6f,
	0x6e, 0x73, 0x75, 0x6c, 0x74, 0x65, 0x64, 0x20, 0x61, 0x74, 0x20, 0x66,
	0x65, 0x27, 0x73, 0x20, 0x62, 0x69, 0x6e, 0x64, 0x69, 0x6e, 0x67, 0x2d,
	0x6c, 0x69, 0x73, 0x74, 0x20, 0x70, 0x61, 0x74, 0x68, 0x73, 0x20, 0x61,
	0x6e, 0x64, 0x20, 0x6e, 0x6f, 0x77, 0x68, 0x65, 0x72, 0x65, 0x20, 0x65,
	0x6c, 0x73, 0x65, 0x20, 0x28, 0x31, 0x31, 0x41, 0x20, 0x44, 0x65, 0x63,
	0x69, 0x73, 0x69, 0x6f, 0x6e, 0x0a, 0x3b, 0x3b, 0x20, 0x32, 0x29, 0x2c,
	0x20, 0x77, 0x68, 0x69, 0x63, 0x68, 0x20, 0x69, 0x73, 0x20, 0x65, 0x78,
	0x61, 0x63, 0x74, 0x6c, 0x79, 0x20, 0x77, 0x68, 0x79, 0x20, 0x60, 0x6c,
	0x65, 0x74, 0x27, 0x20, 0x6f, 0x76, 0x65, 0x72, 0x20, 0x61, 0x20, 0x60,
	0x64, 0x65, 0x66, 0x76, 0x61, 0x72, 0x27, 0x64, 0x20, 0x6e, 0x61, 0x6d,
	0x65, 0x20, 0x77, 0x61, 0x73, 0x20, 0x6c, 0x65, 0x78, 0x69, 0x63, 0x61,
	0x6c, 0x20, 0x68, 0x65, 0x72, 0x65, 0x0a, 0x3b, 0x3b, 0x20, 0x75, 0x6e,
	0x74, 0x69, 0x6c, 0x20, 0x50, 0x68, 0x61, 0x73, 0x65, 0x20, 0x31, 0x31,
	0x20, 0x72, 0x6f, 0x75, 0x74, 0x65, 0x64, 0x20, 0x69, 0x74, 0x20, 0x6f,
	0x6e, 0x74, 0x6f, 0x20, 0x74, 0x68, 0x65, 0x20, 0x63, 0x6f, 0x72, 0x65,
	0x20, 0x66, 0x6f, 0x72, 0x6d, 0x2e, 0x20, 0x20, 0x53, 0x6f, 0x20, 0x65,
	0x61, 0x63, 0x68, 0x20, 0x63, 0x61, 0x70, 0x74, 0x75, 0x72, 0x61, 0x62,
	0x6c, 0x65, 0x0a, 0x3b, 0x3b, 0x20, 0x74, 0x65, 0x6d, 0x70, 0x6f, 0x72,
	0x61, 0x72, 0x79, 0x20, 0x62, 0x65, 0x6c, 0x6f, 0x77, 0x20, 0x69, 0x73,
	0x20, 0x62, 0x6f, 0x75, 0x6e, 0x64, 0x20, 0x62, 0x79, 0x20, 0x61, 0x6e,
	0x20, 0x69, 0x6d, 0x6d, 0x65, 0x64, 0x69, 0x61, 0x74, 0x65, 0x6c, 0x79,
	0x2d, 0x61, 0x70, 0x70, 0x6c, 0x69, 0x65, 0x64, 0x20, 0x6c, 0x61, 0x6d,
	0x62, 0x64, 0x61, 0x2c, 0x0a, 0x3b, 0x3b, 0x20, 0x60, 0x28, 0x28, 0x6c,
	0x61, 0x6d, 0x62, 0x64, 0x61, 0x20, 0x28, 0x4e, 0x41, 0x4d, 0x45, 0x29,
	0x20, 0x42, 0x4f, 0x44, 0x59, 0x29, 0x20, 0x49, 0x4e, 0x49, 0x54, 0x49,
	0x41, 0x4c, 0x29, 0x27, 0x20, 0x2d, 0x2d, 0x20, 0x74, 0x68, 0x65, 0x20,
	0x70, 0x72, 0x65, 0x2d, 0x50, 0x68, 0x61, 0x73, 0x65, 0x2d, 0x31, 0x31,
	0x20, 0x6c, 0x6f, 0x77, 0x65, 0x72, 0x69, 0x6e, 0x67, 0x20, 0x6f, 0x66,
	0x20, 0x60, 0x6c, 0x65, 0x74, 0x27, 0x2c, 0x0a, 0x3b, 0x3b, 0x20, 0x75,
	0x73, 0x65, 0x64, 0x20, 0x64, 0x65, 0x6c, 0x69, 0x62, 0x65, 0x72, 0x61,
	0x74, 0x65, 0x6c, 0x79, 0x20, 0x61, 0x6e, 0x64, 0x20, 0x6c, 0x6f, 0x63,
	0x61, 0x6c, 0x6c, 0x79, 0x20, 0x77, 0x68, 0x65, 0x72, 0x65, 0x20, 0x68,
	0x79, 0x67, 0x69, 0x65, 0x6e, 0x65, 0x20, 0x69, 0x73, 0x20, 0x74, 0x68,
	0x65, 0x20, 0x72, 0x65, 0x71, 0x75, 0x69, 0x72, 0x65, 0x6d, 0x65, 0x6e,
	0x74, 0x2e, 0x20, 0x20, 0x54, 0x68, 0x65, 0x0a, 0x3b, 0x3b, 0x20, 0x6e,
	0x61, 0x6d, 0x65, 0x20, 0x73, 0x74, 0x61, 0x79, 0x73, 0x20, 0x74, 0x68,
	0x65, 0x20, 0x72, 0x65, 0x61, 0x64, 0x61, 0x62, 0x6c, 0x65, 0x20, 0x6f,
	0x6e, 0x65, 0x2c, 0x20, 0x61, 0x6e, 0x64, 0x20, 0x6e, 0x6f, 0x20, 0x60,
	0x64, 0x65, 0x66, 0x76, 0x61, 0x72, 0x27, 0x20, 0x6f, 0x66, 0x20, 0x69,
	0x74, 0x20, 0x63, 0x61, 0x6e, 0x20, 0x72, 0x65, 0x61, 0x63, 0x68, 0x20,
	0x74, 0x68, 0x65, 0x0a, 0x3b, 0x3b, 0x20, 0x62, 0x69, 0x6e, 0x64, 0x69,
	0x6e, 0x67, 0x2e, 0x0a, 0x3b, 0x3b, 0x0a, 0x3b, 0x3b, 0x20, 0x47, 0x45,
	0x4e, 0x53, 0x59, 0x4d, 0x20, 0x57, 0x41, 0x53, 0x20, 0x49, 0x4d, 0x50,
	0x4c, 0x45, 0x4d, 0x45, 0x4e, 0x54, 0x45, 0x44, 0x20, 0x46, 0x49, 0x52,
	0x53, 0x54, 0x20, 0x41, 0x4e, 0x44, 0x20, 0x4d, 0x45, 0x41, 0x53, 0x55,
	0x52, 0x45, 0x44, 0x20, 0x4f, 0x55, 0x54, 0x2e, 0x20, 0x20, 0x41, 0x20,
	0x6d, 0x61, 0x63, 0x72, 0x6f, 0x20, 0x73, 0x75, 0x62, 0x73, 0x74, 0x69,
	0x74, 0x75, 0x74, 0x69, 0x6e, 0x67, 0x20, 0x61, 0x0a, 0x3b, 0x3b, 0x20,
	0x66, 0x72, 0x65, 0x73, 0x68, 0x20, 0x67, 0x65, 0x6e, 0x73, 0x79, 0x6d,
	0x20, 0x74, 0x68, 0x72, 0x6f, 0x75, 0x67, 0x68, 0x20, 0x65, 0x61, 0x63,
	0x68, 0x20, 0x6f, 0x66, 0x20, 0x74, 0x68, 0x65, 0x73, 0x65, 0x20, 0x66,
	0x6f, 0x75, 0x72, 0x74, 0x65, 0x65, 0x6e, 0x20, 0x62, 0x6f, 0x64, 0x69,
	0x65, 0x73, 0x20, 0x61, 0x74, 0x20, 0x6c, 0x6f, 0x61, 0x64, 0x20, 0x74,
	0x69, 0x6d, 0x65, 0x20, 0x77, 0x6f, 0x72, 0x6b, 0x73, 0x0a, 0x3b, 0x3b,
	0x20, 0x61, 0x6e, 0x64, 0x20, 0x72, 0x65, 0x61, 0x64, 0x73, 0x20, 0x77,
	0x65, 0x6c, 0x6c, 0x2c, 0x20, 0x62, 0x75, 0x74, 0x20, 0x6b, 0x67, 0x27,
	0x73, 0x20, 0x61, 0x72, 0x65, 0x6e, 0x61, 0x20, 0x69, 0x73, 0x20, 0x66,
	0x69, 0x78, 0x65, 0x64, 0x20, 0x61, 0x6e, 0x64, 0x20, 0x63, 0x6f, 0x6c,
	0x6c, 0x65, 0x63, 0x74, 0x73, 0x20, 0x6e, 0x6f, 0x74, 0x68, 0x69, 0x6e,
	0x67, 0x20, 0x64, 0x75, 0x72, 0x69, 0x6e, 0x67, 0x0a, 0x3b, 0x3b, 0x20,
	0x73, 0x74, 0x61, 0x72, 0x74, 0x75, 0x70, 0x2c, 0x20, 0x73, 0x6f, 0x20,
	0x74, 0x68, 0x65, 0x20, 0x73, 0x75, 0x62, 0x73, 0x74, 0x69, 0x74, 0x75,
	0x74, 0x69, 0x6f, 0x6e, 0x20, 0x77, 0x61, 0x6c, 0x6b, 0x27, 0x73, 0x20,
	0x6f, 0x77, 0x6e, 0x20, 0x63, 0x6f, 0x73, 0x74, 0x20, 0x69, 0x73, 0x20,
	0x70, 0x65, 0x72, 0x6d, 0x61, 0x6e, 0x65, 0x6e, 0x74, 0x20, 0x68, 0x69,
	0x67, 0x68, 0x2d, 0x77, 0x61, 0x74, 0x65, 0x72, 0x0a, 0x3b, 0x3b, 0x20,
	0x6d, 0x61, 0x72, 0x6b, 0x2e, 0x20, 0x20, 0x4d, 0x65, 0x61, 0x73, 0x75,
	0x72, 0x65, 0x64, 0x2c, 0x20, 0x61, 0x74, 0x20, 0x6b, 0x67, 0x62, 0x61,
	0x74, 0x63, 0x68, 0x27, 0x73, 0x20, 0x70, 0x6f, 0x73, 0x74, 0x2d, 0x70,
	0x72, 0x65, 0x6c, 0x75, 0x64, 0x65, 0x20, 0x70, 0x72, 0x6f, 0x62, 0x65,
	0x3a, 0x20, 0x31, 0x31, 0x32, 0x38, 0x31, 0x20, 0x2d, 0x3e, 0x20, 0x34,
	0x30, 0x31, 0x35, 0x33, 0x20, 0x6c, 0x69, 0x76, 0x65, 0x0a, 0x3b, 0x3b,
	0x20, 0x6f, 0x62, 0x6a, 0x65, 0x63, 0x74, 0x73, 0x20, 0x6f, 0x66, 0x20,
	0x35, 0x36, 0x32, 0x35, 0x39, 0x20, 0x28, 0x32, 0x30, 0x2e, 0x30, 0x25,
	0x20, 0x2d, 0x3e, 0x20, 0x37, 0x31, 0x2e, 0x34, 0x25, 0x29, 0x20, 0x77,
	0x69, 0x74, 0x68, 0x20, 0x61, 0x20, 0x63, 0x6f, 0x70, 0x79, 0x69, 0x6e,
	0x67, 0x20, 0x77, 0x61, 0x6c, 0x6b, 0x2c, 0x20, 0x61, 0x6e, 0x64, 0x0a,
	0x3b, 0x3b, 0x20, 0x31, 0x31, 0x32, 0x38, 0x31, 0x20, 0x2d, 0x3e, 0x20,
	0x32, 0x30, 0x39, 0x30, 0x36, 0x20, 0x28, 0x33, 0x37, 0x2e, 0x32, 0x25,
	0x29, 0x20, 0x77, 0x69, 0x74, 0x68, 0x20, 0x61, 0x20, 0x64, 0x65, 0x73,
	0x74, 0x72, 0x75, 0x63, 0x74, 0x69, 0x76, 0x65, 0x20, 0x6f, 0x6e, 0x65,
	0x20, 0x74, 0x68, 0x61, 0x74, 0x20, 0x61, 0x6c, 0x6c, 0x6f, 0x63, 0x61,
	0x74, 0x65, 0x73, 0x20, 0x6e, 0x6f, 0x74, 0x68, 0x69, 0x6e, 0x67, 0x0a,
	0x3b, 0x3b, 0x20, 0x69, 0x74, 0x73, 0x65, 0x6c, 0x66, 0x2e, 0x20, 0x20,
	0x54, 0x68, 0x61, 0x74, 0x20, 0x2b, 0x39, 0x36, 0x32, 0x35, 0x20, 0x63,
	0x61, 0x72, 0x72, 0x69, 0x65, 0x73, 0x20, 0x69, 0x6e, 0x74, 0x6f, 0x20,
	0x74, 0x65, 0x73, 0x74, 0x5f, 0x6c, 0x69, 0x73, 0x70, 0x2e, 0x63, 0x27,
	0x73, 0x20, 0x50, 0x68, 0x61, 0x73, 0x65, 0x20, 0x38, 0x20, 0x63, 0x65,
	0x6e, 0x73, 0x75, 0x73, 0x2c, 0x20, 0x77, 0x68, 0x6f, 0x73, 0x65, 0x0a,
	0x3b, 0x3b, 0x20, 0x6d, 0x61, 0x72, 0x67, 0x69, 0x6e, 0x20, 0x61, 0x73,
	0x73, 0x65, 0x72, 0x74, 0x69, 0x6f, 0x6e, 0x20, 0x69, 0x73, 0x20, 0x70,
	0x65, 0x61, 0x6b, 0x5f, 0x6c, 0x69, 0x76, 0x65, 0x20, 0x2a, 0x20, 0x33,
	0x20, 0x3c, 0x20, 0x74, 0x6f, 0x74, 0x61, 0x6c, 0x5f, 0x73, 0x6c, 0x6f,
	0x74, 0x73, 0x20, 0x61, 0x6e, 0x64, 0x20, 0x77, 0x68, 0x6f, 0x73, 0x65,
	0x20, 0x6d, 0x65, 0x61, 0x73, 0x75, 0x72, 0x65, 0x64, 0x0a, 0x3b, 0x3b,
	0x20, 0x66, 0x69, 0x67, 0x75, 0x72, 0x65, 0x20, 0x69, 0x73, 0x20, 0x31,
	0x34, 0x35, 0x37, 0x39, 0x2c, 0x20, 0x73, 0x6f, 0x20, 0x74, 0x68, 0x65,
	0x20, 0x64, 0x65, 0x73, 0x74, 0x72, 0x75, 0x63, 0x74, 0x69, 0x76, 0x65,
	0x20, 0x77, 0x61, 0x6c, 0x6b, 0x20, 0x61, 0x6c, 0x6f, 0x6e, 0x65, 0x20,
	0x70, 0x75, 0x74, 0x73, 0x20, 0x69, 0x74, 0x20, 0x70, 0x61, 0x73, 0x74,
	0x20, 0x61, 0x20, 0x74, 0x68, 0x69, 0x72, 0x64, 0x20, 0x6f, 0x66, 0x0a,
	0x3b, 0x3b, 0x20, 0x74, 0x68, 0x65, 0x20, 0x61, 0x72, 0x65, 0x6e, 0x61,
	0x2e, 0x20, 0x20, 0x54, 0x68, 0x65, 0x20, 0x63, 0x6f, 0x73, 0x74, 0x20,
	0x69, 0x73, 0x20, 0x66, 0x65, 0x27, 0x73, 0x20, 0x63, 0x61, 0x6c, 0x6c,
	0x20, 0x6f, 0x76, 0x65, 0x72, 0x68, 0x65, 0x61, 0x64, 0x2c, 0x20, 0x6e,
	0x6f, 0x74, 0x20, 0x74, 0x68, 0x65, 0x20, 0x63, 0x6f, 0x70, 0x79, 0x3a,
	0x20, 0x61, 0x62, 0x6f, 0x75, 0x74, 0x20, 0x6e, 0x69, 0x6e, 0x65, 0x0a,
	0x3b, 0x3b, 0x20, 0x6f, 0x62, 0x6a, 0x65, 0x63, 0x74, 0x20, 0x73, 0x6c,
	0x6f, 0x74, 0x73, 0x20, 0x70, 0x65, 0x72, 0x20, 0x63, 0x61, 0x6c, 0x6c,
	0x2c, 0x20, 0x6f, 0x6e, 0x65, 0x20, 0x63, 0x61, 0x6c, 0x6c, 0x20, 0x70,
	0x65, 0x72, 0x20, 0x63, 0x6f, 0x6e, 0x73, 0x20, 0x2d, 0x2d, 0x20, 0x6d,
	0x65, 0x61, 0x73, 0x75, 0x72, 0x65, 0x64, 0x20, 0x61, 0x74, 0x20, 0x35,
	0x39, 0x30, 0x20, 0x73, 0x6c, 0x6f, 0x74, 0x73, 0x20, 0x74, 0x6f, 0x0a,
	0x3b, 0x3b, 0x20, 0x73, 0x75, 0x62, 0x73, 0x74, 0x69, 0x74, 0x75, 0x74,
	0x65, 0x20, 0x6f, 0x6e, 0x65, 0x20, 0x6e, 0x61, 0x6d, 0x65, 0x20, 0x74,
	0x68, 0x72, 0x6f, 0x75, 0x67, 0x68, 0x20, 0x61, 0x20, 0x34, 0x35, 0x2d,
	0x63, 0x6f, 0x6e, 0x73, 0x20, 0x6c, 0x61, 0x6d, 0x62, 0x64, 0x61, 0x2e,
	0x20, 0x20, 0x54, 0x68, 0x65, 0x20, 0x6c, 0x61, 0x6d, 0x62, 0x64, 0x61,
	0x2d, 0x70, 0x61, 0x72, 0x61, 0x6d, 0x65, 0x74, 0x65, 0x72, 0x0a, 0x3b,
	0x3b, 0x20, 0x66, 0x6f, 0x72, 0x6d, 0x20, 0x67, 0x69, 0x76, 0x65, 0x73,
	0x20, 0x74, 0x68, 0x65, 0x20, 0x69, 0x64, 0x65, 0x6e, 0x74, 0x69, 0x63,
	0x61, 0x6c, 0x20, 0x70, 0x72, 0x6f, 0x70, 0x65, 0x72, 0x74, 0x79, 0x20,
	0x66, 0x6f, 0x72, 0x20, 0x6e, 0x6f, 0x74, 0x68, 0x69, 0x6e, 0x67, 0x2e,
	0x0a, 0x3b, 0x3b, 0x0a, 0x3b, 0x3b, 0x20, 0x4f, 0x4e, 0x4c, 0x59, 0x20,
	0x74, 0x68, 0x65, 0x20, 0x74, 0x65, 0x6d, 0x70, 0x6f, 0x72, 0x61, 0x72,
	0x69, 0x65, 0x73, 0x20, 0x74, 0x68, 0x61, 0x74, 0x20, 0x61, 0x72, 0x65,
	0x20, 0x6c, 0x69, 0x76, 0x65, 0x20, 0x77, 0x68, 0x69, 0x6c, 0x65, 0x20,
	0x75, 0x73, 0x65, 0x72, 0x20, 0x63, 0x6f, 0x64, 0x65, 0x20, 0x72, 0x75,
	0x6e, 0x73, 0x20, 0x61, 0x72, 0x65, 0x20, 0x73, 0x77, 0x65, 0x70, 0x74,
	0x2e, 0x20, 0x20, 0x54, 0x68, 0x65, 0x0a, 0x3b, 0x3b, 0x20, 0x72, 0x65,
	0x73, 0x74, 0x20, 0x2d, 0x2d, 0x20, 0x60, 0x72, 0x65, 0x76, 0x65, 0x72,
	0x73, 0x65, 0x27, 0x73, 0x20, 0x60, 0x72, 0x65, 0x73, 0x27, 0x2c, 0x20,
	0x60, 0x73, 0x70, 0x6c, 0x69, 0x74, 0x2d, 0x73, 0x74, 0x72, 0x69, 0x6e,
	0x67, 0x27, 0x73, 0x20, 0x60, 0x70, 0x61, 0x72, 0x74, 0x73, 0x27, 0x2c,
	0x20, 0x65, 0x76, 0x65, 0x72, 0x79, 0x0a, 0x3b, 0x3b, 0x20, 0x6d, 0x61,
	0x63, 0x72, 0x6f, 0x2d, 0x65, 0x78, 0x70, 0x61, 0x6e, 0x73, 0x69, 0x6f,
	0x6e, 0x20, 0x74, 0x65, 0x6d, 0x70, 0x6f, 0x72, 0x61, 0x72, 0x79, 0x2c,
	0x20, 0x77, 0x68, 0x69, 0x63, 0x68, 0x20, 0x69, 0x73, 0x20, 0x6d, 0x6f,
	0x73, 0x74, 0x20, 0x6f, 0x66, 0x20, 0x74, 0x68, 0x65, 0x6d, 0x20, 0x2d,
	0x2d, 0x20, 0x62, 0x69, 0x6e, 0x64, 0x20, 0x61, 0x6e, 0x64, 0x20, 0x75,
	0x6e, 0x62, 0x69, 0x6e, 0x64, 0x0a, 0x3b, 0x3b, 0x20, 0x77, 0x69, 0x74,
	0x68, 0x20, 0x6e, 0x6f, 0x20, 0x63, 0x61, 0x6c, 0x6c, 0x62, 0x61, 0x63,
	0x6b, 0x20, 0x69, 0x6e, 0x20, 0x62, 0x65, 0x74, 0x77, 0x65, 0x65, 0x6e,
	0x2c, 0x20, 0x73, 0x6f, 0x20, 0x6e, 0x6f, 0x74, 0x68, 0x69, 0x6e, 0x67,
	0x20, 0x63, 0x61, 0x6e, 0x20, 0x6f, 0x62, 0x73, 0x65, 0x72, 0x76, 0x65,
	0x20, 0x74, 0x68, 0x65, 0x6d, 0x2e, 0x20, 0x20, 0x64, 0x6f, 0x63, 0x2f,
	0x54, 0x4f, 0x44, 0x4f, 0x2e, 0x6d, 0x64, 0x0a, 0x3b, 0x3b, 0x20, 0x63,
	0x61, 0x72, 0x72, 0x69, 0x65, 0x73, 0x20, 0x74, 0x68, 0x65, 0x20, 0x63,
	0x65, 0x6e, 0x73, 0x75, 0x73, 0x20, 0x61, 0x6e, 0x64, 0x20, 0x74, 0x68,
	0x65, 0x20, 0x63, 0x6c, 0x61, 0x73, 0x73, 0x69, 0x66, 0x69, 0x63, 0x61,
	0x74, 0x69, 0x6f, 0x6e, 0x2e, 0x0a, 0x3b, 0x3b, 0x20, 0x2d, 0x2d, 0x2d,
	0x20, 0x6c, 0x69, 0x73, 0x74, 0x20, 0x6c, 0x69, 0x62, 0x72, 0x61, 0x72,
	0x79, 0x2c, 0x20, 0x61, 0x6c, 0x6c, 0x20, 0x69, 0x74, 0x65, 0x72, 0x61,
	0x74, 0x69, 0x76, 0x65, 0x20, 0x2d, 0x2d, 0x2d, 0x0a, 0x28, 0x64, 0x65,
	0x66, 0x61, 0x6c, 0x69, 0x61, 0x73, 0x20, 0x27, 0x69, 0x6e, 0x74, 0x65,
	0x72, 0x6e, 0x61, 0x6c, 0x2d, 0x2d, 0x61, 0x70, 0x70, 0x65, 0x6e, 0x64,
	0x32, 0x20, 0x28, 0x6c, 0x61, 0x6d, 0x62, 0x64, 0x61, 0x20, 0x28, 0x61,
	0x20, 0x62, 0x29, 0x0a, 0x20, 0x20, 0x28, 0x69, 0x6e, 0x74, 0x65, 0x72,
	0x6e, 0x61, 0x6c, 0x2d, 0x2d, 0x6c, 0x65, 0x74, 0x20, 0x72, 0x65, 0x73,
	0x20, 0x62, 0x29, 0x0a, 0x20, 0x20, 0x28, 0x69, 0x6e, 0x74, 0x65, 0x72,
	0x6e, 0x61, 0x6c, 0x2d, 0x2d, 0x6c, 0x65, 0x74, 0x20, 0x72, 0x20, 0x28,
	0x72, 0x65, 0x76, 0x65, 0x72, 0x73, 0x65, 0x20, 0x61, 0x29, 0x29, 0x0a,
	0x20, 0x20, 0x28, 0x77, 0x68, 0x69, 0x6c, 0x65, 0x20, 0x72, 0x0a, 0x20,
	0x20, 0x20, 0x20, 0x28, 0x73, 0x65, 0x74, 0x71, 0x20, 0x72, 0x65, 0x73,
	0x20, 0x28, 0x63, 0x6f, 0x6e, 0x73, 0x20, 0x28, 0x63, 0x61, 0x72, 0x20,
	0x72, 0x29, 0x20, 0x72, 0x65, 0x73, 0x29, 0x29, 0x0a, 0x20, 0x20, 0x20,
	0x20, 0x28, 0x73, 0x65, 0x74, 0x71, 0x20, 0x72, 0x20, 0x28, 0x63, 0x64,
	0x72, 0x20, 0x72, 0x29, 0x29, 0x29, 0x0a, 0x20, 0x20, 0x72, 0x65, 0x73,
	0x29, 0x29, 0x0a, 0x28, 0x64, 0x65, 0x66, 0x61, 0x6c, 0x69, 0x61, 0x73,
	0x20, 0x27, 0x61, 0x70, 0x70, 0x65, 0x6e, 0x64, 0x20, 0x28, 0x6c, 0x61,
	0x6d, 0x62, 0x64, 0x61, 0x20, 0x6c, 0x69, 0x73, 0x74, 0x73, 0x0a, 0x20,
	0x20, 0x28, 0x69, 0x6e, 0x74, 0x65, 0x72, 0x6e, 0x61, 0x6c, 0x2d, 0x2d,
	0x6c, 0x65, 0x74, 0x20, 0x72, 0x20, 0x28, 0x72, 0x65, 0x76, 0x65, 0x72,
	0x73, 0x65, 0x20, 0x6c, 0x69, 0x73, 0x74, 0x73, 0x29, 0x29, 0x0a, 0x20,
	0x20, 0x28, 0x69, 0x6e, 0x74, 0x65, 0x72, 0x6e, 0x61, 0x6c, 0x2d, 0x2d,
	0x6c, 0x65, 0x74, 0x20, 0x72, 0x65, 0x73, 0x20, 0x28, 0x63, 0x61, 0x72,
	0x20, 0x72, 0x29, 0x29, 0x0a, 0x20, 0x20, 0x28, 0x73, 0x65, 0x74, 0x71,
	0x20, 0x72, 0x20, 0x28, 0x63, 0x64, 0x72, 0x20, 0x72, 0x29, 0x29, 0x0a,
	0x20, 0x20, 0x28, 0x77, 0x68, 0x69, 0x6c, 0x65, 0x20, 0x72, 0x0a, 0x20,
	0x20, 0x20, 0x20, 0x28, 0x73, 0x65, 0x74, 0x71, 0x20, 0x72, 0x65, 0x73,
	0x20, 0x28, 0x69, 0x6e, 0x74, 0x65, 0x72, 0x6e, 0x61, 0x6c, 0x2d, 0x2d,
	0x61, 0x70, 0x70, 0x65, 0x6e, 0x64, 0x32, 0x20, 0x28, 0x63, 0x61, 0x72,
	0x20, 0x72, 0x29, 0x20, 0x72, 0x65, 0x73, 0x29, 0x29, 0x0a, 0x20, 0x20,
	0x20, 0x20, 0x28, 0x73, 0x65, 0x74, 0x71, 0x20, 0x72, 0x20, 0x28, 0x63,
	0x64, 0x72, 0x20, 0x72, 0x29, 0x29, 0x29, 0x0a, 0x20, 0x20, 0x72, 0x65,
	0x73, 0x29, 0x29, 0x0a, 0x3b, 0x3b, 0x20, 0x45, 0x6d, 0x61, 0x63, 0x73,
	0x27, 0x20, 0x60, 0x6c, 0x65, 0x6e, 0x67, 0x74, 0x68, 0x27, 0x20, 0x69,
	0x73, 0x20, 0x67, 0x65, 0x6e, 0x65, 0x72, 0x69, 0x63, 0x20, 0x6f, 0x76,
	0x65, 0x72, 0x20, 0x73, 0x65, 0x71, 0x75, 0x65, 0x6e, 0x63, 0x65, 0x73,
	0x20, 0x61, 0x6e, 0x64, 0x20, 0x61, 0x6e, 0x73, 0x77, 0x65, 0x72, 0x73,
	0x0a, 0x3b, 0x3b, 0x20, 0x28, 0x77, 0x72, 0x6f, 0x6e, 0x67, 0x2d, 0x74,
	0x79, 0x70, 0x65, 0x2d, 0x61, 0x72, 0x67, 0x75, 0x6d, 0x65, 0x6e, 0x74,
	0x20, 0x73, 0x65, 0x71, 0x75, 0x65, 0x6e, 0x63, 0x65, 0x70, 0x20, 0x58,
	0x29, 0x20, 0x66, 0x6f, 0x72, 0x20, 0x61, 0x6e, 0x79, 0x74, 0x68, 0x69,
	0x6e, 0x67, 0x20, 0x74, 0x68, 0x61, 0x74, 0x20, 0x69, 0x73, 0x20, 0x6e,
	0x6f, 0x74, 0x20, 0x6f, 0x6e, 0x65, 0x20, 0x2d, 0x2d, 0x20, 0x6e, 0x6f,
	0x74, 0x0a, 0x3b, 0x3b, 0x20, 0x60, 0x6c, 0x69, 0x73, 0x74, 0x70, 0x27,
	0x2c, 0x20, 0x77, 0x68, 0x69, 0x63, 0x68, 0x20, 0x69, 0x73, 0x20, 0x77,
	0x68, 0x61, 0x74, 0x20, 0x74, 0x68, 0x65, 0x20, 0x62, 0x61, 0x72, 0x65,
	0x20, 0x60, 0x77, 0x68, 0x69, 0x6c, 0x65, 0x27, 0x20, 0x62, 0x65, 0x6c,
	0x6f, 0x77, 0x20, 0x72, 0x65, 0x70, 0x6f, 0x72, 0x74, 0x65, 0x64, 0x20,
	0x66, 0x6f, 0x72, 0x20, 0x28, 0x6c, 0x65, 0x6e, 0x67, 0x74, 0x68, 0x20,
	0x35, 0x29, 0x0a, 0x3b, 0x3b, 0x20, 0x62, 0x79, 0x20, 0x66, 0x61, 0x6c,
	0x6c, 0x69, 0x6e, 0x67, 0x20, 0x69, 0x6e, 0x74, 0x6f, 0x20, 0x28, 0x63,
	0x64, 0x72, 0x20, 0x35, 0x29, 0x2e, 0x20, 0x20, 0x41, 0x20, 0x64, 0x6f,
	0x74, 0x74, 0x65, 0x64, 0x20, 0x70, 0x61, 0x69, 0x72, 0x20, 0x73, 0x74,
	0x69, 0x6c, 0x6c, 0x20, 0x73, 0x61, 0x79, 0x73, 0x20, 0x6c, 0x69, 0x73,
	0x74, 0x70, 0x2c, 0x20, 0x66, 0x72, 0x6f, 0x6d, 0x20, 0x74, 0x68, 0x65,
	0x20, 0x73, 0x61, 0x6d, 0x65, 0x0a, 0x3b, 0x3b, 0x20, 0x77, 0x61, 0x6c,
	0x6b, 0x20, 0x61, 0x6e, 0x64, 0x20, 0x61, 0x62, 0x6f, 0x75, 0x74, 0x20,
	0x74, 0x68, 0x65, 0x20, 0x6f, 0x66, 0x66, 0x65, 0x6e, 0x64, 0x69, 0x6e,
	0x67, 0x20, 0x54, 0x41, 0x49, 0x4c, 0x2c, 0x20, 0x77, 0x68, 0x69, 0x63,
	0x68, 0x20, 0x69, 0x73, 0x20, 0x45, 0x6d, 0x61, 0x63, 0x73, 0x27, 0x20,
	0x61, 0x6e, 0x73, 0x77, 0x65, 0x72, 0x20, 0x74, 0x6f, 0x6f, 0x3a, 0x0a,
	0x3b, 0x3b, 0x20, 0x28, 0x6c, 0x65, 0x6e, 0x67, 0x74, 0x68, 0x20, 0x27,
	0x28, 0x31, 0x20, 0x2e, 0x20, 0x32, 0x29, 0x29, 0x20, 0x69, 0x73, 0x20,
	0x28, 0x77, 0x72, 0x6f, 0x6e, 0x67, 0x2d, 0x74, 0x79, 0x70, 0x65, 0x2d,
	0x61, 0x72, 0x67, 0x75, 0x6d, 0x65, 0x6e, 0x74, 0x20, 0x6c, 0x69, 0x73,
	0x74, 0x70, 0x20, 0x32, 0x29, 0x20, 0x6f, 0x6e, 0x20, 0x62, 0x6f, 0x74,
	0x68, 0x20, 0x73, 0x69, 0x64, 0x65, 0x73, 0x2e, 0x0a, 0x28, 0x64, 0x65,
	0x66, 0x61, 0x6c, 0x69, 0x61, 0x73, 0x20, 0x27, 0x6c, 0x65, 0x6e, 0x67,
	0x74, 0x68, 0x20, 0x28, 0x6c, 0x61, 0x6d, 0x62, 0x64, 0x61, 0x20, 0x28,
	0x78, 0x29, 0x0a, 0x20, 0x20, 0x28, 0x69, 0x66, 0x20, 0x28, 0x73, 0x74,
	0x72, 0x69, 0x6e, 0x67, 0x70, 0x20, 0x78, 0x29, 0x0a, 0x20, 0x20, 0x20,
	0x20, 0x20, 0x20, 0x28, 0x73, 0x74, 0x72, 0x69, 0x6e, 0x67, 0x2d, 0x6c,
	0x65, 0x6e, 0x67, 0x74, 0x68, 0x20, 0x78, 0x29, 0x0a, 0x20, 0x20, 0x20,
	0x20, 0x28, 0x69, 0x66, 0x20, 0x28, 0x6e, 0x6f, 0x74, 0x20, 0x28, 0x6c,
	0x69, 0x73, 0x74, 0x70, 0x20, 0x78, 0x29, 0x29, 0x0a, 0x20, 0x20, 0x20,
	0x20, 0x20, 0x20, 0x20, 0x20, 0x28, 0x73, 0x69, 0x67, 0x6e, 0x61, 0x6c,
	0x20, 0x27, 0x77, 0x72, 0x6f, 0x6e, 0x67, 0x2d, 0x74, 0x79, 0x70, 0x65,
	0x2d, 0x61, 0x72, 0x67, 0x75, 0x6d, 0x65, 0x6e, 0x74, 0x20, 0x28, 0x6c,
	0x69, 0x73, 0x74, 0x20, 0x27, 0x73, 0x65, 0x71, 0x75, 0x65, 0x6e, 0x63,
	0x65, 0x70, 0x20, 0x78, 0x29, 0x29, 0x29, 0x0a, 0x20, 0x20, 0x20, 0x20,
	0x28, 0x69, 0x6e, 0x74, 0x65, 0x72, 0x6e, 0x61, 0x6c, 0x2d, 0x2d, 0x6c,
	0x65, 0x74, 0x20, 0x6e, 0x20, 0x30, 0x29, 0x0a, 0x20, 0x20, 0x20, 0x20,
	0x28, 0x77, 0x68, 0x69, 0x6c, 0x65, 0x20, 0x78, 0x0a, 0x20, 0x20, 0x20,
	0x20, 0x20, 0x20, 0x28, 0x73, 0x65, 0x74, 0x71, 0x20, 0x6e, 0x20, 0x28,
	0x2b, 0x20, 0x6e, 0x20, 0x31, 0x29, 0x29, 0x0a, 0x20, 0x20, 0x20, 0x20,
	0x20, 0x20, 0x28, 0x73, 0x65, 0x74, 0x71, 0x20, 0x78, 0x20, 0x28, 0x63,
	0x64, 0x72, 0x20, 0x78, 0x29, 0x29, 0x29, 0x0a, 0x20, 0x20, 0x20, 0x20,
	0x6e, 0x29, 0x29, 0x29, 0x0a, 0x28, 0x64, 0x65, 0x66, 0x61, 0x6c, 0x69,
	0x61, 0x73, 0x20, 0x27, 0x6e, 0x74, 0x68, 0x63, 0x64, 0x72, 0x20, 0x28,
	0x6c, 0x61, 0x6d, 0x62, 0x64, 0x61, 0x20, 0x28, 0x6e, 0x20, 0x6c, 0x73,
	0x74, 0x29, 0x0a, 0x20, 0x20, 0x28, 0x77, 0x68, 0x69, 0x6c, 0x65, 0x20,
	0x28, 0x61, 0x6e, 0x64, 0x20, 0x28, 0x3c, 0x20, 0x30, 0x20, 0x6e, 0x29,
	0x20, 0x6c, 0x73, 0x74, 0x29, 0x0a, 0x20, 0x20, 0x20, 0x20, 0x28, 0x73,
	0x65, 0x74, 0x71, 0x20, 0x6e, 0x20, 0x28, 0x2d, 0x20, 0x6e, 0x20, 0x31,
	0x29, 0x29, 0x0a, 0x20, 0x20, 0x20, 0x20, 0x28, 0x73, 0x65, 0x74, 0x71,
	0x20, 0x6c, 0x73, 0x74, 0x20, 0x28, 0x63, 0x64, 0x72, 0x20, 0x6c, 0x73,
	0x74, 0x29, 0x29, 0x29, 0x0a, 0x20, 0x20, 0x6c, 0x73, 0x74, 0x29, 0x29,
	0x0a, 0x28, 0x64, 0x65, 0x66, 0x61, 0x6c, 0x69, 0x61, 0x73, 0x20, 0x27,
	0x6e, 0x74, 0x68, 0x20, 0x28, 0x6c, 0x61, 0x6d, 0x62, 0x64, 0x61, 0x20,
	0x28, 0x6e, 0x20, 0x6c, 0x73, 0x74, 0x29, 0x20, 0x28, 0x63, 0x61, 0x72,
	0x20, 0x28, 0x6e, 0x74, 0x68, 0x63, 0x64, 0x72, 0x20, 0x6e, 0x20, 0x6c,
	0x73, 0x74, 0x29, 0x29, 0x29, 0x29, 0x0a, 0x28, 0x64, 0x65, 0x66, 0x61,
	0x6c, 0x69, 0x61, 0x73, 0x20, 0x27, 0x6c, 0x61, 0x73, 0x74, 0x20, 0x28,
	0x6c, 0x61, 0x6d, 0x62, 0x64, 0x61, 0x20, 0x28, 0x6c, 0x73, 0x74, 0x29,
	0x0a, 0x20, 0x20, 0x28, 0x77, 0x68, 0x69, 0x6c, 0x65, 0x20, 0x28, 0x63,
	0x64, 0x72, 0x20, 0x6c, 0x73, 0x74, 0x29, 0x20, 0x28, 0x73, 0x65, 0x74,
	0x71, 0x20, 0x6c, 0x73, 0x74, 0x20, 0x28, 0x63, 0x64, 0x72, 0x20, 0x6c,
	0x73, 0x74, 0x29, 0x29, 0x29, 0x0a, 0x20, 0x20, 0x6c, 0x73, 0x74, 0x29,
	0x29, 0x0a, 0x3b, 0x3b, 0x20, 0x53, 0x74, 0x72, 0x75, 0x63, 0x74, 0x75,
	0x72, 0x61, 0x6c, 0x20, 0x6f, 0x6e, 0x20, 0x6c, 0x69, 0x73, 0x74, 0x73,
	0x2c, 0x20, 0x74, 0x68, 0x65, 0x6e, 0x20, 0x45, 0x6d, 0x61, 0x63, 0x73,
	0x27, 0x20, 0x61, 0x74, 0x6f, 0x6d, 0x20, 0x72, 0x75, 0x6c, 0x65, 0x3a,
	0x20, 0x73, 0x74, 0x72, 0x69, 0x6e, 0x67, 0x73, 0x20, 0x63, 0x6f, 0x6d,
	0x70, 0x61, 0x72, 0x65, 0x20, 0x62, 0x79, 0x0a, 0x3b, 0x3b, 0x20, 0x63,
	0x6f, 0x6e, 0x74, 0x65, 0x6e, 0x74, 0x2c, 0x20, 0x6e, 0x75, 0x6d, 0x62,
	0x65, 0x72, 0x73, 0x20, 0x62, 0x79, 0x20, 0x65, 0x71, 0x6c, 0x2c, 0x20,
	0x65, 0x76, 0x65, 0x72, 0x79, 0x74, 0x68, 0x69, 0x6e, 0x67, 0x20, 0x65,
	0x6c, 0x73, 0x65, 0x20, 0x62, 0x79, 0x20, 0x69, 0x64, 0x65, 0x6e, 0x74,
	0x69, 0x74, 0x79, 0x2e, 0x20, 0x20, 0x4f, 0x6e, 0x6c, 0x79, 0x20, 0x74,
	0x68, 0x65, 0x20, 0x63, 0x61, 0x72, 0x0a, 0x3b, 0x3b, 0x20, 0x64, 0x65,
	0x73, 0x63, 0x65, 0x6e, 0x64, 0x73, 0x2c, 0x20, 0x73, 0x6f, 0x20, 0x74,
	0x68, 0x65, 0x20, 0x73, 0x70, 0x69, 0x6e, 0x65, 0x20, 0x63, 0x6f, 0x73,
	0x74, 0x20, 0x69, 0x73, 0x20, 0x61, 0x20, 0x6c, 0x6f, 0x6f, 0x70, 0x2c,
	0x20, 0x6e, 0x6f, 0x74, 0x20, 0x61, 0x20, 0x66, 0x72, 0x61, 0x6d, 0x65,
	0x2e, 0x0a, 0x28, 0x64, 0x65, 0x66, 0x61, 0x6c, 0x69, 0x61, 0x73, 0x20,
	0x27, 0x65, 0x71, 0x75, 0x61, 0x6c, 0x20, 0x28, 0x6c, 0x61, 0x6d, 0x62,
	0x64, 0x61, 0x20, 0x28, 0x61, 0x20, 0x62, 0x29, 0x0a, 0x20, 0x20, 0x28,
	0x69, 0x6e, 0x74, 0x65, 0x72, 0x6e, 0x61, 0x6c, 0x2d, 0x2d, 0x6c, 0x65,
	0x74, 0x20, 0x73, 0x61, 0x6d, 0x65, 0x20, 0x74, 0x29, 0x0a, 0x20, 0x20,
	0x28, 0x77, 0x68, 0x69, 0x6c, 0x65, 0x20, 0x28, 0x61, 0x6e, 0x64, 0x20,
	0x73, 0x61, 0x6d, 0x65, 0x20, 0x28, 0x63, 0x6f, 0x6e, 0x73, 0x70, 0x20,
	0x61, 0x29, 0x20, 0x28, 0x63, 0x6f, 0x6e, 0x73, 0x70, 0x20, 0x62, 0x29,
	0x29, 0x0a, 0x20, 0x20, 0x20, 0x20, 0x28, 0x69, 0x66, 0x20, 0x28, 0x65,
	0x71, 0x75, 0x61, 0x6c, 0x20, 0x28, 0x63, 0x61, 0x72, 0x20, 0x61, 0x29,
	0x20, 0x28, 0x63, 0x61, 0x72, 0x20, 0x62, 0x29, 0x29, 0x20, 0x6e, 0x69,
	0x6c, 0x20, 0x28, 0x73, 0x65, 0x74, 0x71, 0x20, 0x73, 0x61, 0x6d, 0x65,
	0x20, 0x6e, 0x69, 0x6c, 0x29, 0x29, 0x0a, 0x20, 0x20, 0x20, 0x20, 0x28,
	0x73, 0x65, 0x74, 0x71, 0x20, 0x61, 0x20, 0x28, 0x63, 0x64, 0x72, 0x20,
	0x61, 0x29, 0x29, 0x0a, 0x20, 0x20, 0x20, 0x20, 0x28, 0x73, 0x65, 0x74,
	0x71, 0x20, 0x62, 0x20, 0x28, 0x63, 0x64, 0x72, 0x20, 0x62, 0x29, 0x29,
	0x29, 0x0a, 0x20, 0x20, 0x28, 0x61, 0x6e, 0x64, 0x20, 0x73, 0x61, 0x6d,
	0x65, 0x20, 0x28, 0x6e, 0x6f, 0x74, 0x20, 0x28, 0x63, 0x6f, 0x6e, 0x73,
	0x70, 0x20, 0x61, 0x29, 0x29, 0x20, 0x28, 0x6e, 0x6f, 0x74, 0x20, 0x28,
	0x63, 0x6f, 0x6e, 0x73, 0x70, 0x20, 0x62, 0x29, 0x29, 0x0a, 0x20, 0x20,
	0x20, 0x20, 0x28, 0x69, 0x66, 0x20, 0x28, 0x61, 0x6e, 0x64, 0x20, 0x28,
	0x73, 0x74, 0x72, 0x69, 0x6e, 0x67, 0x70, 0x20, 0x61, 0x29, 0x20, 0x28,
	0x73, 0x74, 0x72, 0x69, 0x6e, 0x67, 0x70, 0x20, 0x62, 0x29, 0x29, 0x0a,
	0x20, 0x20, 0x20, 0x20, 0x20, 0x20, 0x20, 0x20, 0x28, 0x73, 0x74, 0x72,
	0x69, 0x6e, 0x67, 0x3d, 0x20, 0x61, 0x20, 0x62, 0x29, 0x0a, 0x20, 0x20,
	0x20, 0x20, 0x20, 0x20, 0x28, 0x69, 0x66, 0x20, 0x28, 0x61, 0x6e, 0x64,
	0x20, 0x28, 0x6e, 0x75, 0x6d, 0x62, 0x65, 0x72, 0x70, 0x20, 0x61, 0x29,
	0x20, 0x28, 0x6e, 0x75, 0x6d, 0x62, 0x65, 0x72, 0x70, 0x20, 0x62, 0x29,
	0x29, 0x0a, 0x20, 0x20, 0x20, 0x20, 0x20, 0x20, 0x20, 0x20, 0x20, 0x20,
	0x28, 0x65, 0x71, 0x6c, 0x20, 0x61, 0x20, 0x62, 0x29, 0x0a, 0x20, 0x20,
	0x20, 0x20, 0x20, 0x20, 0x20, 0x20, 0x28, 0x65, 0x71, 0x20, 0x61, 0x20,
	0x62, 0x29, 0x29, 0x29, 0x29, 0x29, 0x29, 0x0a, 0x28, 0x64, 0x65, 0x66,
	0x61, 0x6c, 0x69, 0x61, 0x73, 0x20, 0x27, 0x7a, 0x65, 0x72, 0x6f, 0x70,
	0x20, 0x28, 0x6c, 0x61, 0x6d, 0x62, 0x64, 0x61, 0x20, 0x28, 0x6e, 0x29,
	0x20, 0x28, 0x3d, 0x20, 0x6e, 0x20, 0x30, 0x29, 0x29, 0x29, 0x0a, 0x28,
	0x64, 0x65, 0x66, 0x61, 0x6c, 0x69, 0x61, 0x73, 0x20, 0x27, 0x6d, 0x61,
	0x70, 0x63, 0x61, 0x72, 0x20, 0x28, 0x6c, 0x61, 0x6d, 0x62, 0x64, 0x61,
	0x20, 0x28, 0x66, 0x20, 0x6c, 0x73, 0x74, 0x29, 0x0a, 0x20, 0x20, 0x28,
	0x28, 0x6c, 0x61, 0x6d, 0x62, 0x64, 0x61, 0x20, 0x28, 0x72, 0x65, 0x73,
	0x29, 0x0a, 0x20, 0x20, 0x20, 0x20, 0x20, 0x28, 0x77, 0x68, 0x69, 0x6c,
	0x65, 0x20, 0x6c, 0x73, 0x74, 0x0a, 0x20, 0x20, 0x20, 0x20, 0x20, 0x20,
	0x20, 0x28, 0x73, 0x65, 0x74, 0x71, 0x20, 0x72, 0x65, 0x73, 0x20, 0x28,
	0x63, 0x6f, 0x6e, 0x73, 0x20, 0x28, 0x66, 0x75, 0x6e, 0x63, 0x61, 0x6c,
	0x6c, 0x20, 0x66, 0x20, 0x28, 0x63, 0x61, 0x72, 0x20, 0x6c, 0x73, 0x74,
	0x29, 0x29, 0x20, 0x72, 0x65, 0x73, 0x29, 0x29, 0x0a, 0x20, 0x20, 0x20,
	0x20, 0x20, 0x20, 0x20, 0x28, 0x73, 0x65, 0x74, 0x71, 0x20, 0x6c, 0x73,
	0x74, 0x20, 0x28, 0x63, 0x64, 0x72, 0x20, 0x6c, 0x73, 0x74, 0x29, 0x29,
	0x29, 0x0a, 0x20, 0x20, 0x20, 0x20, 0x20, 0x28, 0x72, 0x65, 0x76, 0x65,
	0x72, 0x73, 0x65, 0x20, 0x72, 0x65, 0x73, 0x29, 0x29, 0x0a, 0x20, 0x20,
	0x20, 0x6e, 0x69, 0x6c, 0x29, 0x29, 0x29, 0x0a, 0x28, 0x64, 0x65, 0x66,
	0x61, 0x6c, 0x69, 0x61, 0x73, 0x20, 0x27, 0x6d, 0x65, 0x6d, 0x62, 0x65,
	0x72, 0x20, 0x28, 0x6c, 0x61, 0x6d, 0x62, 0x64, 0x61, 0x20, 0x28, 0x65,
	0x6c, 0x74, 0x20, 0x6c, 0x73, 0x74, 0x29, 0x0a, 0x20, 0x20, 0x28, 0x77,
	0x68, 0x69, 0x6c, 0x65, 0x20, 0x28, 0x61, 0x6e, 0x64, 0x20, 0x6c, 0x73,
	0x74, 0x20, 0x28, 0x6e, 0x6f, 0x74, 0x20, 0x28, 0x65, 0x71, 0x75, 0x61,
	0x6c, 0x20, 0x65, 0x6c, 0x74, 0x20, 0x28, 0x63, 0x61, 0x72, 0x20, 0x6c,
	0x73, 0x74, 0x29, 0x29, 0x29, 0x29, 0x0a, 0x20, 0x20, 0x20, 0x20, 0x28,
	0x73, 0x65, 0x74, 0x71, 0x20, 0x6c, 0x73, 0x74, 0x20, 0x28, 0x63, 0x64,
	0x72, 0x20, 0x6c, 0x73, 0x74, 0x29, 0x29, 0x29, 0x0a, 0x20, 0x20, 0x6c,
	0x73, 0x74, 0x29, 0x29, 0x0a, 0x28, 0x64, 0x65, 0x66, 0x61, 0x6c, 0x69,
	0x61, 0x73, 0x20, 0x27, 0x6d, 0x65, 0x6d, 0x71, 0x20, 0x28, 0x6c, 0x61,
	0x6d, 0x62, 0x64, 0x61, 0x20, 0x28, 0x65, 0x6c, 0x74, 0x20, 0x6c, 0x73,
	0x74, 0x29, 0x0a, 0x20, 0x20, 0x28, 0x77, 0x68, 0x69, 0x6c, 0x65, 0x20,
	0x28, 0x61, 0x6e, 0x64, 0x20, 0x6c, 0x73, 0x74, 0x20, 0x28, 0x6e, 0x6f,
	0x74, 0x20, 0x28, 0x65, 0x71, 0x20, 0x65, 0x6c, 0x74, 0x20, 0x28, 0x63,
	0x61, 0x72, 0x20, 0x6c, 0x73, 0x74, 0x29, 0x29, 0x29, 0x29, 0x0a, 0x20,
	0x20, 0x20, 0x20, 0x28, 0x73, 0x65, 0x74, 0x71, 0x20, 0x6c, 0x73, 0x74,
	0x20, 0x28, 0x63, 0x64, 0x72, 0x20, 0x6c, 0x73, 0x74, 0x29, 0x29, 0x29,
	0x0a, 0x20, 0x20, 0x6c, 0x73, 0x74, 0x29, 0x29, 0x0a, 0x28, 0x64, 0x65,
	0x66, 0x61, 0x6c, 0x69, 0x61, 0x73, 0x20, 0x27, 0x61, 0x73, 0x73, 0x6f,
	0x63, 0x20, 0x28, 0x6c, 0x61, 0x6d, 0x62, 0x64, 0x61, 0x20, 0x28, 0x6b,
	0x65, 0x79, 0x20, 0x61, 0x6c, 0x69, 0x73, 0x74, 0x29, 0x0a, 0x20, 0x20,
	0x28, 0x69, 0x6e, 0x74, 0x65, 0x72, 0x6e, 0x61, 0x6c, 0x2d, 0x2d, 0x6c,
	0x65, 0x74, 0x20, 0x68, 0x69, 0x74, 0x20, 0x6e, 0x69, 0x6c, 0x29, 0x0a,
	0x20, 0x20, 0x28, 0x77, 0x68, 0x69, 0x6c, 0x65, 0x20, 0x28, 0x61, 0x6e,
	0x64, 0x20, 0x61, 0x6c, 0x69, 0x73, 0x74, 0x20, 0x28, 0x6e, 0x75, 0x6c,
	0x6c, 0x20, 0x68, 0x69, 0x74, 0x29, 0x29, 0x0a, 0x20, 0x20, 0x20, 0x20,
	0x28, 0x69, 0x66, 0x20, 0x28, 0x65, 0x71, 0x75, 0x61, 0x6c, 0x20, 0x6b,
	0x65, 0x79, 0x20, 0x28, 0x63, 0x61, 0x72, 0x20, 0x28, 0x63, 0x61, 0x72,
	0x20, 0x61, 0x6c, 0x69, 0x73, 0x74, 0x29, 0x29, 0x29, 0x20, 0x28, 0x73,
	0x65, 0x74, 0x71, 0x20, 0x68, 0x69, 0x74, 0x20, 0x28, 0x63, 0x61, 0x72,
	0x20, 0x61, 0x6c, 0x69, 0x73, 0x74, 0x29, 0x29, 0x29, 0x0a, 0x20, 0x20,
	0x20, 0x20, 0x28, 0x73, 0x65, 0x74, 0x71, 0x20, 0x61, 0x6c, 0x69, 0x73,
	0x74, 0x20, 0x28, 0x63, 0x64, 0x72, 0x20, 0x61, 0x6c, 0x69, 0x73, 0x74,
	0x29, 0x29, 0x29, 0x0a, 0x20, 0x20, 0x68, 0x69, 0x74, 0x29, 0x29, 0x0a,
	0x28, 0x64, 0x65, 0x66, 0x61, 0x6c, 0x69, 0x61, 0x73, 0x20, 0x27, 0x61,
	0x73, 0x73, 0x71, 0x20, 0x28, 0x6c, 0x61, 0x6d, 0x62, 0x64, 0x61, 0x20,
	0x28, 0x6b, 0x65, 0x79, 0x20, 0x61, 0x6c, 0x69, 0x73, 0x74, 0x29, 0x0a,
	0x20, 0x20, 0x28, 0x69, 0x6e, 0x74, 0x65, 0x72, 0x6e, 0x61, 0x6c, 0x2d,
	0x2d, 0x6c, 0x65, 0x74, 0x20, 0x68, 0x69, 0x74, 0x20, 0x6e, 0x69, 0x6c,
	0x29, 0x0a, 0x20, 0x20, 0x28, 0x77, 0x68, 0x69, 0x6c, 0x65, 0x20, 0x28,
	0x61, 0x6e, 0x64, 0x20, 0x61, 0x6c, 0x69, 0x73, 0x74, 0x20, 0x28, 0x6e,
	0x75, 0x6c, 0x6c, 0x20, 0x68, 0x69, 0x74, 0x29, 0x29, 0x0a, 0x20, 0x20,
	0x20, 0x20, 0x28, 0x69, 0x66, 0x20, 0x28, 0x65, 0x71, 0x20, 0x6b, 0x65,
	0x79, 0x20, 0x28, 0x63, 0x61, 0x72, 0x20, 0x28, 0x63, 0x61, 0x72, 0x20,
	0x61, 0x6c, 0x69, 0x73, 0x74, 0x29, 0x29, 0x29, 0x20, 0x28, 0x73, 0x65,
	0x74, 0x71, 0x20, 0x68, 0x69, 0x74, 0x20, 0x28, 0x63, 0x61, 0x72, 0x20,
	0x61, 0x6c, 0x69, 0x73, 0x74, 0x29, 0x29, 0x29, 0x0a, 0x20, 0x20, 0x20,
	0x20, 0x28, 0x73, 0x65, 0x74, 0x71, 0x20, 0x61, 0x6c, 0x69, 0x73, 0x74,
	0x20, 0x28, 0x63, 0x64, 0x72, 0x20, 0x61, 0x6c, 0x69, 0x73, 0x74, 0x29,
	0x29, 0x29, 0x0a, 0x20, 0x20, 0x68, 0x69, 0x74, 0x29, 0x29, 0x0a, 0x28,
	0x64, 0x65, 0x66, 0x61, 0x6c, 0x69, 0x61, 0x73, 0x20, 0x27, 0x6d, 0x61,
	0x70, 0x63, 0x20, 0x28, 0x6c, 0x61, 0x6d, 0x62, 0x64, 0x61, 0x20, 0x28,
	0x66, 0x20, 0x6c, 0x73, 0x74, 0x29, 0x0a, 0x20, 0x20, 0x28, 0x28, 0x6c,
	0x61, 0x6d, 0x62, 0x64, 0x61, 0x20, 0x28, 0x6f, 0x72, 0x69, 0x67, 0x69,
	0x6e, 0x61, 0x6c, 0x29, 0x0a, 0x20, 0x20, 0x20, 0x20, 0x20, 0x28, 0x77,
	0x68, 0x69, 0x6c, 0x65, 0x20, 0x6c, 0x73, 0x74, 0x0a, 0x20, 0x20, 0x20,
	0x20, 0x20, 0x20, 0x20, 0x28, 0x66, 0x75, 0x6e, 0x63, 0x61, 0x6c, 0x6c,
	0x20, 0x66, 0x20, 0x28, 0x63, 0x61, 0x72, 0x20, 0x6c, 0x73, 0x74, 0x29,
	0x29, 0x0a, 0x20, 0x20, 0x20, 0x20, 0x20, 0x20, 0x20, 0x28, 0x73, 0x65,
	0x74, 0x71, 0x20, 0x6c, 0x73, 0x74, 0x20, 0x28, 0x63, 0x64, 0x72, 0x20,
	0x6c, 0x73, 0x74, 0x29, 0x29, 0x29, 0x0a, 0x20, 0x20, 0x20, 0x20, 0x20,
	0x6f, 0x72, 0x69, 0x67, 0x69, 0x6e, 0x61, 0x6c, 0x29, 0x0a, 0x20, 0x20,
	0x20, 0x6c, 0x73, 0x74, 0x29, 0x29, 0x29, 0x0a, 0x3b, 0x3b, 0x20, 0x53,
	0x45, 0x50, 0x41, 0x52, 0x41, 0x54, 0x4f, 0x52, 0x20, 0x68, 0x61, 0x73,
	0x20, 0x62, 0x65, 0x65, 0x6e, 0x20, 0x6f, 0x70, 0x74, 0x69, 0x6f, 0x6e,
	0x61, 0x6c, 0x20, 0x73, 0x69, 0x6e, 0x63, 0x65, 0x20, 0x45, 0x6d, 0x61,
	0x63, 0x73, 0x20, 0x32, 0x39, 0x2c, 0x20, 0x64, 0x65, 0x66, 0x61, 0x75,
	0x6c, 0x74, 0x69, 0x6e, 0x67, 0x20, 0x74, 0x6f, 0x20, 0x22, 0x22, 0x2e,
	0x0a, 0x28, 0x64, 0x65, 0x66, 0x61, 0x6c, 0x69, 0x61, 0x73, 0x20, 0x27,
	0x6d, 0x61, 0x70, 0x63, 0x6f, 0x6e, 0x63, 0x61, 0x74, 0x20, 0x28, 0x6c,
	0x61, 0x6d, 0x62, 0x64, 0x61, 0x20, 0x28, 0x66, 0x20, 0x6c, 0x73, 0x74,
	0x20, 0x26, 0x6f, 0x70, 0x74, 0x69, 0x6f, 0x6e, 0x61, 0x6c, 0x20, 0x73,
	0x65, 0x70, 0x61, 0x72, 0x61, 0x74, 0x6f, 0x72, 0x29, 0x0a, 0x20, 0x20,
	0x28, 0x69, 0x66, 0x20, 0x28, 0x6e, 0x75, 0x6c, 0x6c, 0x20, 0x73, 0x65,
	0x70, 0x61, 0x72, 0x61, 0x74, 0x6f, 0x72, 0x29, 0x20, 0x28, 0x73, 0x65,
	0x74, 0x71, 0x20, 0x73, 0x65, 0x70, 0x61, 0x72, 0x61, 0x74, 0x6f, 0x72,
	0x20, 0x22, 0x22, 0x29, 0x29, 0x0a, 0x20, 0x20, 0x28, 0x28, 0x6c, 0x61,
	0x6d, 0x62, 0x64, 0x61, 0x20, 0x28, 0x72, 0x65, 0x73, 0x75, 0x6c, 0x74,
	0x20, 0x66, 0x69, 0x72, 0x73, 0x74, 0x29, 0x0a, 0x20, 0x20, 0x20, 0x20,
	0x20, 0x28, 0x77, 0x68, 0x69, 0x6c, 0x65, 0x20, 0x6c, 0x73, 0x74, 0x0a,
	0x20, 0x20, 0x20, 0x20, 0x20, 0x20, 0x20, 0x28, 0x69, 0x66, 0x20, 0x66,
	0x69, 0x72, 0x73, 0x74, 0x0a, 0x20, 0x20, 0x20, 0x20, 0x20, 0x20, 0x20,
	0x20, 0x20, 0x20, 0x20, 0x28, 0x73, 0x65, 0x74, 0x71, 0x20, 0x66, 0x69,
	0x72, 0x73, 0x74, 0x20, 0x6e, 0x69, 0x6c, 0x29, 0x0a, 0x20, 0x20, 0x20,
	0x20, 0x20, 0x20, 0x20, 0x20, 0x20, 0x28, 0x73, 0x65, 0x74, 0x71, 0x20,
	0x72, 0x65, 0x73, 0x75, 0x6c, 0x74, 0x20, 0x28, 0x63, 0x6f, 0x6e, 0x63,
	0x61, 0x74, 0x20, 0x72, 0x65, 0x73, 0x75, 0x6c, 0x74, 0x20, 0x73, 0x65,
	0x70, 0x61, 0x72, 0x61, 0x74, 0x6f, 0x72, 0x29, 0x29, 0x29, 0x0a, 0x20,
	0x20, 0x20, 0x20, 0x20, 0x20, 0x20, 0x28, 0x73, 0x65, 0x74, 0x71, 0x20,
	0x72, 0x65, 0x73, 0x75, 0x6c, 0x74, 0x20, 0x28, 0x63, 0x6f, 0x6e, 0x63,
	0x61, 0x74, 0x20, 0x72, 0x65, 0x73, 0x75, 0x6c, 0x74, 0x20, 0x28, 0x66,
	0x75, 0x6e, 0x63, 0x61, 0x6c, 0x6c, 0x20, 0x66, 0x20, 0x28, 0x63, 0x61,
	0x72, 0x20, 0x6c, 0x73, 0x74, 0x29, 0x29, 0x29, 0x29, 0x0a, 0x20, 0x20,
	0x20, 0x20, 0x20, 0x20, 0x20, 0x28, 0x73, 0x65, 0x74, 0x71, 0x20, 0x6c,
	0x73, 0x74, 0x20, 0x28, 0x63, 0x64, 0x72, 0x20, 0x6c, 0x73, 0x74, 0x29,
	0x29, 0x29, 0x0a, 0x20, 0x20, 0x20, 0x20, 0x20, 0x72, 0x65, 0x73, 0x75,
	0x6c, 0x74, 0x29, 0x0a, 0x20, 0x20, 0x20, 0x22, 0x22, 0x20, 0x74, 0x29,
	0x29, 0x29, 0x0a, 0x28, 0x64, 0x65, 0x66, 0x61, 0x6c, 0x69, 0x61, 0x73,
	0x20, 0x27, 0x6e, 0x72, 0x65, 0x76, 0x65, 0x72, 0x73, 0x65, 0x20, 0x28,
	0x6c, 0x61, 0x6d, 0x62, 0x64, 0x61, 0x20, 0x28, 0x6c, 0x73, 0x74, 0x29,
	0x0a, 0x20, 0x20, 0x28, 0x69, 0x6e, 0x74, 0x65, 0x72, 0x6e, 0x61, 0x6c,
	0x2d, 0x2d, 0x6c, 0x65, 0x74, 0x20, 0x72, 0x65, 0x73, 0x75, 0x6c, 0x74,
	0x20, 0x6e, 0x69, 0x6c, 0x29, 0x0a, 0x20, 0x20, 0x28, 0x77, 0x68, 0x69,
	0x6c, 0x65, 0x20, 0x6c, 0x73, 0x74, 0x0a, 0x20, 0x20, 0x20, 0x20, 0x28,
	0x69, 0x6e, 0x74, 0x65, 0x72, 0x6e, 0x61, 0x6c, 0x2d, 0x2d, 0x6c, 0x65,
	0x74, 0x20, 0x6e, 0x65, 0x78, 0x74, 0x20, 0x28, 0x63, 0x64, 0x72, 0x20,
	0x6c, 0x73, 0x74, 0x29, 0x29, 0x0a, 0x20, 0x20, 0x20, 0x20, 0x28, 0x73,
	0x65, 0x74, 0x63, 0x64, 0x72, 0x20, 0x6c, 0x73, 0x74, 0x20, 0x72, 0x65,
	0x73, 0x75, 0x6c, 0x74, 0x29, 0x0a, 0x20, 0x20, 0x20, 0x20, 0x28, 0x73,
	0x65, 0x74, 0x71, 0x20, 0x72, 0x65, 0x73, 0x75, 0x6c, 0x74, 0x20, 0x6c,
	0x73, 0x74, 0x29, 0x0a, 0x20, 0x20, 0x20, 0x20, 0x28, 0x73, 0x65, 0x74,
	0x71, 0x20, 0x6c, 0x73, 0x74, 0x20, 0x6e, 0x65, 0x78, 0x74, 0x29, 0x29,
	0x0a, 0x20, 0x20, 0x72, 0x65, 0x73, 0x75, 0x6c, 0x74, 0x29, 0x29, 0x0a,
	0x28, 0x64, 0x65, 0x66, 0x61, 0x6c, 0x69, 0x61, 0x73, 0x20, 0x27, 0x64,
	0x65, 0x6c, 0x71, 0x20, 0x28, 0x6c, 0x61, 0x6d, 0x62, 0x64, 0x61, 0x20,
	0x28, 0x65, 0x6c, 0x74, 0x20, 0x6c, 0x73, 0x74, 0x29, 0x0a, 0x20, 0x20,
	0x28, 0x69, 0x6e, 0x74, 0x65, 0x72, 0x6e, 0x61, 0x6c, 0x2d, 0x2d, 0x6c,
	0x65, 0x74, 0x20, 0x72, 0x65, 0x73, 0x75, 0x6c, 0x74, 0x20, 0x6c, 0x73,
	0x74, 0x29, 0x0a, 0x20, 0x20, 0x28, 0x69, 0x6e, 0x74, 0x65, 0x72, 0x6e,
	0x61, 0x6c, 0x2d, 0x2d, 0x6c, 0x65, 0x74, 0x20, 0x70, 0x72, 0x65, 0x76,
	0x69, 0x6f, 0x75, 0x73, 0x20, 0x6e, 0x69, 0x6c, 0x29, 0x0a, 0x20, 0x20,
	0x28, 0x77, 0x68, 0x69, 0x6c, 0x65, 0x20, 0x6c, 0x73, 0x74, 0x0a, 0x20,
	0x20, 0x20, 0x20, 0x28, 0x69, 0x66, 0x20, 0x28, 0x65, 0x71, 0x20, 0x65,
	0x6c, 0x74, 0x20, 0x28, 0x63, 0x61, 0x72, 0x20, 0x6c, 0x73, 0x74, 0x29,
	0x29, 0x0a, 0x20, 0x20, 0x20, 0x20, 0x20, 0x20, 0x20, 0x20, 0x28, 0x69,
	0x66, 0x20, 0x70, 0x72, 0x65, 0x76, 0x69, 0x6f, 0x75, 0x73, 0x0a, 0x20,
	0x20, 0x20, 0x20, 0x20, 0x20, 0x20, 0x20, 0x20, 0x20, 0x20, 0x20, 0x28,
	0x73, 0x65, 0x74, 0x63, 0x64, 0x72, 0x20, 0x70, 0x72, 0x65, 0x76, 0x69,
	0x6f, 0x75, 0x73, 0x20, 0x28, 0x63, 0x64, 0x72, 0x20, 0x6c, 0x73, 0x74,
	0x29, 0x29, 0x0a, 0x20, 0x20, 0x20, 0x20, 0x20, 0x20, 0x20, 0x20, 0x20,
	0x20, 0x28, 0x73, 0x65, 0x74, 0x71, 0x20, 0x72, 0x65, 0x73, 0x75, 0x6c,
	0x74, 0x20, 0x28, 0x63, 0x64, 0x72, 0x20, 0x6c, 0x73, 0x74, 0x29, 0x29,
	0x29, 0x0a, 0x20, 0x20, 0x20, 0x20, 0x20, 0x20, 0x28, 0x73, 0x65, 0x74,
	0x71, 0x20, 0x70, 0x72, 0x65, 0x76, 0x69, 0x6f, 0x75, 0x73, 0x20, 0x6c,
	0x73, 0x74, 0x29, 0x29, 0x0a, 0x20, 0x20, 0x20, 0x20, 0x28, 0x73, 0x65,
	0x74, 0x71, 0x20, 0x6c, 0x73, 0x74, 0x20, 0x28, 0x63, 0x64, 0x72, 0x20,
	0x6c, 0x73, 0x74, 0x29, 0x29, 0x29, 0x0a, 0x20, 0x20, 0x72, 0x65, 0x73,
	0x75, 0x6c, 0x74, 0x29, 0x29, 0x0a, 0x28, 0x64, 0x65, 0x66, 0x61, 0x6c,
	0x69, 0x61, 0x73, 0x20, 0x27, 0x64, 0x65, 0x6c, 0x65, 0x74, 0x65, 0x20,
	0x28, 0x6c, 0x61, 0x6d, 0x62, 0x64, 0x61, 0x20, 0x28, 0x65, 0x6c, 0x74,
	0x20, 0x6c, 0x73, 0x74, 0x29, 0x0a, 0x20, 0x20, 0x28, 0x69, 0x6e, 0x74,
	0x65, 0x72, 0x6e, 0x61, 0x6c, 0x2d, 0x2d, 0x6c, 0x65, 0x74, 0x20, 0x72,
	0x65, 0x73, 0x75, 0x6c, 0x74, 0x20, 0x6c, 0x73, 0x74, 0x29, 0x0a, 0x20,
	0x20, 0x28, 0x69, 0x6e, 0x74, 0x65, 0x72, 0x6e, 0x61, 0x6c, 0x2d, 0x2d,
	0x6c, 0x65, 0x74, 0x20, 0x70, 0x72, 0x65, 0x76, 0x69, 0x6f, 0x75, 0x73,
	0x20, 0x6e, 0x69, 0x6c, 0x29, 0x0a, 0x20, 0x20, 0x28, 0x77, 0x68, 0x69,
	0x6c, 0x65, 0x20, 0x6c, 0x73, 0x74, 0x0a, 0x20, 0x20, 0x20, 0x20, 0x28,
	0x69, 0x66, 0x20, 0x28, 0x65, 0x71, 0x75, 0x61, 0x6c, 0x20, 0x65, 0x6c,
	0x74, 0x20, 0x28, 0x63, 0x61, 0x72, 0x20, 0x6c, 0x73, 0x74, 0x29, 0x29,
	0x0a, 0x20, 0x20, 0x20, 0x20, 0x20, 0x20, 0x20, 0x20, 0x28, 0x69, 0x66,
	0x20, 0x70, 0x72, 0x65, 0x76, 0x69, 0x6f, 0x75, 0x73, 0x0a, 0x20, 0x20,
	0x20, 0x20, 0x20, 0x20, 0x20, 0x20, 0x20, 0x20, 0x20, 0x20, 0x28, 0x73,
	0x65, 0x74, 0x63, 0x64, 0x72, 0x20, 0x70, 0x72, 0x65, 0x76, 0x69, 0x6f,
	0x75, 0x73, 0x20, 0x28, 0x63, 0x64, 0x72, 0x20, 0x6c, 0x73, 0x74, 0x29,
	0x29, 0x0a, 0x20, 0x20, 0x20, 0x20, 0x20, 0x20, 0x20, 0x20, 0x20, 0x20,
	0x28, 0x73, 0x65, 0x74, 0x71, 0x20, 0x72, 0x65, 0x73, 0x75, 0x6c, 0x74,
	0x20, 0x28, 0x63, 0x64, 0x72, 0x20, 0x6c, 0x73, 0x74, 0x29, 0x29, 0x29,
	0x0a, 0x20, 0x20, 0x20, 0x20, 0x20, 0x20, 0x28, 0x73, 0x65, 0x74, 0x71,
	0x20, 0x70, 0x72, 0x65, 0x76, 0x69, 0x6f, 0x75, 0x73, 0x20, 0x6c, 0x73,
	0x74, 0x29, 0x29, 0x0a, 0x20, 0x20, 0x20, 0x20, 0x28, 0x73, 0x65, 0x74,
	0x71, 0x20, 0x6c, 0x73, 0x74, 0x20, 0x28, 0x63, 0x64, 0x72, 0x20, 0x6c,
	0x73, 0x74, 0x29, 0x29, 0x29, 0x0a, 0x20, 0x20, 0x72, 0x65, 0x73, 0x75,
	0x6c, 0x74, 0x29, 0x29, 0x0a, 0x3b, 0x3b, 0x20, 0x45, 0x6d, 0x61, 0x63,
	0x73, 0x27, 0x20, 0x61, 0x64, 0x64, 0x2d, 0x74, 0x6f, 0x2d, 0x6c, 0x69,
	0x73, 0x74, 0x20, 0x69, 0x73, 0x20, 0x61, 0x20, 0x2a, 0x66, 0x75, 0x6e,
	0x63, 0x74, 0x69, 0x6f, 0x6e, 0x2a, 0x20, 0x74, 0x61, 0x6b, 0x69, 0x6e,
	0x67, 0x20, 0x61, 0x20, 0x73, 0x79, 0x6d, 0x62, 0x6f, 0x6c, 0x2c, 0x20,
	0x6e, 0x6f, 0x74, 0x20, 0x61, 0x20, 0x6d, 0x61, 0x63, 0x72, 0x6f, 0x20,
	0x74, 0x61, 0x6b, 0x69, 0x6e, 0x67, 0x0a, 0x3b, 0x3b, 0x20, 0x61, 0x20,
	0x70, 0x6c, 0x61, 0x63, 0x65, 0x3a, 0x20, 0x28, 0x6c, 0x65, 0x74, 0x20,
	0x28, 0x28, 0x73, 0x20, 0x27, 0x6d, 0x79, 0x2d, 0x6c, 0x69, 0x73, 0x74,
	0x29, 0x29, 0x20, 0x28, 0x61, 0x64, 0x64, 0x2d, 0x74, 0x6f, 0x2d, 0x6c,
	0x69, 0x73, 0x74, 0x20, 0x73, 0x20, 0x31, 0x29, 0x29, 0x20, 0x68, 0x61,
	0x73, 0x20, 0x74, 0x6f, 0x20, 0x72, 0x65, 0x61, 0x63, 0x68, 0x20, 0x6d,
	0x79, 0x2d, 0x6c, 0x69, 0x73, 0x74, 0x2e, 0x0a, 0x3b, 0x3b, 0x20, 0x41,
	0x20, 0x6d, 0x61, 0x63, 0x72, 0x6f, 0x20, 0x74, 0x68, 0x61, 0x74, 0x20,
	0x70, 0x61, 0x74, 0x74, 0x65, 0x72, 0x6e, 0x2d, 0x6d, 0x61, 0x74, 0x63,
	0x68, 0x65, 0x64, 0x20, 0x61, 0x20, 0x6c, 0x69, 0x74, 0x65, 0x72, 0x61,
	0x6c, 0x20, 0x28, 0x71, 0x75, 0x6f, 0x74, 0x65, 0x20, 0x4e, 0x41, 0x4d,
	0x45, 0x29, 0x20, 0x63, 0x6f, 0x75, 0x6c, 0x64, 0x20, 0x6f, 0x6e, 0x6c,
	0x79, 0x20, 0x65, 0x76, 0x65, 0x72, 0x0a, 0x3b, 0x3b, 0x20, 0x61, 0x73,
	0x73, 0x69, 0x67, 0x6e, 0x20, 0x74, 0x6f, 0x20, 0x61, 0x20, 0x76, 0x61,
	0x72, 0x69, 0x61, 0x62, 0x6c, 0x65, 0x20, 0x73, 0x70, 0x65, 0x6c, 0x6c,
	0x65, 0x64, 0x20, 0x60, 0x73, 0x27, 0x2e, 0x20, 0x20, 0x60, 0x73, 0x65,
	0x74, 0x27, 0x2f, 0x60, 0x73, 0x79, 0x6d, 0x62, 0x6f, 0x6c, 0x2d, 0x76,
	0x61, 0x6c, 0x75, 0x65, 0x27, 0x20, 0x61, 0x72, 0x65, 0x20, 0x74, 0x68,
	0x65, 0x20, 0x70, 0x61, 0x69, 0x72, 0x0a, 0x3b, 0x3b, 0x20, 0x74, 0x68,
	0x61, 0x74, 0x20, 0x6d, 0x61, 0x6b, 0x65, 0x73, 0x20, 0x69, 0x74, 0x20,
	0x61, 0x20, 0x66, 0x75, 0x6e, 0x63, 0x74, 0x69, 0x6f, 0x6e, 0x20, 0x68,
	0x65, 0x72, 0x65, 0x3b, 0x20, 0x74, 0x68, 0x65, 0x20, 0x6d, 0x65, 0x6d,
	0x62, 0x65, 0x72, 0x73, 0x68, 0x69, 0x70, 0x20, 0x74, 0x65, 0x73, 0x74,
	0x20, 0x69, 0x73, 0x20, 0x60, 0x65, 0x71, 0x75, 0x61, 0x6c, 0x27, 0x2c,
	0x20, 0x61, 0x73, 0x20, 0x69, 0x6e, 0x0a, 0x3b, 0x3b, 0x20, 0x45, 0x6d,
	0x61, 0x63, 0x73, 0x2c, 0x20, 0x61, 0x6e, 0x64, 0x20, 0x74, 0x68, 0x65,
	0x20, 0x72, 0x65, 0x74, 0x75, 0x72, 0x6e, 0x20, 0x76, 0x61, 0x6c, 0x75,
	0x65, 0x20, 0x69, 0x73, 0x20, 0x74, 0x68, 0x65, 0x20, 0x72, 0x65, 0x73,
	0x75, 0x6c, 0x74, 0x69, 0x6e, 0x67, 0x20, 0x6c, 0x69, 0x73, 0x74, 0x2e,
	0x0a, 0x3b, 0x3b, 0x0a, 0x3b, 0x3b, 0x20, 0x43, 0x55, 0x52, 0x52, 0x45,
	0x4e, 0x54, 0x20, 0x69, 0x73, 0x20, 0x61, 0x20, 0x6c, 0x61, 0x6d, 0x62,
	0x64, 0x61, 0x20, 0x70, 0x61, 0x72, 0x61, 0x6d, 0x65, 0x74, 0x65, 0x72,
	0x20, 0x66, 0x6f, 0x72, 0x20, 0x61, 0x20, 0x72, 0x65, 0x61, 0x73, 0x6f,
	0x6e, 0x20, 0x74, 0x68, 0x61, 0x74, 0x20, 0x69, 0x73, 0x20, 0x6e, 0x6f,
	0x74, 0x20, 0x74, 0x68, 0x65, 0x20, 0x63, 0x61, 0x6c, 0x6c, 0x62, 0x61,
	0x63, 0x6b, 0x0a, 0x3b, 0x3b, 0x20, 0x6f, 0x6e, 0x65, 0x3a, 0x20, 0x56,
	0x41, 0x52, 0x49, 0x41, 0x42, 0x4c, 0x45, 0x20, 0x69, 0x73, 0x20, 0x61,
	0x20, 0x6e, 0x61, 0x6d, 0x65, 0x20, 0x74, 0x68, 0x65, 0x20, 0x43, 0x41,
	0x4c, 0x4c, 0x45, 0x52, 0x20, 0x63, 0x68, 0x6f, 0x73, 0x65, 0x2c, 0x20,
	0x73, 0x6f, 0x20, 0x60, 0x28, 0x61, 0x64, 0x64, 0x2d, 0x74, 0x6f, 0x2d,
	0x6c, 0x69, 0x73, 0x74, 0x20, 0x27, 0x63, 0x75, 0x72, 0x72, 0x65, 0x6e,
	0x74, 0x20, 0x31, 0x29, 0x27, 0x0a, 0x3b, 0x3b, 0x20, 0x75, 0x73, 0x65,
	0x64, 0x20, 0x74, 0x6f, 0x20, 0x68, 0x61, 0x76, 0x65, 0x20, 0x74, 0x68,
	0x65, 0x20, 0x74, 0x65, 0x6d, 0x70, 0x6f, 0x72, 0x61, 0x72, 0x79, 0x20,
	0x73, 0x68, 0x61, 0x64, 0x6f, 0x77, 0x20, 0x74, 0x68, 0x65, 0x20, 0x76,
	0x65, 0x72, 0x79, 0x20, 0x76, 0x61, 0x72, 0x69, 0x61, 0x62, 0x6c, 0x65,
	0x20, 0x74, 0x68, 0x65, 0x20, 0x60, 0x73, 0x65, 0x74, 0x27, 0x20, 0x77,
	0x61, 0x73, 0x0a, 0x3b, 0x3b, 0x20, 0x73, 0x75, 0x70, 0x70, 0x6f, 0x73,
	0x65, 0x64, 0x20, 0x74, 0x6f, 0x20, 0x77, 0x72, 0x69, 0x74, 0x65, 0x2e,
	0x20, 0x20, 0x54, 0x68, 0x65, 0x20, 0x77, 0x72, 0x69, 0x74, 0x65, 0x20,
	0x72, 0x65, 0x61, 0x63, 0x68, 0x65, 0x64, 0x20, 0x74, 0x68, 0x65, 0x20,
	0x73, 0x68, 0x61, 0x64, 0x6f, 0x77, 0x2c, 0x20, 0x74, 0x68, 0x65, 0x20,
	0x63, 0x61, 0x6c, 0x6c, 0x65, 0x72, 0x27, 0x73, 0x20, 0x6c, 0x69, 0x73,
	0x74, 0x20, 0x77, 0x61, 0x73, 0x0a, 0x3b, 0x3b, 0x20, 0x6c, 0x65, 0x66,
	0x74, 0x20, 0x75, 0x6e, 0x74, 0x6f, 0x75, 0x63, 0x68, 0x65, 0x64, 0x2c,
	0x20, 0x61, 0x6e, 0x64, 0x20, 0x6e, 0x6f, 0x74, 0x68, 0x69, 0x6e, 0x67,
	0x20, 0x73, 0x61, 0x69, 0x64, 0x20, 0x73, 0x6f, 0x2e, 0x0a, 0x28, 0x64,
	0x65, 0x66, 0x61, 0x6c, 0x69, 0x61, 0x73, 0x20, 0x27, 0x61, 0x64, 0x64,
	0x2d, 0x74, 0x6f, 0x2d, 0x6c, 0x69, 0x73, 0x74, 0x20, 0x28, 0x6c, 0x61,
	0x6d, 0x62, 0x64, 0x61, 0x20, 0x28, 0x76, 0x61, 0x72, 0x69, 0x61, 0x62,
	0x6c, 0x65, 0x20, 0x69, 0x74, 0x65, 0x6d, 0x20, 0x26, 0x6f, 0x70, 0x74,
	0x69, 0x6f, 0x6e, 0x61, 0x6c, 0x20, 0x61, 0x70, 0x70, 0x65, 0x6e, 0x64,
	0x70, 0x29, 0x0a, 0x20, 0x20, 0x28, 0x28, 0x6c, 0x61, 0x6d, 0x62, 0x64,
	0x61, 0x20, 0x28, 0x63, 0x75, 0x72, 0x72, 0x65, 0x6e, 0x74, 0x29, 0x0a,
	0x20, 0x20, 0x20, 0x20, 0x20, 0x28, 0x69, 0x66, 0x20, 0x28, 0x6d, 0x65,
	0x6d, 0x62, 0x65, 0x72, 0x20, 0x69, 0x74, 0x65, 0x6d, 0x20, 0x63, 0x75,
	0x72, 0x72, 0x65, 0x6e, 0x74, 0x29, 0x0a, 0x20, 0x20, 0x20, 0x20, 0x20,
	0x20, 0x20, 0x20, 0x20, 0x63, 0x75, 0x72, 0x72, 0x65, 0x6e, 0x74, 0x0a,
	0x20, 0x20, 0x20, 0x20, 0x20, 0x20, 0x20, 0x28, 0x73, 0x65, 0x74, 0x20,
	0x76, 0x61, 0x72, 0x69, 0x61, 0x62, 0x6c, 0x65, 0x0a, 0x20, 0x20, 0x20,
	0x20, 0x20, 0x20, 0x20, 0x20, 0x20, 0x28, 0x69, 0x66, 0x20, 0x61, 0x70,
	0x70, 0x65, 0x6e, 0x64, 0x70, 0x0a, 0x20, 0x20, 0x20, 0x20, 0x20, 0x20,
	0x20, 0x20, 0x20, 0x20, 0x20, 0x20, 0x20, 0x28, 0x61, 0x70, 0x70, 0x65,
	0x6e, 0x64, 0x20, 0x63, 0x75, 0x72, 0x72, 0x65, 0x6e, 0x74, 0x20, 0x28,
	0x6c, 0x69, 0x73, 0x74, 0x20, 0x69, 0x74, 0x65, 0x6d, 0x29, 0x29, 0x0a,
	0x20, 0x20, 0x20, 0x20, 0x20, 0x20, 0x20, 0x20, 0x20, 0x20, 0x20, 0x28,
	0x63, 0x6f, 0x6e, 0x73, 0x20, 0x69, 0x74, 0x65, 0x6d, 0x20, 0x63, 0x75,
	0x72, 0x72, 0x65, 0x6e, 0x74, 0x29, 0x29, 0x29, 0x29, 0x29, 0x0a, 0x20,
	0x20, 0x20, 0x28, 0x73, 0x79, 0x6d, 0x62, 0x6f, 0x6c, 0x2d, 0x76, 0x61,
	0x6c, 0x75, 0x65, 0x20, 0x76, 0x61, 0x72, 0x69, 0x61, 0x62, 0x6c, 0x65,
	0x29, 0x29, 0x29, 0x29, 0x0a, 0x28, 0x64, 0x65, 0x66, 0x61, 0x6c, 0x69,
	0x61, 0x73, 0x20, 0x27, 0x69, 0x64, 0x65, 0x6e, 0x74, 0x69, 0x74, 0x79,
	0x20, 0x28, 0x6c, 0x61, 0x6d, 0x62, 0x64, 0x61, 0x20, 0x28, 0x76, 0x61,
	0x6c, 0x75, 0x65, 0x29, 0x20, 0x76, 0x61, 0x6c, 0x75, 0x65, 0x29, 0x29,
	0x0a, 0x3b, 0x3b, 0x20, 0x45, 0x6d, 0x61, 0x63, 0x73, 0x27, 0x20, 0x66,
	0x6c, 0x6f, 0x61, 0x74, 0x20, 0x73, 0x79, 0x6e, 0x74, 0x61, 0x78, 0x20,
	0x69, 0x73, 0x20, 0x65, 0x78, 0x61, 0x63, 0x74, 0x6c, 0x79, 0x20, 0x77,
	0x68, 0x61, 0x74, 0x20, 0x66, 0x65, 0x27, 0x73, 0x20, 0x77, 0x72, 0x69,
	0x74, 0x65, 0x72, 0x20, 0x70, 0x72, 0x69, 0x6e, 0x74, 0x73, 0x20, 0x66,
	0x6f, 0x72, 0x20, 0x61, 0x20, 0x66, 0x6c, 0x6f, 0x61, 0x74, 0x0a, 0x3b,
	0x3b, 0x20, 0x28, 0x73, 0x68, 0x6f, 0x72, 0x74, 0x65, 0x73, 0x74, 0x20,
	0x72, 0x6f, 0x75, 0x6e, 0x64, 0x2d, 0x74, 0x72, 0x69, 0x70, 0x2c, 0x20,
	0x61, 0x6c, 0x77, 0x61, 0x79, 0x73, 0x20, 0x77, 0x69, 0x74, 0x68, 0x20,
	0x61, 0x20, 0x60, 0x2e, 0x27, 0x20, 0x6f, 0x72, 0x20, 0x61, 0x6e, 0x20,
	0x65, 0x78, 0x70, 0x6f, 0x6e, 0x65, 0x6e, 0x74, 0x29, 0x2c, 0x20, 0x61,
	0x6e, 0x64, 0x20, 0x69, 0x74, 0x73, 0x0a, 0x3b, 0x3b, 0x20, 0x69, 0x6e,
	0x74, 0x65, 0x67, 0x65, 0x72, 0x20, 0x73, 0x79, 0x6e, 0x74, 0x61, 0x78,
	0x20, 0x69, 0x73, 0x20, 0x66, 0x65, 0x27, 0x73, 0x20, 0x66, 0x6f, 0x72,
	0x20, 0x61, 0x6e, 0x20, 0x69, 0x6e, 0x74, 0x65, 0x67, 0x65, 0x72, 0x2c,
	0x20, 0x73, 0x6f, 0x20, 0x25, 0x53, 0x20, 0x69, 0x73, 0x20, 0x74, 0x68,
	0x65, 0x20, 0x77, 0x68, 0x6f, 0x6c, 0x65, 0x20, 0x63, 0x6f, 0x6e, 0x76,
	0x65, 0x72, 0x73, 0x69, 0x6f, 0x6e, 0x2e, 0x0a, 0x28, 0x64, 0x65, 0x66,
	0x61, 0x6c, 0x69, 0x61, 0x73, 0x20, 0x27, 0x6e, 0x75, 0x6d, 0x62, 0x65,
	0x72, 0x2d, 0x74, 0x6f, 0x2d, 0x73, 0x74, 0x72, 0x69, 0x6e, 0x67, 0x20,
	0x28, 0x6c, 0x61, 0x6d, 0x62, 0x64, 0x61, 0x20, 0x28, 0x6e, 0x29, 0x0a,
	0x20, 0x20, 0x28, 0x69, 0x66, 0x20, 0x28, 0x6e, 0x75, 0x6d, 0x62, 0x65,
	0x72, 0x70, 0x20, 0x6e, 0x29, 0x0a, 0x20, 0x20, 0x20, 0x20, 0x20, 0x20,
	0x28, 0x66, 0x6f, 0x72, 0x6d, 0x61, 0x74, 0x20, 0x22, 0x25, 0x53, 0x22,
	0x20, 0x6e, 0x29, 0x0a, 0x20, 0x20, 0x20, 0x20, 0x28, 0x73, 0x69, 0x67,
	0x6e, 0x61, 0x6c, 0x20, 0x27, 0x77, 0x72, 0x6f, 0x6e, 0x67, 0x2d, 0x74,
	0x79, 0x70, 0x65, 0x2d, 0x61, 0x72, 0x67, 0x75, 0x6d, 0x65, 0x6e, 0x74,
	0x20, 0x28, 0x6c, 0x69, 0x73, 0x74, 0x20, 0x27, 0x6e, 0x75, 0x6d, 0x62,
	0x65, 0x72, 0x70, 0x20, 0x6e, 0x29, 0x29, 0x29, 0x29, 0x29, 0x0a, 0x3b,
	0x3b, 0x20, 0x45, 0x6d, 0x61, 0x63, 0x73, 0x20, 0x61, 0x6e, 0x73, 0x77,
	0x65, 0x72, 0x73, 0x20, 0x61, 0x20, 0x6c, 0x69, 0x73, 0x74, 0x20, 0x6f,
	0x66, 0x20, 0x63, 0x6f, 0x64, 0x65, 0x70, 0x6f, 0x69, 0x6e, 0x74, 0x73,
	0x2c, 0x20, 0x61, 0x6e, 0x64, 0x20, 0x6e, 0x69, 0x6c, 0x20, 0x66, 0x6f,
	0x72, 0x20, 0x22, 0x22, 0x2e, 0x20, 0x20, 0x42, 0x75, 0x69, 0x6c, 0x74,
	0x20, 0x62, 0x61, 0x63, 0x6b, 0x77, 0x61, 0x72, 0x64, 0x73, 0x0a, 0x3b,
	0x3b, 0x20, 0x66, 0x72, 0x6f, 0x6d, 0x20, 0x74, 0x68, 0x65, 0x20, 0x65,
	0x6e, 0x64, 0x20, 0x73, 0x6f, 0x20, 0x74, 0x68, 0x65, 0x20, 0x73, 0x70,
	0x69, 0x6e, 0x65, 0x20, 0x69, 0x73, 0x20, 0x6f, 0x6e, 0x65, 0x20, 0x60,
	0x77, 0x68, 0x69, 0x6c, 0x65, 0x27, 0x20, 0x61, 0x6e, 0x64, 0x20, 0x6e,
	0x6f, 0x20, 0x72, 0x65, 0x76, 0x65, 0x72, 0x73, 0x65, 0x20, 0x69, 0x73,
	0x20, 0x6e, 0x65, 0x65, 0x64, 0x65, 0x64, 0x3b, 0x0a, 0x3b, 0x3b, 0x20,
	0x60, 0x73, 0x75, 0x62, 0x73, 0x74, 0x72, 0x69, 0x6e, 0x67, 0x27, 0x20,
	0x69, 0x6e, 0x64, 0x65, 0x78, 0x65, 0x73, 0x20, 0x69, 0x6e, 0x20, 0x63,
	0x6f, 0x64, 0x65, 0x70, 0x6f, 0x69, 0x6e, 0x74, 0x73, 0x20, 0x61, 0x6e,
	0x64, 0x20, 0x60, 0x73, 0x74, 0x72, 0x69, 0x6e, 0x67, 0x2d, 0x74, 0x6f,
	0x2d, 0x63, 0x68, 0x61, 0x72, 0x27, 0x20, 0x64, 0x65, 0x63, 0x6f, 0x64,
	0x65, 0x73, 0x20, 0x6f, 0x6e, 0x65, 0x2e, 0x0a, 0x28, 0x64, 0x65, 0x66,
	0x61, 0x6c, 0x69, 0x61, 0x73, 0x20, 0x27, 0x73, 0x74, 0x72, 0x69, 0x6e,
	0x67, 0x2d, 0x74, 0x6f, 0x2d, 0x6c, 0x69, 0x73, 0x74, 0x20, 0x28, 0x6c,
	0x61, 0x6d, 0x62, 0x64, 0x61, 0x20, 0x28, 0x73, 0x29, 0x0a, 0x20, 0x20,
	0x28, 0x69, 0x6e, 0x74, 0x65, 0x72, 0x6e, 0x61, 0x6c, 0x2d, 0x2d, 0x6c,
	0x65, 0x74, 0x20, 0x69, 0x20, 0x28, 0x73, 0x74, 0x72, 0x69, 0x6e, 0x67,
	0x2d, 0x6c, 0x65, 0x6e, 0x67, 0x74, 0x68, 0x20, 0x73, 0x29, 0x29, 0x0a,
	0x20, 0x20, 0x28, 0x69, 0x6e, 0x74, 0x65, 0x72, 0x6e, 0x61, 0x6c, 0x2d,
	0x2d, 0x6c, 0x65, 0x74, 0x20, 0x72, 0x65, 0x73, 0x20, 0x6e, 0x69, 0x6c,
	0x29, 0x0a, 0x20, 0x20, 0x28, 0x77, 0x68, 0x69, 0x6c, 0x65, 0x20, 0x28,
	0x3c, 0x20, 0x30, 0x20, 0x69, 0x29, 0x0a, 0x20, 0x20, 0x20, 0x20, 0x28,
	0x73, 0x65, 0x74, 0x71, 0x20, 0x69, 0x20, 0x28, 0x2d, 0x20, 0x69, 0x20,
	0x31, 0x29, 0x29, 0x0a, 0x20, 0x20, 0x20, 0x20, 0x28, 0x73, 0x65, 0x74,
	0x71, 0x20, 0x72, 0x65, 0x73, 0x20, 0x28, 0x63, 0x6f, 0x6e, 0x73, 0x20,
	0x28, 0x73, 0x74, 0x72, 0x69, 0x6e, 0x67, 0x2d, 0x74, 0x6f, 0x2d, 0x63,
	0x68, 0x61, 0x72, 0x20, 0x28, 0x73, 0x75, 0x62, 0x73, 0x74, 0x72, 0x69,
	0x6e, 0x67, 0x20, 0x73, 0x20, 0x69, 0x20, 0x28, 0x2b, 0x20, 0x69, 0x20,
	0x31, 0x29, 0x29, 0x29, 0x20, 0x72, 0x65, 0x73, 0x29, 0x29, 0x29, 0x0a,
	0x20, 0x20, 0x72, 0x65, 0x73, 0x29, 0x29, 0x0a, 0x28, 0x64, 0x65, 0x66,
	0x61, 0x6c, 0x69, 0x61, 0x73, 0x20, 0x27, 0x6d, 0x61, 0x78, 0x20, 0x28,
	0x6c, 0x61, 0x6d, 0x62, 0x64, 0x61, 0x20, 0x61, 0x72, 0x67, 0x73, 0x0a,
	0x20, 0x20, 0x28, 0x69, 0x66, 0x20, 0x28, 0x6e, 0x75, 0x6c, 0x6c, 0x20,
	0x61, 0x72, 0x67, 0x73, 0x29, 0x0a, 0x20, 0x20, 0x20, 0x20, 0x20, 0x20,
	0x28, 0x73, 0x69, 0x67, 0x6e, 0x61, 0x6c, 0x20, 0x27, 0x77, 0x72, 0x6f,
	0x6e, 0x67, 0x2d, 0x6e, 0x75, 0x6d, 0x62, 0x65, 0x72, 0x2d, 0x6f, 0x66,
	0x2d, 0x61, 0x72, 0x67, 0x75, 0x6d, 0x65, 0x6e, 0x74, 0x73, 0x20, 0x28,
	0x6c, 0x69, 0x73, 0x74, 0x20, 0x27, 0x6d, 0x61, 0x78, 0x20, 0x30, 0x29,
	0x29, 0x0a, 0x20, 0x20, 0x20, 0x20, 0x28, 0x69, 0x6e, 0x74, 0x65, 0x72,
	0x6e, 0x61, 0x6c, 0x2d, 0x2d, 0x6c, 0x65, 0x74, 0x20, 0x72, 0x65, 0x73,
	0x75, 0x6c, 0x74, 0x20, 0x28, 0x63, 0x61, 0x72, 0x20, 0x61, 0x72, 0x67,
	0x73, 0x29, 0x29, 0x0a, 0x20, 0x20, 0x20, 0x20, 0x28, 0x73, 0x65, 0x74,
	0x71, 0x20, 0x61, 0x72, 0x67, 0x73, 0x20, 0x28, 0x63, 0x64, 0x72, 0x20,
	0x61, 0x72, 0x67, 0x73, 0x29, 0x29, 0x0a, 0x20, 0x20, 0x20, 0x20, 0x28,
	0x77, 0x68, 0x69, 0x6c, 0x65, 0x20, 0x61, 0x72, 0x67, 0x73, 0x0a, 0x20,
	0x20, 0x20, 0x20, 0x20, 0x20, 0x28, 0x69, 0x66, 0x20, 0x28, 0x3e, 0x20,
	0x28, 0x63, 0x61, 0x72, 0x20, 0x61, 0x72, 0x67, 0x73, 0x29, 0x20, 0x72,
	0x65, 0x73, 0x75, 0x6c, 0x74, 0x29, 0x20, 0x28, 0x73, 0x65, 0x74, 0x71,
	0x20, 0x72, 0x65, 0x73, 0x75, 0x6c, 0x74, 0x20, 0x28, 0x63, 0x61, 0x72,
	0x20, 0x61, 0x72, 0x67, 0x73, 0x29, 0x29, 0x29, 0x0a, 0x20, 0x20, 0x20,
	0x20, 0x20, 0x20, 0x28, 0x73, 0x65, 0x74, 0x71, 0x20, 0x61, 0x72, 0x67,
	0x73, 0x20, 0x28, 0x63, 0x64, 0x72, 0x20, 0x61, 0x72, 0x67, 0x73, 0x29,
	0x29, 0x29, 0x0a, 0x20, 0x20, 0x20, 0x20, 0x72, 0x65, 0x73, 0x75, 0x6c,
	0x74, 0x29, 0x29, 0x29, 0x0a, 0x28, 0x64, 0x65, 0x66, 0x61, 0x6c, 0x69,
	0x61, 0x73, 0x20, 0x27, 0x6d, 0x69, 0x6e, 0x20, 0x28, 0x6c, 0x61, 0x6d,
	0x62, 0x64, 0x61, 0x20, 0x61, 0x72, 0x67, 0x73, 0x0a, 0x20, 0x20, 0x28,
	0x69, 0x66, 0x20, 0x28, 0x6e, 0x75, 0x6c, 0x6c, 0x20, 0x61, 0x72, 0x67,
	0x73, 0x29, 0x0a, 0x20, 0x20, 0x20, 0x20, 0x20, 0x20, 0x28, 0x73, 0x69,
	0x67, 0x6e, 0x61, 0x6c, 0x20, 0x27, 0x77, 0x72, 0x6f, 0x6e, 0x67, 0x2d,
	0x6e, 0x75, 0x6d, 0x62, 0x65, 0x72, 0x2d, 0x6f, 0x66, 0x2d, 0x61, 0x72,
	0x67, 0x75, 0x6d, 0x65, 0x6e, 0x74, 0x73, 0x20, 0x28, 0x6c, 0x69, 0x73,
	0x74, 0x20, 0x27, 0x6d, 0x69, 0x6e, 0x20, 0x30, 0x29, 0x29, 0x0a, 0x20,
	0x20, 0x20, 0x20, 0x28, 0x69, 0x6e, 0x74, 0x65, 0x72, 0x6e, 0x61, 0x6c,
	0x2d, 0x2d, 0x6c, 0x65, 0x74, 0x20, 0x72, 0x65, 0x73, 0x75, 0x6c, 0x74,
	0x20, 0x28, 0x63, 0x61, 0x72, 0x20, 0x61, 0x72, 0x67, 0x73, 0x29, 0x29,
	0x0a, 0x20, 0x20, 0x20, 0x20, 0x28, 0x73, 0x65, 0x74, 0x71, 0x20, 0x61,
	0x72, 0x67, 0x73, 0x20, 0x28, 0x63, 0x64, 0x72, 0x20, 0x61, 0x72, 0x67,
	0x73, 0x29, 0x29, 0x0a, 0x20, 0x20, 0x20, 0x20, 0x28, 0x77, 0x68, 0x69,
	0x6c, 0x65, 0x20, 0x61, 0x72, 0x67, 0x73, 0x0a, 0x20, 0x20, 0x20, 0x20,
	0x20, 0x20, 0x28, 0x69, 0x66, 0x20, 0x28, 0x3c, 0x20, 0x28, 0x63, 0x61,
	0x72, 0x20, 0x61, 0x72, 0x67, 0x73, 0x29, 0x20, 0x72, 0x65, 0x73, 0x75,
	0x6c, 0x74, 0x29, 0x20, 0x28, 0x73, 0x65, 0x74, 0x71, 0x20, 0x72, 0x65,
	0x73, 0x75, 0x6c, 0x74, 0x20, 0x28, 0x63, 0x61, 0x72, 0x20, 0x61, 0x72,
	0x67, 0x73, 0x29, 0x29, 0x29, 0x0a, 0x20, 0x20, 0x20, 0x20, 0x20, 0x20,
	0x28, 0x73, 0x65, 0x74, 0x71, 0x20, 0x61, 0x72, 0x67, 0x73, 0x20, 0x28,
	0x63, 0x64, 0x72, 0x20, 0x61, 0x72, 0x67, 0x73, 0x29, 0x29, 0x29, 0x0a,
	0x20, 0x20, 0x20, 0x20, 0x72, 0x65, 0x73, 0x75, 0x6c, 0x74, 0x29, 0x29,
	0x29, 0x0a, 0x3b, 0x3b, 0x20, 0x2d, 0x2d, 0x2d, 0x20, 0x63, 0x6f, 0x6e,
	0x74, 0x72, 0x6f, 0x6c, 0x20, 0x6d, 0x61, 0x63, 0x72, 0x6f, 0x73, 0x20,
	0x2d, 0x2d, 0x2d, 0x0a, 0x28, 0x64, 0x65, 0x66, 0x61, 0x6c, 0x69, 0x61,
	0x73, 0x20, 0x27, 0x69, 0x6e, 0x74, 0x65, 0x72, 0x6e, 0x61, 0x6c, 0x2d,
	0x2d, 0x66, 0x69, 0x72, 0x73, 0x74, 0x20, 0x28, 0x6c, 0x61, 0x6d, 0x62,
	0x64, 0x61, 0x20, 0x61, 0x72, 0x67, 0x73, 0x20, 0x28, 0x63, 0x61, 0x72,
	0x20, 0x61, 0x72, 0x67, 0x73, 0x29, 0x29, 0x29, 0x0a, 0x28, 0x64, 0x65,
	0x66, 0x61, 0x6c, 0x69, 0x61, 0x73, 0x20, 0x27, 0x69, 0x6e, 0x74, 0x65,
	0x72, 0x6e, 0x61, 0x6c, 0x2d, 0x2d, 0x64, 0x6f, 0x6c, 0x69, 0x73, 0x74,
	0x20, 0x28, 0x6c, 0x61, 0x6d, 0x62, 0x64, 0x61, 0x20, 0x28, 0x69, 0x74,
	0x65, 0x6d, 0x73, 0x20, 0x62, 0x6f, 0x64, 0x79, 0x29, 0x0a, 0x20, 0x20,
	0x28, 0x77, 0x68, 0x69, 0x6c, 0x65, 0x20, 0x69, 0x74, 0x65, 0x6d, 0x73,
	0x0a, 0x20, 0x20, 0x20, 0x20, 0x28, 0x66, 0x75, 0x6e, 0x63, 0x61, 0x6c,
	0x6c, 0x20, 0x62, 0x6f, 0x64, 0x79, 0x20, 0x28, 0x63, 0x61, 0x72, 0x20,
	0x69, 0x74, 0x65, 0x6d, 0x73, 0x29, 0x29, 0x0a, 0x20, 0x20, 0x20, 0x20,
	0x28, 0x73, 0x65, 0x74, 0x71, 0x20, 0x69, 0x74, 0x65, 0x6d, 0x73, 0x20,
	0x28, 0x63, 0x64, 0x72, 0x20, 0x69, 0x74, 0x65, 0x6d, 0x73, 0x29, 0x29,
	0x29, 0x29, 0x29, 0x0a, 0x28, 0x64, 0x65, 0x66, 0x61, 0x6c, 0x69, 0x61,
	0x73, 0x20, 0x27, 0x69, 0x6e, 0x74, 0x65, 0x72, 0x6e, 0x61, 0x6c, 0x2d,
	0x2d, 0x64, 0x6f, 0x74, 0x69, 0x6d, 0x65, 0x73, 0x20, 0x28, 0x6c, 0x61,
	0x6d, 0x62, 0x64, 0x61, 0x20, 0x28, 0x63, 0x6f, 0x75, 0x6e, 0x74, 0x20,
	0x62, 0x6f, 0x64, 0x79, 0x29, 0x0a, 0x20, 0x20, 0x28, 0x28, 0x6c, 0x61,
	0x6d, 0x62, 0x64, 0x61, 0x20, 0x28, 0x69, 0x29, 0x0a, 0x20, 0x20, 0x20,
	0x20, 0x20, 0x28, 0x77, 0x68, 0x69, 0x6c, 0x65, 0x20, 0x28, 0x3c, 0x20,
	0x69, 0x20, 0x63, 0x6f, 0x75, 0x6e, 0x74, 0x29, 0x0a, 0x20, 0x20, 0x20,
	0x20, 0x20, 0x20, 0x20, 0x28, 0x66, 0x75, 0x6e, 0x63, 0x61, 0x6c, 0x6c,
	0x20, 0x62, 0x6f, 0x64, 0x79, 0x20, 0x69, 0x29, 0x0a, 0x20, 0x20, 0x20,
	0x20, 0x20, 0x20, 0x20, 0x28, 0x73, 0x65, 0x74, 0x71, 0x20, 0x69, 0x20,
	0x28, 0x2b, 0x20, 0x69, 0x20, 0x31, 0x29, 0x29, 0x29, 0x29, 0x0a, 0x20,
	0x20, 0x20, 0x30, 0x29, 0x29, 0x29, 0x0a, 0x28, 0x64, 0x65, 0x66, 0x61,
	0x6c, 0x69, 0x61, 0x73, 0x20, 0x27, 0x62, 0x65, 0x67, 0x69, 0x6e, 0x6e,
	0x69, 0x6e, 0x67, 0x2d, 0x6f, 0x66, 0x2d, 0x62, 0x75, 0x66, 0x66, 0x65,
	0x72, 0x20, 0x28, 0x6c, 0x61, 0x6d, 0x62, 0x64, 0x61, 0x20, 0x28, 0x29,
	0x20, 0x28, 0x67, 0x6f, 0x74, 0x6f, 0x2d, 0x63, 0x68, 0x61, 0x72, 0x20,
	0x28, 0x70, 0x6f, 0x69, 0x6e, 0x74, 0x2d, 0x6d, 0x69, 0x6e, 0x29, 0x29,
	0x29, 0x29, 0x0a, 0x28, 0x64, 0x65, 0x66, 0x61, 0x6c, 0x69, 0x61, 0x73,
	0x20, 0x27, 0x65, 0x6e, 0x64, 0x2d, 0x6f, 0x66, 0x2d, 0x62, 0x75, 0x66,
	0x66, 0x65, 0x72, 0x20, 0x28, 0x6c, 0x61, 0x6d, 0x62, 0x64, 0x61, 0x20,
	0x28, 0x29, 0x20, 0x28, 0x67, 0x6f, 0x74, 0x6f, 0x2d, 0x63, 0x68, 0x61,
	0x72, 0x20, 0x28, 0x70, 0x6f, 0x69, 0x6e, 0x74, 0x2d, 0x6d, 0x61, 0x78,
	0x29, 0x29, 0x29, 0x29, 0x0a, 0x3b, 0x3b, 0x20, 0x2d, 0x2d, 0x2d, 0x20,
	0x71, 0x75, 0x61, 0x73, 0x69, 0x71, 0x75, 0x6f, 0x74, 0x65, 0x3a, 0x20,
	0x60, 0x78, 0x20, 0x2c, 0x20, 0x2c, 0x40, 0x20, 0x72, 0x65, 0x61, 0x64,
	0x20, 0x61, 0x73, 0x20, 0x28, 0x71, 0x75, 0x61, 0x73, 0x69, 0x71, 0x75,
	0x6f, 0x74, 0x65, 0x20, 0x78, 0x29, 0x20, 0x65, 0x74, 0x63, 0x2e, 0x20,
	0x2d, 0x2d, 0x2d, 0x0a, 0x28, 0x64, 0x65, 0x66, 0x61, 0x6c, 0x69, 0x61,
	0x73, 0x20, 0x27, 0x69, 0x6e, 0x74, 0x65, 0x72, 0x6e, 0x61, 0x6c, 0x2d,
	0x2d, 0x71, 0x71, 0x20, 0x28, 0x6c, 0x61, 0x6d, 0x62, 0x64, 0x61, 0x20,
	0x28, 0x66, 0x6f, 0x72, 0x6d, 0x20, 0x26, 0x6f, 0x70, 0x74, 0x69, 0x6f,
	0x6e, 0x61, 0x6c, 0x20, 0x64, 0x65, 0x70, 0x74, 0x68, 0x29, 0x0a, 0x20,
	0x20, 0x28, 0x69, 0x66, 0x20, 0x28, 0x6e, 0x75, 0x6c, 0x6c, 0x20, 0x64,
	0x65, 0x70, 0x74, 0x68, 0x29, 0x20, 0x28, 0x73, 0x65, 0x74, 0x71, 0x20,
	0x64, 0x65, 0x70, 0x74, 0x68, 0x20, 0x31, 0x29, 0x29, 0x0a, 0x20, 0x20,
	0x28, 0x69, 0x66, 0x20, 0x28, 0x61, 0x74, 0x6f, 0x6d, 0x20, 0x66, 0x6f,
	0x72, 0x6d, 0x29, 0x0a, 0x20, 0x20, 0x20, 0x20, 0x20, 0x20, 0x28, 0x6c,
	0x69, 0x73, 0x74, 0x20, 0x27, 0x71, 0x75, 0x6f, 0x74, 0x65, 0x20, 0x66,
	0x6f, 0x72, 0x6d, 0x29, 0x0a, 0x20, 0x20, 0x20, 0x20, 0x28, 0x69, 0x66,
	0x20, 0x28, 0x65, 0x71, 0x20, 0x28, 0x63, 0x61, 0x72, 0x20, 0x66, 0x6f,
	0x72, 0x6d, 0x29, 0x20, 0x27, 0x75, 0x6e, 0x71, 0x75, 0x6f, 0x74, 0x65,
	0x29, 0x0a, 0x20, 0x20, 0x20, 0x20, 0x20, 0x20, 0x20, 0x20, 0x28, 0x69,
	0x66, 0x20, 0x28, 0x3d, 0x20, 0x64, 0x65, 0x70, 0x74, 0x68, 0x20, 0x31,
	0x29, 0x0a, 0x20, 0x20, 0x20, 0x20, 0x20, 0x20, 0x20, 0x20, 0x20, 0x20,
	0x20, 0x20, 0x28, 0x63, 0x61, 0x72, 0x20, 0x28, 0x63, 0x64, 0x72, 0x20,
	0x66, 0x6f, 0x72, 0x6d, 0x29, 0x29, 0x0a, 0x20, 0x20, 0x20, 0x20, 0x20,
	0x20, 0x20, 0x20, 0x20, 0x20, 0x28, 0x6c, 0x69, 0x73, 0x74, 0x20, 0x27,
	0x6c, 0x69, 0x73, 0x74, 0x20, 0x28, 0x6c, 0x69, 0x73, 0x74, 0x20, 0x27,
	0x71, 0x75, 0x6f, 0x74, 0x65, 0x20, 0x27, 0x75, 0x6e, 0x71, 0x75, 0x6f,
	0x74, 0x65, 0x29, 0x0a, 0x20, 0x20, 0x20, 0x20, 0x20, 0x20, 0x20, 0x20,
	0x20, 0x20, 0x20, 0x20, 0x28, 0x69, 0x6e, 0x74, 0x65, 0x72, 0x6e, 0x61,
	0x6c, 0x2d, 0x2d, 0x71, 0x71, 0x20, 0x28, 0x63, 0x61, 0x72, 0x20, 0x28,
	0x63, 0x64, 0x72, 0x20, 0x66, 0x6f, 0x72, 0x6d, 0x29, 0x29, 0x20, 0x28,
	0x2d, 0x20, 0x64, 0x65, 0x70, 0x74, 0x68, 0x20, 0x31, 0x29, 0x29, 0x29,
	0x29, 0x0a, 0x20, 0x20, 0x20, 0x20, 0x20, 0x20, 0x28, 0x69, 0x66, 0x20,
	0x28, 0x65, 0x71, 0x20, 0x28, 0x63, 0x61, 0x72, 0x20, 0x66, 0x6f, 0x72,
	0x6d, 0x29, 0x20, 0x27, 0x71, 0x75, 0x61, 0x73, 0x69, 0x71, 0x75, 0x6f,
	0x74, 0x65, 0x29, 0x0a, 0x20, 0x20, 0x20, 0x20, 0x20, 0x20, 0x20, 0x20,
	0x20, 0x20, 0x28, 0x6c, 0x69, 0x73, 0x74, 0x20, 0x27, 0x6c, 0x69, 0x73,
	0x74, 0x20, 0x28, 0x6c, 0x69, 0x73, 0x74, 0x20, 0x27, 0x71, 0x75, 0x6f,
	0x74, 0x65, 0x20, 0x27, 0x71, 0x75, 0x61, 0x73, 0x69, 0x71, 0x75, 0x6f,
	0x74, 0x65, 0x29, 0x0a, 0x20, 0x20, 0x20, 0x20, 0x20, 0x20, 0x20, 0x20,
	0x20, 0x20, 0x20, 0x20, 0x28, 0x69, 0x6e, 0x74, 0x65, 0x72, 0x6e, 0x61,
	0x6c, 0x2d, 0x2d, 0x71, 0x71, 0x20, 0x28, 0x63, 0x61, 0x72, 0x20, 0x28,
	0x63, 0x64, 0x72, 0x20, 0x66, 0x6f, 0x72, 0x6d, 0x29, 0x29, 0x20, 0x28,
	0x2b, 0x20, 0x64, 0x65, 0x70, 0x74, 0x68, 0x20, 0x31, 0x29, 0x29, 0x29,
	0x0a, 0x20, 0x20, 0x20, 0x20, 0x20, 0x20, 0x20, 0x20, 0x28, 0x69, 0x6e,
	0x74, 0x65, 0x72, 0x6e, 0x61, 0x6c, 0x2d, 0x2d, 0x71, 0x71, 0x2d, 0x6c,
	0x69, 0x73, 0x74, 0x20, 0x66, 0x6f, 0x72, 0x6d, 0x20, 0x64, 0x65, 0x70,
	0x74, 0x68, 0x29, 0x29, 0x29, 0x29, 0x29, 0x29, 0x0a, 0x3b, 0x3b, 0x20,
	0x41, 0x20, 0x64, 0x6f, 0x74, 0x74, 0x65, 0x64, 0x20, 0x74, 0x61, 0x69,
	0x6c, 0x20, 0x72, 0x65, 0x61, 0x63, 0x68, 0x65, 0x73, 0x20, 0x68, 0x65,
	0x72, 0x65, 0x20, 0x74, 0x77, 0x6f, 0x20, 0x77, 0x61, 0x79, 0x73, 0x2c,
	0x20, 0x61, 0x6e, 0x64, 0x20, 0x45, 0x6d, 0x61, 0x63, 0x73, 0x20, 0x61,
	0x6e, 0x73, 0x77, 0x65, 0x72, 0x73, 0x20, 0x62, 0x6f, 0x74, 0x68, 0x20,
	0x74, 0x68, 0x65, 0x20, 0x73, 0x61, 0x6d, 0x65, 0x2e, 0x0a, 0x3b, 0x3b,
	0x20, 0x54, 0x68, 0x65, 0x20, 0x72, 0x65, 0x61, 0x64, 0x65, 0x72, 0x20,
	0x6b, 0x65, 0x65, 0x70, 0x73, 0x20, 0x60, 0x28, 0x61, 0x20, 0x2e, 0x20,
	0x62, 0x29, 0x27, 0x20, 0x69, 0x6d, 0x70, 0x72, 0x6f, 0x70, 0x65, 0x72,
	0x2c, 0x20, 0x73, 0x6f, 0x20, 0x74, 0x68, 0x65, 0x20, 0x77, 0x61, 0x6c,
	0x6b, 0x20, 0x62, 0x65, 0x6c, 0x6f, 0x77, 0x20, 0x73, 0x69, 0x6d, 0x70,
	0x6c, 0x79, 0x20, 0x72, 0x75, 0x6e, 0x73, 0x20, 0x6f, 0x75, 0x74, 0x0a,
	0x3b, 0x3b, 0x20, 0x6f, 0x66, 0x20, 0x63, 0x6f, 0x6e, 0x73, 0x65, 0x73,
	0x20, 0x77, 0x69, 0x74, 0x68, 0x20, 0x60, 0x66, 0x6f, 0x72, 0x6d, 0x27,
	0x20, 0x73, 0x74, 0x69, 0x6c, 0x6c, 0x20, 0x6e, 0x6f, 0x6e, 0x2d, 0x6e,
	0x69, 0x6c, 0x2e, 0x20, 0x20, 0x42, 0x75, 0x74, 0x20, 0x60, 0x28, 0x31,
	0x20, 0x2e, 0x20, 0x2c, 0x78, 0x29, 0x27, 0x20, 0x69, 0x73, 0x20, 0x4e,
	0x4f, 0x54, 0x20, 0x69, 0x6d, 0x70, 0x72, 0x6f, 0x70, 0x65, 0x72, 0x3a,
	0x0a, 0x3b, 0x3b, 0x20, 0x74, 0x68, 0x65, 0x20, 0x72, 0x65, 0x61, 0x64,
	0x65, 0x72, 0x20, 0x74, 0x75, 0x72, 0x6e, 0x73, 0x20, 0x60, 0x2c, 0x78,
	0x27, 0x20, 0x69, 0x6e, 0x74, 0x6f, 0x20, 0x74, 0x68, 0x65, 0x20, 0x74,
	0x77, 0x6f, 0x2d, 0x65, 0x6c, 0x65, 0x6d, 0x65, 0x6e, 0x74, 0x20, 0x6c,
	0x69, 0x73, 0x74, 0x20, 0x60, 0x28, 0x75, 0x6e, 0x71, 0x75, 0x6f, 0x74,
	0x65, 0x20, 0x78, 0x29, 0x27, 0x2c, 0x20, 0x73, 0x6f, 0x20, 0x74, 0x68,
	0x65, 0x0a, 0x3b, 0x3b, 0x20, 0x77, 0x68, 0x6f, 0x6c, 0x65, 0x20, 0x66,
	0x6f, 0x72, 0x6d, 0x20, 0x72, 0x65, 0x61, 0x64, 0x73, 0x20, 0x61, 0x73,
	0x20, 0x74, 0x68, 0x65, 0x20, 0x50, 0x52, 0x4f, 0x50, 0x45, 0x52, 0x20,
	0x6c, 0x69, 0x73, 0x74, 0x20, 0x60, 0x28, 0x31, 0x20, 0x75, 0x6e, 0x71,
	0x75, 0x6f, 0x74, 0x65, 0x20, 0x78, 0x29, 0x27, 0x2e, 0x20, 0x20, 0x45,
	0x6d, 0x61, 0x63, 0x73, 0x27, 0x20, 0x72, 0x75, 0x6c, 0x65, 0x20, 0x69,
	0x73, 0x0a, 0x3b, 0x3b, 0x20, 0x74, 0x68, 0x61, 0x74, 0x20, 0x61, 0x6e,
	0x20, 0x60, 0x75, 0x6e, 0x71, 0x75, 0x6f, 0x74, 0x65, 0x27, 0x20, 0x66,
	0x6f, 0x72, 0x6d, 0x20, 0x61, 0x70, 0x70, 0x65, 0x61, 0x72, 0x69, 0x6e,
	0x67, 0x20, 0x69, 0x6e, 0x20, 0x63, 0x64, 0x72, 0x20, 0x70, 0x6f, 0x73,
	0x69, 0x74, 0x69, 0x6f, 0x6e, 0x20, 0x69, 0x73, 0x20, 0x74, 0x68, 0x65,
	0x20, 0x64, 0x6f, 0x74, 0x74, 0x65, 0x64, 0x20, 0x74, 0x61, 0x69, 0x6c,
	0x2c, 0x0a, 0x3b, 0x3b, 0x20, 0x77, 0x68, 0x69, 0x63, 0x68, 0x20, 0x69,
	0x73, 0x20, 0x61, 0x6c, 0x73, 0x6f, 0x20, 0x77, 0x68, 0x79, 0x20, 0x60,
	0x28, 0x61, 0x20, 0x75, 0x6e, 0x71, 0x75, 0x6f, 0x74, 0x65, 0x20, 0x62,
	0x29, 0x27, 0x20, 0x6d, 0x65, 0x61, 0x6e, 0x73, 0x20, 0x60, 0x28, 0x61,
	0x20, 0x2e, 0x20, 0x56, 0x41, 0x4c, 0x55, 0x45, 0x2d, 0x4f, 0x46, 0x2d,
	0x62, 0x29, 0x27, 0x20, 0x74, 0x68, 0x65, 0x72, 0x65, 0x2e, 0x0a, 0x3b,
	0x3b, 0x20, 0x60, 0x73, 0x65, 0x67, 0x73, 0x27, 0x20, 0x69, 0x73, 0x20,
	0x61, 0x63, 0x63, 0x75, 0x6d, 0x75, 0x6c, 0x61, 0x74, 0x65, 0x64, 0x20,
	0x72, 0x65, 0x76, 0x65, 0x72, 0x73, 0x65, 0x64, 0x20, 0x61, 0x6e, 0x64,
	0x20, 0x68, 0x61, 0x6e, 0x64, 0x65, 0x64, 0x20, 0x74, 0x6f, 0x20, 0x69,
	0x6e, 0x74, 0x65, 0x72, 0x6e, 0x61, 0x6c, 0x2d, 0x2d, 0x71, 0x71, 0x2d,
	0x64, 0x6f, 0x74, 0x74, 0x65, 0x64, 0x20, 0x74, 0x68, 0x61, 0x74, 0x0a,
	0x3b, 0x3b, 0x20, 0x77, 0x61, 0x79, 0x3b, 0x20, 0x74, 0x68, 0x65, 0x20,
	0x74, 0x61, 0x69, 0x6c, 0x20, 0x69, 0x73, 0x20, 0x74, 0x68, 0x65, 0x20,
	0x6c, 0x61, 0x73, 0x74, 0x20, 0x61, 0x72, 0x67, 0x75, 0x6d, 0x65, 0x6e,
	0x74, 0x20, 0x6f, 0x66, 0x20, 0x74, 0x68, 0x65, 0x20, 0x60, 0x61, 0x70,
	0x70, 0x65, 0x6e, 0x64, 0x27, 0x2c, 0x20, 0x77, 0x68, 0x69, 0x63, 0x68,
	0x20, 0x69, 0x73, 0x20, 0x65, 0x78, 0x61, 0x63, 0x74, 0x6c, 0x79, 0x0a,
	0x3b, 0x3b, 0x20, 0x77, 0x68, 0x61, 0x74, 0x20, 0x6d, 0x61, 0x6b, 0x65,
	0x73, 0x20, 0x61, 0x6e, 0x20, 0x69, 0x6d, 0x70, 0x72, 0x6f, 0x70, 0x65,
	0x72, 0x20, 0x72, 0x65, 0x73, 0x75, 0x6c, 0x74, 0x20, 0x2d, 0x2d, 0x20,
	0x28, 0x61, 0x70, 0x70, 0x65, 0x6e, 0x64, 0x20, 0x28, 0x6c, 0x69, 0x73,
	0x74, 0x20, 0x27, 0x61, 0x29, 0x20, 0x27, 0x62, 0x29, 0x20, 0x69, 0x73,
	0x20, 0x28, 0x61, 0x20, 0x2e, 0x20, 0x62, 0x29, 0x20, 0x2d, 0x2d, 0x0a,
	0x3b, 0x3b, 0x20, 0x61, 0x6e, 0x64, 0x20, 0x6b, 0x65, 0x65, 0x70, 0x73,
	0x20, 0x60, 0x2c, 0x40, 0x27, 0x20, 0x73, 0x65, 0x67, 0x6d, 0x65, 0x6e,
	0x74, 0x73, 0x20, 0x77, 0x6f, 0x72, 0x6b, 0x69, 0x6e, 0x67, 0x20, 0x69,
	0x6e, 0x20, 0x66, 0x72, 0x6f, 0x6e, 0x74, 0x20, 0x6f, 0x66, 0x20, 0x6f,
	0x6e, 0x65, 0x2e, 0x0a, 0x28, 0x64, 0x65, 0x66, 0x61, 0x6c, 0x69, 0x61,
	0x73, 0x20, 0x27, 0x69, 0x6e, 0x74, 0x65, 0x72, 0x6e, 0x61, 0x6c, 0x2d,
	0x2d, 0x71, 0x71, 0x2d, 0x6c, 0x69, 0x73, 0x74, 0x20, 0x28, 0x6c, 0x61,
	0x6d, 0x62, 0x64, 0x61, 0x20, 0x28, 0x66, 0x6f, 0x72, 0x6d, 0x20, 0x64,
	0x65, 0x70, 0x74, 0x68, 0x29, 0x0a, 0x20, 0x20, 0x28, 0x69, 0x6e, 0x74,
	0x65, 0x72, 0x6e, 0x61, 0x6c, 0x2d, 0x2d, 0x6c, 0x65, 0x74, 0x20, 0x73,
	0x65, 0x67, 0x73, 0x20, 0x6e, 0x69, 0x6c, 0x29, 0x0a, 0x20, 0x20, 0x28,
	0x69, 0x6e, 0x74, 0x65, 0x72, 0x6e, 0x61, 0x6c, 0x2d, 0x2d, 0x6c, 0x65,
	0x74, 0x20, 0x74, 0x61, 0x69, 0x6c, 0x20, 0x6e, 0x69, 0x6c, 0x29, 0x0a,
	0x20, 0x20, 0x28, 0x69, 0x6e, 0x74, 0x65, 0x72, 0x6e, 0x61, 0x6c, 0x2d,
	0x2d, 0x6c, 0x65, 0x74, 0x20, 0x64, 0x6f, 0x74, 0x74, 0x65, 0x64, 0x20,
	0x6e, 0x69, 0x6c, 0x29, 0x0a, 0x20, 0x20, 0x28, 0x77, 0x68, 0x69, 0x6c,
	0x65, 0x20, 0x28, 0x63, 0x6f, 0x6e, 0x73, 0x70, 0x20, 0x66, 0x6f, 0x72,
	0x6d, 0x29, 0x0a, 0x20, 0x20, 0x20, 0x20, 0x28, 0x69, 0x66, 0x20, 0x28,
	0x61, 0x6e, 0x64, 0x20, 0x28, 0x3d, 0x20, 0x64, 0x65, 0x70, 0x74, 0x68,
	0x20, 0x31, 0x29, 0x20, 0x28, 0x65, 0x71, 0x20, 0x28, 0x63, 0x61, 0x72,
	0x20, 0x66, 0x6f, 0x72, 0x6d, 0x29, 0x20, 0x27, 0x75, 0x6e, 0x71, 0x75,
	0x6f, 0x74, 0x65, 0x29, 0x20, 0x28, 0x63, 0x6f, 0x6e, 0x73, 0x70, 0x20,
	0x28, 0x63, 0x64, 0x72, 0x20, 0x66, 0x6f, 0x72, 0x6d, 0x29, 0x29, 0x29,
	0x0a, 0x20, 0x20, 0x20, 0x20, 0x20, 0x20, 0x20, 0x20, 0x28, 0x70, 0x72,
	0x6f, 0x67, 0x6e, 0x0a, 0x20, 0x20, 0x20, 0x20, 0x20, 0x20, 0x20, 0x20,
	0x20, 0x20, 0x28, 0x73, 0x65, 0x74, 0x71, 0x20, 0x74, 0x61, 0x69, 0x6c,
	0x20, 0x28, 0x63, 0x61, 0x72, 0x20, 0x28, 0x63, 0x64, 0x72, 0x20, 0x66,
	0x6f, 0x72, 0x6d, 0x29, 0x29, 0x29, 0x0a, 0x20, 0x20, 0x20, 0x20, 0x20,
	0x20, 0x20, 0x20, 0x20, 0x20, 0x28, 0x73, 0x65, 0x74, 0x71, 0x20, 0x64,
	0x6f, 0x74, 0x74, 0x65, 0x64, 0x20, 0x74, 0x29, 0x0a, 0x20, 0x20, 0x20,
	0x20, 0x20, 0x20, 0x20, 0x20, 0x20, 0x20, 0x28, 0x73, 0x65, 0x74, 0x71,
	0x20, 0x66, 0x6f, 0x72, 0x6d, 0x20, 0x6e, 0x69, 0x6c, 0x29, 0x29, 0x0a,
	0x20, 0x20, 0x20, 0x20, 0x20, 0x20, 0x28, 0x69, 0x6e, 0x74, 0x65, 0x72,
	0x6e, 0x61, 0x6c, 0x2d, 0x2d, 0x6c, 0x65, 0x74, 0x20, 0x65, 0x20, 0x28,
	0x63, 0x61, 0x72, 0x20, 0x66, 0x6f, 0x72, 0x6d, 0x29, 0x29, 0x0a, 0x20,
	0x20, 0x20, 0x20, 0x20, 0x20, 0x28, 0x69, 0x66, 0x20, 0x28, 0x61, 0x6e,
	0x64, 0x20, 0x28, 0x3d, 0x20, 0x64, 0x65, 0x70, 0x74, 0x68, 0x20, 0x31,
	0x29, 0x20, 0x28, 0x63, 0x6f, 0x6e, 0x73, 0x70, 0x20, 0x65, 0x29, 0x20,
	0x28, 0x65, 0x71, 0x20, 0x28, 0x63, 0x61, 0x72, 0x20, 0x65, 0x29, 0x20,
	0x27, 0x75, 0x6e, 0x71, 0x75, 0x6f, 0x74, 0x65, 0x2d, 0x73, 0x70, 0x6c,
	0x69, 0x63, 0x69, 0x6e, 0x67, 0x29, 0x29, 0x0a, 0x20, 0x20, 0x20, 0x20,
	0x20, 0x20, 0x20, 0x20, 0x20, 0x20, 0x28, 0x73, 0x65, 0x74, 0x71, 0x20,
	0x73, 0x65, 0x67, 0x73, 0x20, 0x28, 0x63, 0x6f, 0x6e, 0x73, 0x20, 0x28,
	0x63, 0x61, 0x72, 0x20, 0x28, 0x63, 0x64, 0x72, 0x20, 0x65, 0x29, 0x29,
	0x20, 0x73, 0x65, 0x67, 0x73, 0x29, 0x29, 0x0a, 0x20, 0x20, 0x20, 0x20,
	0x20, 0x20, 0x20, 0x20, 0x28, 0x73, 0x65, 0x74, 0x71, 0x20, 0x73, 0x65,
	0x67, 0x73, 0x20, 0x28, 0x63, 0x6f, 0x6e, 0x73, 0x20, 0x28, 0x6c, 0x69,
	0x73, 0x74, 0x20, 0x27, 0x6c, 0x69, 0x73, 0x74, 0x20, 0x28, 0x69, 0x6e,
	0x74, 0x65, 0x72, 0x6e, 0x61, 0x6c, 0x2d, 0x2d, 0x71, 0x71, 0x20, 0x65,
	0x20, 0x64, 0x65, 0x70, 0x74, 0x68, 0x29, 0x29, 0x20, 0x73, 0x65, 0x67,
	0x73, 0x29, 0x29, 0x29, 0x0a, 0x20, 0x20, 0x20, 0x20, 0x20, 0x20, 0x28,
	0x73, 0x65, 0x74, 0x71, 0x20, 0x66, 0x6f, 0x72, 0x6d, 0x20, 0x28, 0x63,
	0x64, 0x72, 0x20, 0x66, 0x6f, 0x72, 0x6d, 0x29, 0x29, 0x29, 0x29, 0x0a,
	0x20, 0x20, 0x28, 0x69, 0x66, 0x20, 0x66, 0x6f, 0x72, 0x6d, 0x0a, 0x20,
	0x20, 0x20, 0x20, 0x20, 0x20, 0x28, 0x69, 0x6e, 0x74, 0x65, 0x72, 0x6e,
	0x61, 0x6c, 0x2d, 0x2d, 0x71, 0x71, 0x2d, 0x64, 0x6f, 0x74, 0x74, 0x65,
	0x64, 0x20, 0x73, 0x65, 0x67, 0x73, 0x20, 0x28, 0x69, 0x6e, 0x74, 0x65,
	0x72, 0x6e, 0x61, 0x6c, 0x2d, 0x2d, 0x71, 0x71, 0x20, 0x66, 0x6f, 0x72,
	0x6d, 0x20, 0x64, 0x65, 0x70, 0x74, 0x68, 0x29, 0x29, 0x0a, 0x20, 0x20,
	0x20, 0x20, 0x28, 0x69, 0x66, 0x20, 0x64, 0x6f, 0x74, 0x74, 0x65, 0x64,
	0x0a, 0x20, 0x20, 0x20, 0x20, 0x20, 0x20, 0x20, 0x20, 0x28, 0x69, 0x6e,
	0x74, 0x65, 0x72, 0x6e, 0x61, 0x6c, 0x2d, 0x2d, 0x71, 0x71, 0x2d, 0x64,
	0x6f, 0x74, 0x74, 0x65, 0x64, 0x20, 0x73, 0x65, 0x67, 0x73, 0x20, 0x74,
	0x61, 0x69, 0x6c, 0x29, 0x0a, 0x20, 0x20, 0x20, 0x20, 0x20, 0x20, 0x28,
	0x63, 0x6f, 0x6e, 0x73, 0x20, 0x27, 0x61, 0x70, 0x70, 0x65, 0x6e, 0x64,
	0x20, 0x28, 0x72, 0x65, 0x76, 0x65, 0x72, 0x73, 0x65, 0x20, 0x73, 0x65,
	0x67, 0x73, 0x29, 0x29, 0x29, 0x29, 0x29, 0x29, 0x0a, 0x3b, 0x3b, 0x20,
	0x53, 0x45, 0x47, 0x53, 0x20, 0x69, 0x73, 0x20, 0x73, 0x74, 0x69, 0x6c,
	0x6c, 0x20, 0x72, 0x65, 0x76, 0x65, 0x72, 0x73, 0x65, 0x64, 0x20, 0x68,
	0x65, 0x72, 0x65, 0x3b, 0x20, 0x74, 0x68, 0x65, 0x20, 0x74, 0x61, 0x69,
	0x6c, 0x20, 0x66, 0x6f, 0x72, 0x6d, 0x20, 0x6a, 0x6f, 0x69, 0x6e, 0x73,
	0x20, 0x69, 0x74, 0x20, 0x61, 0x73, 0x20, 0x74, 0x68, 0x65, 0x20, 0x66,
	0x69, 0x72, 0x73, 0x74, 0x0a, 0x3b, 0x3b, 0x20, 0x65, 0x6c, 0x65, 0x6d,
	0x65, 0x6e, 0x74, 0x20, 0x73, 0x6f, 0x20, 0x74, 0x68, 0x61, 0x74, 0x20,
	0x72, 0x65, 0x76, 0x65, 0x72, 0x73, 0x69, 0x6e, 0x67, 0x20, 0x70, 0x75,
	0x74, 0x73, 0x20, 0x69, 0x74, 0x20, 0x6c, 0x61, 0x73, 0x74, 0x2c, 0x20,
	0x77, 0x68, 0x65, 0x72, 0x65, 0x20, 0x60, 0x61, 0x70, 0x70, 0x65, 0x6e,
	0x64, 0x27, 0x20, 0x72, 0x65, 0x61, 0x64, 0x73, 0x20, 0x69, 0x74, 0x20,
	0x61, 0x73, 0x20, 0x74, 0x68, 0x65, 0x0a, 0x3b, 0x3b, 0x20, 0x66, 0x69,
	0x6e, 0x61, 0x6c, 0x20, 0x2d, 0x2d, 0x20, 0x70, 0x6f, 0x73, 0x73, 0x69,
	0x62, 0x6c, 0x79, 0x20, 0x6e, 0x6f, 0x6e, 0x2d, 0x6c, 0x69, 0x73, 0x74,
	0x20, 0x2d, 0x2d, 0x20, 0x61, 0x72, 0x67, 0x75, 0x6d, 0x65, 0x6e, 0x74,
	0x2e, 0x0a, 0x28, 0x64, 0x65, 0x66, 0x61, 0x6c, 0x69, 0x61, 0x73, 0x20,
	0x27, 0x69, 0x6e, 0x74, 0x65, 0x72, 0x6e, 0x61, 0x6c, 0x2d, 0x2d, 0x71,
	0x71, 0x2d, 0x64, 0x6f, 0x74, 0x74, 0x65, 0x64, 0x20, 0x28, 0x6c, 0x61,
	0x6d, 0x62, 0x64, 0x61, 0x20, 0x28, 0x73, 0x65, 0x67, 0x73, 0x20, 0x74,
	0x61, 0x69, 0x6c, 0x29, 0x0a, 0x20, 0x20, 0x28, 0x63, 0x6f, 0x6e, 0x73,
	0x20, 0x27, 0x61, 0x70, 0x70, 0x65, 0x6e, 0x64, 0x20, 0x28, 0x72, 0x65,
	0x76, 0x65, 0x72, 0x73, 0x65, 0x20, 0x28, 0x63, 0x6f, 0x6e, 0x73, 0x20,
	0x74, 0x61, 0x69, 0x6c, 0x20, 0x73, 0x65, 0x67, 0x73, 0x29, 0x29, 0x29,
	0x29, 0x29, 0x0a, 0x28, 0x64, 0x65, 0x66, 0x61, 0x6c, 0x69, 0x61, 0x73,
	0x20, 0x27, 0x69, 0x6e, 0x74, 0x65, 0x72, 0x6e, 0x61, 0x6c, 0x2d, 0x2d,
	0x69, 0x6e, 0x74, 0x65, 0x72, 0x61, 0x63, 0x74, 0x69, 0x76, 0x65, 0x2d,
	0x70, 0x20, 0x28, 0x6c, 0x61, 0x6d, 0x62, 0x64, 0x61, 0x20, 0x28, 0x66,
	0x6f, 0x72, 0x6d, 0x29, 0x0a, 0x20, 0x20, 0x28, 0x69, 0x66, 0x20, 0x28,
	0x61, 0x74, 0x6f, 0x6d, 0x20, 0x66, 0x6f, 0x72, 0x6d, 0x29, 0x20, 0x6e,
	0x69, 0x6c, 0x20, 0x28, 0x65, 0x71, 0x20, 0x28, 0x63, 0x61, 0x72, 0x20,
	0x66, 0x6f, 0x72, 0x6d, 0x29, 0x20, 0x27, 0x69, 0x6e, 0x74, 0x65, 0x72,
	0x61, 0x63, 0x74, 0x69, 0x76, 0x65, 0x29, 0x29, 0x29, 0x29, 0x0a, 0x28,
	0x64, 0x65, 0x66, 0x61, 0x6c, 0x69, 0x61, 0x73, 0x20, 0x27, 0x69, 0x6e,
	0x74, 0x65, 0x72, 0x6e, 0x61, 0x6c, 0x2d, 0x2d, 0x64, 0x6f, 0x63, 0x73,
	0x74, 0x72, 0x69, 0x6e, 0x67, 0x2d, 0x70, 0x20, 0x28, 0x6c, 0x61, 0x6d,
	0x62, 0x64, 0x61, 0x20, 0x28, 0x66, 0x6f, 0x72, 0x6d, 0x29, 0x20, 0x28,
	0x73, 0x74, 0x72, 0x69, 0x6e, 0x67, 0x70, 0x20, 0x66, 0x6f, 0x72, 0x6d,
	0x29, 0x29, 0x29, 0x0a, 0x3b, 0x3b, 0x20, 0x54, 0x68, 0x65, 0x20, 0x64,
	0x65, 0x66, 0x69, 0x6e, 0x69, 0x74, 0x69, 0x6f, 0x6e, 0x20, 0x72, 0x65,
	0x67, 0x69, 0x73, 0x74, 0x72, 0x79, 0x3a, 0x20, 0x6f, 0x6e, 0x65, 0x20,
	0x65, 0x6e, 0x74, 0x72, 0x79, 0x20, 0x70, 0x65, 0x72, 0x20, 0x6e, 0x61,
	0x6d, 0x65, 0x20, 0x61, 0x20, 0x64, 0x65, 0x66, 0x69, 0x6e, 0x69, 0x74,
	0x69, 0x6f, 0x6e, 0x20, 0x66, 0x6f, 0x72, 0x6d, 0x20, 0x68, 0x61, 0x73,
	0x0a, 0x3b, 0x3b, 0x20, 0x69, 0x6e, 0x74, 0x72, 0x6f, 0x64, 0x75, 0x63,
	0x65, 0x64, 0x2c, 0x20, 0x77, 0x68, 0x6f, 0x73, 0x65, 0x20, 0x63, 0x64,
	0x72, 0x20, 0x69, 0x73, 0x20, 0x74, 0x68, 0x65, 0x20, 0x64, 0x6f, 0x63,
	0x73, 0x74, 0x72, 0x69, 0x6e, 0x67, 0x20, 0x6f, 0x72, 0x20, 0x6e, 0x69,
	0x6c, 0x2e, 0x20, 0x20, 0x54, 0x77, 0x6f, 0x20, 0x71, 0x75, 0x65, 0x73,
	0x74, 0x69, 0x6f, 0x6e, 0x73, 0x20, 0x72, 0x65, 0x61, 0x64, 0x20, 0x69,
	0x74, 0x2e, 0x0a, 0x3b, 0x3b, 0x20, 0x60, 0x64, 0x6f, 0x63, 0x75, 0x6d,
	0x65, 0x6e, 0x74, 0x61, 0x74, 0x69, 0x6f, 0x6e, 0x27, 0x20, 0x61, 0x73,
	0x6b, 0x73, 0x20, 0x66, 0x6f, 0x72, 0x20, 0x74, 0x68, 0x65, 0x20, 0x74,
	0x65, 0x78, 0x74, 0x2c, 0x20, 0x61, 0x6e, 0x64, 0x20, 0x61, 0x6e, 0x73,
	0x77, 0x65, 0x72, 0x73, 0x20, 0x6e, 0x69, 0x6c, 0x20, 0x65, 0x69, 0x74,
	0x68, 0x65, 0x72, 0x20, 0x77, 0x61, 0x79, 0x20, 0x2d, 0x2d, 0x20, 0x66,
	0x6f, 0x72, 0x20, 0x61, 0x0a, 0x3b, 0x3b, 0x20, 0x6e, 0x61, 0x6d, 0x65,
	0x20, 0x77, 0x69, 0x74, 0x68, 0x20, 0x6e, 0x6f, 0x20, 0x64, 0x6f, 0x63,
	0x73, 0x74, 0x72, 0x69, 0x6e, 0x67, 0x20, 0x61, 0x6e, 0x64, 0x20, 0x66,
	0x6f, 0x72, 0x20, 0x61, 0x20, 0x6e, 0x61, 0x6d, 0x65, 0x20, 0x6e, 0x6f,
	0x74, 0x68, 0x69, 0x6e, 0x67, 0x20, 0x68, 0x61, 0x73, 0x20, 0x64, 0x65,
	0x66, 0x69, 0x6e, 0x65, 0x64, 0x2e, 0x20, 0x20, 0x60, 0x61, 0x70, 0x72,
	0x6f, 0x70, 0x6f, 0x73, 0x27, 0x0a, 0x3b, 0x3b, 0x20, 0x28, 0x6c, 0x69,
	0x73, 0x70, 0x2f, 0x68, 0x65, 0x6c, 0x70, 0x2d, 0x66, 0x6e, 0x73, 0x2e,
	0x65, 0x6c, 0x29, 0x20, 0x61, 0x73, 0x6b, 0x73, 0x20, 0x66, 0x6f, 0x72,
	0x20, 0x74, 0x68, 0x65, 0x20, 0x4e, 0x41, 0x4d, 0x45, 0x53, 0x2c, 0x20,
	0x77, 0x68, 0x69, 0x63, 0x68, 0x20, 0x69, 0x73, 0x20, 0x77, 0x68, 0x79,
	0x20, 0x61, 0x6e, 0x20, 0x75, 0x6e, 0x64, 0x6f, 0x63, 0x75, 0x6d, 0x65,
	0x6e, 0x74, 0x65, 0x64, 0x0a, 0x3b, 0x3b, 0x20, 0x60, 0x64, 0x65, 0x66,
	0x75, 0x6e, 0x27, 0x20, 0x72, 0x65, 0x67, 0x69, 0x73, 0x74, 0x65, 0x72,
	0x73, 0x20, 0x61, 0x73, 0x20, 0x77, 0x65, 0x6c, 0x6c, 0x3a, 0x20, 0x61,
	0x20, 0x66, 0x75, 0x6e, 0x63, 0x74, 0x69, 0x6f, 0x6e, 0x20, 0x79, 0x6f,
	0x75, 0x20, 0x63, 0x61, 0x6e, 0x20, 0x63, 0x61, 0x6c, 0x6c, 0x20, 0x61,
	0x6e, 0x64, 0x20, 0x63, 0x61, 0x6e, 0x6e, 0x6f, 0x74, 0x20, 0x66, 0x69,
	0x6e, 0x64, 0x20, 0x69, 0x73, 0x0a, 0x3b, 0x3b, 0x20, 0x6e, 0x6f, 0x74,
	0x20, 0x6d, 0x75, 0x63, 0x68, 0x20, 0x62, 0x65, 0x74, 0x74, 0x65, 0x72,
	0x20, 0x74, 0x68, 0x61, 0x6e, 0x20, 0x6f, 0x6e, 0x65, 0x20, 0x74, 0x68,
	0x61, 0x74, 0x20, 0x64, 0x6f, 0x65, 0x73, 0x20, 0x6e, 0x6f, 0x74, 0x20,
	0x65, 0x78, 0x69, 0x73, 0x74, 0x2e, 0x20, 0x20, 0x54, 0x68, 0x65, 0x20,
	0x63, 0x6f, 0x73, 0x74, 0x20, 0x6f, 0x66, 0x20, 0x74, 0x68, 0x61, 0x74,
	0x20, 0x69, 0x73, 0x20, 0x74, 0x77, 0x6f, 0x0a, 0x3b, 0x3b, 0x20, 0x63,
	0x6f, 0x6e, 0x73, 0x65, 0x73, 0x20, 0x70, 0x65, 0x72, 0x20, 0x64, 0x65,
	0x66, 0x69, 0x6e, 0x69, 0x74, 0x69, 0x6f, 0x6e, 0x2e, 0x0a, 0x28, 0x64,
	0x65, 0x66, 0x61, 0x6c, 0x69, 0x61, 0x73, 0x20, 0x27, 0x64, 0x6f, 0x63,
	0x75, 0x6d, 0x65, 0x6e, 0x74, 0x61, 0x74, 0x69, 0x6f, 0x6e, 0x2d, 0x70,
	0x72, 0x6f, 0x70, 0x65, 0x72, 0x74, 0x79, 0x20, 0x28, 0x6c, 0x61, 0x6d,
	0x62, 0x64, 0x61, 0x20, 0x28, 0x73, 0x79, 0x6d, 0x62, 0x6f, 0x6c, 0x20,
	0x70, 0x72, 0x6f, 0x70, 0x65, 0x72, 0x74, 0x79, 0x20, 0x26, 0x6f, 0x70,
	0x74, 0x69, 0x6f, 0x6e, 0x61, 0x6c, 0x20, 0x72, 0x61, 0x77, 0x29, 0x0a,
	0x20, 0x20, 0x28, 0x69, 0x6e, 0x74, 0x65, 0x72, 0x6e, 0x61, 0x6c, 0x2d,
	0x2d, 0x6c, 0x65, 0x74, 0x20, 0x74, 0x65, 0x78, 0x74, 0x20, 0x28, 0x67,
	0x65, 0x74, 0x20, 0x73, 0x79, 0x6d, 0x62, 0x6f, 0x6c, 0x20, 0x70, 0x72,
	0x6f, 0x70, 0x65, 0x72, 0x74, 0x79, 0x29, 0x29, 0x0a, 0x20, 0x20, 0x28,
	0x69, 0x66, 0x20, 0x28, 0x73, 0x74, 0x72, 0x69, 0x6e, 0x67, 0x70, 0x20,
	0x74, 0x65, 0x78, 0x74, 0x29, 0x20, 0x74, 0x65, 0x78, 0x74, 0x20, 0x6e,
	0x69, 0x6c, 0x29, 0x29, 0x29, 0x0a, 0x3b, 0x3b, 0x20, 0x54, 0x68, 0x65,
	0x20, 0x72, 0x65, 0x67, 0x69, 0x73, 0x74, 0x72, 0x79, 0x20, 0x66, 0x69,
	0x72, 0x73, 0x74, 0x2c, 0x20, 0x74, 0x68, 0x65, 0x6e, 0x20, 0x74, 0x68,
	0x65, 0x20, 0x63, 0x6f, 0x6d, 0x6d, 0x61, 0x6e, 0x64, 0x20, 0x74, 0x61,
	0x62, 0x6c, 0x65, 0x3a, 0x20, 0x61, 0x20, 0x42, 0x55, 0x49, 0x4c, 0x54,
	0x2d, 0x49, 0x4e, 0x20, 0x63, 0x6f, 0x6d, 0x6d, 0x61, 0x6e, 0x64, 0x20,
	0x68, 0x61, 0x73, 0x20, 0x6e, 0x6f, 0x0a, 0x3b, 0x3b, 0x20, 0x4c, 0x69,
	0x73, 0x70, 0x20, 0x64, 0x65, 0x66, 0x69, 0x6e, 0x69, 0x74, 0x69, 0x6f,
	0x6e, 0x20, 0x74, 0x6f, 0x20, 0x68, 0x61, 0x76, 0x65, 0x20, 0x72, 0x65,
	0x63, 0x6f, 0x72, 0x64, 0x65, 0x64, 0x20, 0x61, 0x20, 0x64, 0x6f, 0x63,
	0x73, 0x74, 0x72, 0x69, 0x6e, 0x67, 0x2c, 0x20, 0x61, 0x6e, 0x64, 0x20,
	0x74, 0x68, 0x65, 0x20, 0x6f, 0x6e, 0x65, 0x2d, 0x6c, 0x69, 0x6e, 0x65,
	0x20, 0x73, 0x75, 0x6d, 0x6d, 0x61, 0x72, 0x79, 0x0a, 0x3b, 0x3b, 0x20,
	0x63, 0x6d, 0x64, 0x2e, 0x63, 0x20, 0x63, 0x61, 0x72, 0x72, 0x69, 0x65,
	0x73, 0x20, 0x2d, 0x2d, 0x20, 0x74, 0x68, 0x65, 0x20, 0x73, 0x61, 0x6d,
	0x65, 0x20, 0x74, 0x65, 0x78, 0x74, 0x20, 0x4d, 0x2d, 0x78, 0x20, 0x61,
	0x6e, 0x64, 0x20, 0x74, 0x68, 0x65, 0x20, 0x68, 0x65, 0x6c, 0x70, 0x20,
	0x73, 0x63, 0x72, 0x65, 0x65, 0x6e, 0x20, 0x73, 0x68, 0x6f, 0x77, 0x20,
	0x2d, 0x2d, 0x20, 0x69, 0x73, 0x20, 0x74, 0x68, 0x65, 0x0a, 0x3b, 0x3b,
	0x20, 0x68, 0x6f, 0x6e, 0x65, 0x73, 0x74, 0x20, 0x61, 0x6e, 0x73, 0x77,
	0x65, 0x72, 0x20, 0x66, 0x6f, 0x72, 0x20, 0x69, 0x74, 0x2e, 0x0a, 0x28,
	0x64, 0x65, 0x66, 0x61, 0x6c, 0x69, 0x61, 0x73, 0x20, 0x27, 0x64, 0x6f,
	0x63, 0x75, 0x6d, 0x65, 0x6e, 0x74, 0x61, 0x74, 0x69, 0x6f, 0x6e, 0x20,
	0x28, 0x6c, 0x61, 0x6d, 0x62, 0x64, 0x61, 0x20, 0x28, 0x6e, 0x61, 0x6d,
	0x65, 0x29, 0x0a, 0x20, 0x20, 0x28, 0x69, 0x6e, 0x74, 0x65, 0x72, 0x6e,
	0x61, 0x6c, 0x2d, 0x2d, 0x6c, 0x65, 0x74, 0x20, 0x65, 0x6e, 0x74, 0x72,
	0x79, 0x20, 0x28, 0x61, 0x73, 0x73, 0x71, 0x20, 0x6e, 0x61, 0x6d, 0x65,
	0x20, 0x69, 0x6e, 0x74, 0x65, 0x72, 0x6e, 0x61, 0x6c, 0x2d, 0x2d, 0x64,
	0x6f, 0x63, 0x73, 0x29, 0x29, 0x0a, 0x20, 0x20, 0x28, 0x69, 0x66, 0x20,
	0x28, 0x61, 0x6e, 0x64, 0x20, 0x65, 0x6e, 0x74, 0x72, 0x79, 0x20, 0x28,
	0x63, 0x64, 0x72, 0x20, 0x65, 0x6e, 0x74, 0x72, 0x79, 0x29, 0x29, 0x0a,
	0x20, 0x20, 0x20, 0x20, 0x20, 0x20, 0x28, 0x63, 0x64, 0x72, 0x20, 0x65,
	0x6e, 0x74, 0x72, 0x79, 0x29, 0x0a, 0x20, 0x20, 0x20, 0x20, 0x28, 0x69,
	0x6e, 0x74, 0x65, 0x72, 0x6e, 0x61, 0x6c, 0x2d, 0x2d, 0x63, 0x6f, 0x6d,
	0x6d, 0x61, 0x6e, 0x64, 0x2d, 0x64, 0x6f, 0x63, 0x75, 0x6d, 0x65, 0x6e,
	0x74, 0x61, 0x74, 0x69, 0x6f, 0x6e, 0x20, 0x6e, 0x61, 0x6d, 0x65, 0x29,
	0x29, 0x29, 0x29, 0x0a, 0x3b, 0x3b, 0x20, 0x45, 0x76, 0x65, 0x72, 0x79,
	0x20, 0x6e, 0x61, 0x6d, 0x65, 0x20, 0x74, 0x68, 0x65, 0x20, 0x72, 0x65,
	0x67, 0x69, 0x73, 0x74, 0x72, 0x79, 0x20, 0x6b, 0x6e, 0x6f, 0x77, 0x73,
	0x2c, 0x20, 0x6e, 0x65, 0x77, 0x65, 0x73, 0x74, 0x20, 0x66, 0x69, 0x72,
	0x73, 0x74, 0x20, 0x61, 0x6e, 0x64, 0x20, 0x77, 0x69, 0x74, 0x68, 0x20,
	0x64, 0x75, 0x70, 0x6c, 0x69, 0x63, 0x61, 0x74, 0x65, 0x73, 0x2c, 0x20,
	0x77, 0x68, 0x69, 0x63, 0x68, 0x0a, 0x3b, 0x3b, 0x20, 0x69, 0x73, 0x20,
	0x74, 0x68, 0x65, 0x20, 0x73, 0x68, 0x61, 0x70, 0x65, 0x20, 0x74, 0x68,
	0x65, 0x20, 0x61, 0x6c, 0x69, 0x73, 0x74, 0x20, 0x68, 0x61, 0x73, 0x3b,
	0x20, 0x60, 0x61, 0x70, 0x72, 0x6f, 0x70, 0x6f, 0x73, 0x27, 0x20, 0x66,
	0x69, 0x6c, 0x74, 0x65, 0x72, 0x73, 0x20, 0x61, 0x6e, 0x64, 0x20, 0x64,
	0x65, 0x2d, 0x64, 0x75, 0x70, 0x6c, 0x69, 0x63, 0x61, 0x74, 0x65, 0x73,
	0x2e, 0x0a, 0x28, 0x64, 0x65, 0x66, 0x61, 0x6c, 0x69, 0x61, 0x73, 0x20,
	0x27, 0x69, 0x6e, 0x74, 0x65, 0x72, 0x6e, 0x61, 0x6c, 0x2d, 0x2d, 0x64,
	0x65, 0x66, 0x69, 0x6e, 0x65, 0x64, 0x2d, 0x6e, 0x61, 0x6d, 0x65, 0x73,
	0x20, 0x28, 0x6c, 0x61, 0x6d, 0x62, 0x64, 0x61, 0x20, 0x28, 0x29, 0x0a,
	0x20, 0x20, 0x28, 0x69, 0x6e, 0x74, 0x65, 0x72, 0x6e, 0x61, 0x6c, 0x2d,
	0x2d, 0x6c, 0x65, 0x74, 0x20, 0x6e, 0x61, 0x6d, 0x65, 0x73, 0x20, 0x6e,
	0x69, 0x6c, 0x29, 0x0a, 0x20, 0x20, 0x28, 0x69, 0x6e, 0x74, 0x65, 0x72,
	0x6e, 0x61, 0x6c, 0x2d, 0x2d, 0x6c, 0x65, 0x74, 0x20, 0x74, 0x61, 0x69,
	0x6c, 0x20, 0x69, 0x6e, 0x74, 0x65, 0x72, 0x6e, 0x61, 0x6c, 0x2d, 0x2d,
	0x64, 0x6f, 0x63, 0x73, 0x29, 0x0a, 0x20, 0x20, 0x28, 0x77, 0x68, 0x69,
	0x6c, 0x65, 0x20, 0x74, 0x61, 0x69, 0x6c, 0x0a, 0x20, 0x20, 0x20, 0x20,
	0x28, 0x73, 0x65, 0x74, 0x71, 0x20, 0x6e, 0x61, 0x6d, 0x65, 0x73, 0x20,
	0x28, 0x63, 0x6f, 0x6e, 0x73, 0x20, 0x28, 0x63, 0x61, 0x72, 0x20, 0x28,
	0x63, 0x61, 0x72, 0x20, 0x74, 0x61, 0x69, 0x6c, 0x29, 0x29, 0x20, 0x6e,
	0x61, 0x6d, 0x65, 0x73, 0x29, 0x29, 0x0a, 0x20, 0x20, 0x20, 0x20, 0x28,
	0x73, 0x65, 0x74, 0x71, 0x20, 0x74, 0x61, 0x69, 0x6c, 0x20, 0x28, 0x63,
	0x64, 0x72, 0x20, 0x74, 0x61, 0x69, 0x6c, 0x29, 0x29, 0x29, 0x0a, 0x20,
	0x20, 0x6e, 0x61, 0x6d, 0x65, 0x73, 0x29, 0x29, 0x0a, 0x28, 0x64, 0x65,
	0x66, 0x61, 0x6c, 0x69, 0x61, 0x73, 0x20, 0x27, 0x69, 0x6e, 0x74, 0x65,
	0x72, 0x6e, 0x61, 0x6c, 0x2d, 0x2d, 0x68, 0x61, 0x73, 0x2d, 0x69, 0x6e,
	0x74, 0x65, 0x72, 0x61, 0x63, 0x74, 0x69, 0x76, 0x65, 0x20, 0x28, 0x6c,
	0x61, 0x6d, 0x62, 0x64, 0x61, 0x20, 0x28, 0x62, 0x6f, 0x64, 0x79, 0x29,
	0x0a, 0x20, 0x20, 0x28, 0x69, 0x66, 0x20, 0x62, 0x6f, 0x64, 0x79, 0x20,
	0x28, 0x69, 0x6e, 0x74, 0x65, 0x72, 0x6e, 0x61, 0x6c, 0x2d, 0x2d, 0x69,
	0x6e, 0x74, 0x65, 0x72, 0x61, 0x63, 0x74, 0x69, 0x76, 0x65, 0x2d, 0x70,
	0x20, 0x28, 0x63, 0x61, 0x72, 0x20, 0x62, 0x6f, 0x64, 0x79, 0x29, 0x29,
	0x20, 0x6e, 0x69, 0x6c, 0x29, 0x29, 0x29, 0x0a, 0x3b, 0x3b, 0x20, 0x4f,
	0x6e, 0x6c, 0x79, 0x20, 0x74, 0x68, 0x65, 0x20, 0x64, 0x65, 0x63, 0x6c,
	0x61, 0x72, 0x61, 0x74, 0x69, 0x6f, 0x6e, 0x20, 0x69, 0x6d, 0x6d, 0x65,
	0x64, 0x69, 0x61, 0x74, 0x65, 0x6c, 0x79, 0x20, 0x61, 0x66, 0x74, 0x65,
	0x72, 0x20, 0x74, 0x68, 0x65, 0x20, 0x6f, 0x70, 0x74, 0x69, 0x6f, 0x6e,
	0x61, 0x6c, 0x20, 0x64, 0x6f, 0x63, 0x73, 0x74, 0x72, 0x69, 0x6e, 0x67,
	0x20, 0x69, 0x73, 0x20, 0x6d, 0x65, 0x74, 0x61, 0x64, 0x61, 0x74, 0x61,
	0x2e, 0x0a, 0x3b, 0x3b, 0x20, 0x41, 0x20, 0x6e, 0x6f, 0x6e, 0x2d, 0x73,
	0x74, 0x72, 0x69, 0x6e, 0x67, 0x20, 0x64, 0x65, 0x73, 0x63, 0x72, 0x69,
	0x70, 0x74, 0x6f, 0x72, 0x20, 0x69, 0x73, 0x20, 0x77, 0x72, 0x61, 0x70,
	0x70, 0x65, 0x64, 0x20, 0x61, 0x73, 0x20, 0x61, 0x20, 0x63, 0x6c, 0x6f,
	0x73, 0x75, 0x72, 0x65, 0x20, 0x69, 0x6e, 0x20, 0x74, 0x68, 0x65, 0x20,
	0x63, 0x6f, 0x6d, 0x6d, 0x61, 0x6e, 0x64, 0x27, 0x73, 0x20, 0x6c, 0x65,
	0x78, 0x69, 0x63, 0x61, 0x6c, 0x0a, 0x3b, 0x3b, 0x20, 0x65, 0x6e, 0x76,
	0x69, 0x72, 0x6f, 0x6e, 0x6d, 0x65, 0x6e, 0x74, 0x20, 0x61, 0x6e, 0x64,
	0x20, 0x65, 0x76, 0x61, 0x6c, 0x75, 0x61, 0x74, 0x65, 0x64, 0x20, 0x61,
	0x74, 0x20, 0x69, 0x6e, 0x76, 0x6f, 0x63, 0x61, 0x74, 0x69, 0x6f, 0x6e,
	0x20, 0x74, 0x69, 0x6d, 0x65, 0x2e, 0x0a, 0x28, 0x64, 0x65, 0x66, 0x61,
	0x6c, 0x69, 0x61, 0x73, 0x20, 0x27, 0x69, 0x6e, 0x74, 0x65, 0x72, 0x6e,
	0x61, 0x6c, 0x2d, 0x2d, 0x63, 0x75, 0x73, 0x74, 0x6f, 0x6d, 0x2d, 0x70,
	0x72, 0x65, 0x73, 0x65, 0x6e, 0x74, 0x61, 0x74, 0x69, 0x6f, 0x6e, 0x2d,
	0x6b, 0x65, 0x79, 0x77, 0x6f, 0x72, 0x64, 0x2d, 0x70, 0x20, 0x28, 0x6c,
	0x61, 0x6d, 0x62, 0x64, 0x61, 0x20, 0x28, 0x6b, 0x65, 0x79, 0x29, 0x0a,
	0x20, 0x20, 0x28, 0x6f, 0x72, 0x20, 0x28, 0x65, 0x71, 0x20, 0x6b, 0x65,
	0x79, 0x20, 0x3a, 0x74, 0x79, 0x70, 0x65, 0x29, 0x20, 0x28, 0x65, 0x71,
	0x20, 0x6b, 0x65, 0x79, 0x20, 0x3a, 0x6f, 0x70, 0x74, 0x69, 0x6f, 0x6e,
	0x73, 0x29, 0x20, 0x28, 0x65, 0x71, 0x20, 0x6b, 0x65, 0x79, 0x20, 0x3a,
	0x67, 0x72, 0x6f, 0x75, 0x70, 0x29, 0x0a, 0x20, 0x20, 0x20, 0x20, 0x20,
	0x20, 0x28, 0x65, 0x71, 0x20, 0x6b, 0x65, 0x79, 0x20, 0x3a, 0x74, 0x61,
	0x67, 0x29, 0x20, 0x28, 0x65, 0x71, 0x20, 0x6b, 0x65, 0x79, 0x20, 0x3a,
	0x6c, 0x69, 0x6e, 0x6b, 0x29, 0x20, 0x28, 0x65, 0x71, 0x20, 0x6b, 0x65,
	0x79, 0x20, 0x3a, 0x76, 0x65, 0x72, 0x73, 0x69, 0x6f, 0x6e, 0x29, 0x0a,
	0x20, 0x20, 0x20, 0x20, 0x20, 0x20, 0x28, 0x65, 0x71, 0x20, 0x6b, 0x65,
	0x79, 0x20, 0x3a, 0x70, 0x61, 0x63, 0x6b, 0x61, 0x67, 0x65, 0x2d, 0x76,
	0x65, 0x72, 0x73, 0x69, 0x6f, 0x6e, 0x29, 0x29, 0x29, 0x29, 0x0a, 0x28,
	0x64, 0x65, 0x66, 0x61, 0x6c, 0x69, 0x61, 0x73, 0x20, 0x27, 0x69, 0x6e,
	0x74, 0x65, 0x72, 0x6e, 0x61, 0x6c, 0x2d, 0x2d, 0x63, 0x75, 0x73, 0x74,
	0x6f, 0x6d, 0x2d, 0x73, 0x65, 0x6d, 0x61, 0x6e, 0x74, 0x69, 0x63, 0x73,
	0x2d, 0x6b, 0x65, 0x79, 0x77, 0x6f, 0x72, 0x64, 0x2d, 0x70, 0x20, 0x28,
	0x6c, 0x61, 0x6d, 0x62, 0x64, 0x61, 0x20, 0x28, 0x6b, 0x65, 0x79, 0x29,
	0x0a, 0x20, 0x20, 0x28, 0x6f, 0x72, 0x20, 0x28, 0x65, 0x71, 0x20, 0x6b,
	0x65, 0x79, 0x20, 0x3a, 0x69, 0x6e, 0x69, 0x74, 0x69, 0x61, 0x6c, 0x69,
	0x7a, 0x65, 0x29, 0x20, 0x28, 0x65, 0x71, 0x20, 0x6b, 0x65, 0x79, 0x20,
	0x3a, 0x73, 0x65, 0x74, 0x29, 0x20, 0x28, 0x65, 0x71, 0x20, 0x6b, 0x65,
	0x79, 0x20, 0x3a, 0x67, 0x65, 0x74, 0x29, 0x0a, 0x20, 0x20, 0x20, 0x20,
	0x20, 0x20, 0x28, 0x65, 0x71, 0x20, 0x6b, 0x65, 0x79, 0x20, 0x3a, 0x72,
	0x65, 0x71, 0x75, 0x69, 0x72, 0x65, 0x29, 0x20, 0x28, 0x65, 0x71, 0x20,
	0x6b, 0x65, 0x79, 0x20, 0x3a, 0x73, 0x65, 0x74, 0x2d, 0x61, 0x66, 0x74,
	0x65, 0x72, 0x29, 0x20, 0x28, 0x65, 0x71, 0x20, 0x6b, 0x65, 0x79, 0x20,
	0x3a, 0x72, 0x69, 0x73, 0x6b, 0x79, 0x29, 0x0a, 0x20, 0x20, 0x20, 0x20,
	0x20, 0x20, 0x28, 0x65, 0x71, 0x20, 0x6b, 0x65, 0x79, 0x20, 0x3a, 0x73,
	0x61, 0x66, 0x65, 0x29, 0x20, 0x28, 0x65, 0x71, 0x20, 0x6b, 0x65, 0x79,
	0x20, 0x3a, 0x6c, 0x6f, 0x63, 0x61, 0x6c, 0x29, 0x29, 0x29, 0x29, 0x0a,
	0x3b, 0x3b, 0x20, 0x54, 0x68, 0x69, 0x73, 0x20, 0x69, 0x73, 0x20, 0x61,
	0x20, 0x64, 0x65, 0x63, 0x6c, 0x61, 0x72, 0x61, 0x74, 0x69, 0x6f, 0x6e,
	0x20, 0x6f, 0x76, 0x65, 0x72, 0x20, 0x60, 0x64, 0x65, 0x66, 0x76, 0x61,
	0x72, 0x27, 0x2c, 0x20, 0x6e, 0x6f, 0x74, 0x20, 0x61, 0x20, 0x43, 0x75,
	0x73, 0x74, 0x6f, 0x6d, 0x69, 0x7a, 0x65, 0x20, 0x73, 0x74, 0x61, 0x74,
	0x65, 0x0a, 0x3b, 0x3b, 0x20, 0x69, 0x6d, 0x70, 0x6c, 0x65, 0x6d, 0x65,
	0x6e, 0x74, 0x61, 0x74, 0x69, 0x6f, 0x6e, 0x2e, 0x20, 0x50, 0x72, 0x65,
	0x73, 0x65, 0x6e, 0x74, 0x61, 0x74, 0x69, 0x6f, 0x6e, 0x20, 0x6d, 0x65,
	0x74, 0x61, 0x64, 0x61, 0x74, 0x61, 0x20, 0x69, 0x73, 0x20, 0x64, 0x65,
	0x6c, 0x69, 0x62, 0x65, 0x72, 0x61, 0x74, 0x65, 0x6c, 0x79, 0x20, 0x69,
	0x6e, 0x65, 0x72, 0x74, 0x2e, 0x0a, 0x28, 0x64, 0x65, 0x66, 0x61, 0x6c,
	0x69, 0x61, 0x73, 0x20, 0x27, 0x69, 0x6e, 0x74, 0x65, 0x72, 0x6e, 0x61,
	0x6c, 0x2d, 0x2d, 0x64, 0x65, 0x63, 0x6c, 0x61, 0x72, 0x65, 0x2d, 0x70,
	0x20, 0x28, 0x6c, 0x61, 0x6d, 0x62, 0x64, 0x61, 0x20, 0x28, 0x66, 0x6f,
	0x72, 0x6d, 0x29, 0x0a, 0x20, 0x20, 0x28, 0x61, 0x6e, 0x64, 0x20, 0x28,
	0x63, 0x6f, 0x6e, 0x73, 0x70, 0x20, 0x66, 0x6f, 0x72, 0x6d, 0x29, 0x20,
	0x28, 0x65, 0x71, 0x20, 0x28, 0x63, 0x61, 0x72, 0x20, 0x66, 0x6f, 0x72,
	0x6d, 0x29, 0x20, 0x27, 0x64, 0x65, 0x63, 0x6c, 0x61, 0x72, 0x65, 0x29,
	0x29, 0x29, 0x29, 0x0a, 0x28, 0x64, 0x65, 0x66, 0x61, 0x6c, 0x69, 0x61,
	0x73, 0x20, 0x27, 0x69, 0x6e, 0x74, 0x65, 0x72, 0x6e, 0x61, 0x6c, 0x2d,
	0x2d, 0x73, 0x65, 0x74, 0x71, 0x2d, 0x6c, 0x6f, 0x63, 0x61, 0x6c, 0x2d,
	0x66, 0x6f, 0x72, 0x6d, 0x73, 0x20, 0x28, 0x6c, 0x61, 0x6d, 0x62, 0x64,
	0x61, 0x20, 0x28, 0x70, 0x61, 0x69, 0x72, 0x73, 0x20, 0x73, 0x65, 0x74,
	0x74, 0x65, 0x72, 0x29, 0x0a, 0x20, 0x20, 0x28, 0x69, 0x6e, 0x74, 0x65,
	0x72, 0x6e, 0x61, 0x6c, 0x2d, 0x2d, 0x6c, 0x65, 0x74, 0x20, 0x66, 0x6f,
	0x72, 0x6d, 0x73, 0x20, 0x6e, 0x69, 0x6c, 0x29, 0x0a, 0x20, 0x20, 0x28,
	0x77, 0x68, 0x69, 0x6c, 0x65, 0x20, 0x70, 0x61, 0x69, 0x72, 0x73, 0x0a,
	0x20, 0x20, 0x20, 0x20, 0x28, 0x69, 0x66, 0x20, 0x28, 0x6e, 0x75, 0x6c,
	0x6c, 0x20, 0x28, 0x63, 0x64, 0x72, 0x20, 0x70, 0x61, 0x69, 0x72, 0x73,
	0x29, 0x29, 0x0a, 0x20, 0x20, 0x20, 0x20, 0x20, 0x20, 0x20, 0x20, 0x28,
	0x65, 0x72, 0x72, 0x6f, 0x72, 0x20, 0x22, 0x73, 0x65, 0x74, 0x71, 0x2d,
	0x6c, 0x6f, 0x63, 0x61, 0x6c, 0x3a, 0x20, 0x6f, 0x64, 0x64, 0x20, 0x6e,
	0x75, 0x6d, 0x62, 0x65, 0x72, 0x20, 0x6f, 0x66, 0x20, 0x61, 0x72, 0x67,
	0x75, 0x6d, 0x65, 0x6e, 0x74, 0x73, 0x22, 0x29, 0x0a, 0x20, 0x20, 0x20,
	0x20, 0x20, 0x20, 0x28, 0x73, 0x65, 0x74, 0x71, 0x20, 0x66, 0x6f, 0x72,
	0x6d, 0x73, 0x20, 0x28, 0x63, 0x6f, 0x6e, 0x73, 0x20, 0x28, 0x6c, 0x69,
	0x73, 0x74, 0x20, 0x73, 0x65, 0x74, 0x74, 0x65, 0x72, 0x20, 0x28, 0x6c,
	0x69, 0x73, 0x74, 0x20, 0x27, 0x71, 0x75, 0x6f, 0x74, 0x65, 0x20, 0x28,
	0x63, 0x61, 0x72, 0x20, 0x70, 0x61, 0x69, 0x72, 0x73, 0x29, 0x29, 0x0a,
	0x20, 0x20, 0x20, 0x20, 0x20, 0x20, 0x20, 0x20, 0x20, 0x20, 0x20, 0x20,
	0x20, 0x20, 0x20, 0x20, 0x20, 0x20, 0x20, 0x20, 0x20, 0x20, 0x20, 0x20,
	0x20, 0x20, 0x20, 0x20, 0x20, 0x20, 0x28, 0x63, 0x61, 0x72, 0x20, 0x28,
	0x63, 0x64, 0x72, 0x20, 0x70, 0x61, 0x69, 0x72, 0x73, 0x29, 0x29, 0x29,
	0x0a, 0x20, 0x20, 0x20, 0x20, 0x20, 0x20, 0x20, 0x20, 0x20, 0x20, 0x20,
	0x20, 0x20, 0x20, 0x20, 0x20, 0x20, 0x20, 0x20, 0x20, 0x20, 0x20, 0x20,
	0x20, 0x66, 0x6f, 0x72, 0x6d, 0x73, 0x29, 0x29, 0x0a, 0x20, 0x20, 0x20,
	0x20, 0x20, 0x20, 0x28, 0x73, 0x65, 0x74, 0x71, 0x20, 0x70, 0x61, 0x69,
	0x72, 0x73, 0x20, 0x28, 0x63, 0x64, 0x72, 0x20, 0x28, 0x63, 0x64, 0x72,
	0x20, 0x70, 0x61, 0x69, 0x72, 0x73, 0x29, 0x29, 0x29, 0x29, 0x29, 0x0a,
	0x20, 0x20, 0x28, 0x63, 0x6f, 0x6e, 0x73, 0x20, 0x27, 0x70, 0x72, 0x6f,
	0x67, 0x6e, 0x20, 0x28, 0x72, 0x65, 0x76, 0x65, 0x72, 0x73, 0x65, 0x20,
	0x66, 0x6f, 0x72, 0x6d, 0x73, 0x29, 0x29, 0x29, 0x29, 0x0a, 0x28, 0x64,
	0x65, 0x66, 0x61, 0x6c, 0x69, 0x61, 0x73, 0x20, 0x27, 0x6b, 0x62, 0x64,
	0x20, 0x28, 0x6c, 0x61, 0x6d, 0x62, 0x64, 0x61, 0x20, 0x28, 0x6b, 0x65,
	0x79, 0x29, 0x0a, 0x20, 0x20, 0x28, 0x69, 0x66, 0x20, 0x28, 0x61, 0x6e,
	0x64, 0x20, 0x28, 0x73, 0x74, 0x72, 0x69, 0x6e, 0x67, 0x70, 0x20, 0x6b,
	0x65, 0x79, 0x29, 0x0a, 0x20, 0x20, 0x20, 0x20, 0x20, 0x20, 0x20, 0x20,
	0x20, 0x20, 0x20, 0x28, 0x3d, 0x20, 0x28, 0x73, 0x74, 0x72, 0x69, 0x6e,
	0x67, 0x2d, 0x6c, 0x65, 0x6e, 0x67, 0x74, 0x68, 0x20, 0x6b, 0x65, 0x79,
	0x29, 0x20, 0x35, 0x29, 0x0a, 0x20, 0x20, 0x20, 0x20, 0x20, 0x20, 0x20,
	0x20, 0x20, 0x20, 0x20, 0x28, 0x73, 0x74, 0x72, 0x69, 0x6e, 0x67, 0x3d,
	0x20, 0x28, 0x73, 0x75, 0x62, 0x73, 0x74, 0x72, 0x69, 0x6e, 0x67, 0x20,
	0x6b, 0x65, 0x79, 0x20, 0x30, 0x20, 0x34, 0x29, 0x20, 0x22, 0x43, 0x2d,
	0x63, 0x20, 0x22, 0x29, 0x29, 0x0a, 0x20, 0x20, 0x20, 0x20, 0x20, 0x20,
	0x6b, 0x65, 0x79, 0x0a, 0x20, 0x20, 0x20, 0x20, 0x28, 0x69, 0x66, 0x20,
	0x28, 0x61, 0x6e, 0x64, 0x20, 0x28, 0x73, 0x74, 0x72, 0x69, 0x6e, 0x67,
	0x70, 0x20, 0x6b, 0x65, 0x79, 0x29, 0x0a, 0x20, 0x20, 0x20, 0x20, 0x20,
	0x20, 0x20, 0x20, 0x20, 0x20, 0x20, 0x20, 0x20, 0x28, 0x3d, 0x20, 0x28,
	0x73, 0x74, 0x72, 0x69, 0x6e, 0x67, 0x2d, 0x6c, 0x65, 0x6e, 0x67, 0x74,
	0x68, 0x20, 0x6b, 0x65, 0x79, 0x29, 0x20, 0x37, 0x29, 0x0a, 0x20, 0x20,
	0x20, 0x20, 0x20, 0x20, 0x20, 0x20, 0x20, 0x20, 0x20, 0x20, 0x20, 0x28,
	0x73, 0x74, 0x72, 0x69, 0x6e, 0x67, 0x3d, 0x20, 0x28, 0x73, 0x75, 0x62,
	0x73, 0x74, 0x72, 0x69, 0x6e, 0x67, 0x20, 0x6b, 0x65, 0x79, 0x20, 0x30,
	0x20, 0x36, 0x29, 0x20, 0x22, 0x43, 0x2d, 0x63, 0x20, 0x43, 0x2d, 0x22,
	0x29, 0x29, 0x0a, 0x20, 0x20, 0x20, 0x20, 0x20, 0x20, 0x20, 0x20, 0x6b,
	0x65, 0x79, 0x0a, 0x20, 0x20, 0x20, 0x20, 0x20, 0x20, 0x28, 0x65, 0x72,
	0x72, 0x6f, 0x72, 0x20, 0x22, 0x6b, 0x62, 0x64, 0x3a, 0x20, 0x63, 0x61,
	0x6e, 0x6e, 0x6f, 0x74, 0x20, 0x62, 0x69, 0x6e, 0x64, 0x20, 0x6b, 0x65,
	0x79, 0x20, 0x73, 0x65, 0x71, 0x75, 0x65, 0x6e, 0x63, 0x65, 0x22, 0x29,
	0x29, 0x29, 0x29, 0x29, 0x0a, 0x3b, 0x3b, 0x20, 0x2d, 0x2d, 0x2d, 0x20,
	0x74, 0x68, 0x65, 0x20, 0x6c, 0x6f, 0x61, 0x64, 0x65, 0x72, 0x20, 0x2d,
	0x2d, 0x2d, 0x0a, 0x3b, 0x3b, 0x20, 0x60, 0x6c, 0x6f, 0x61, 0x64, 0x27,
	0x20, 0x61, 0x6e, 0x64, 0x20, 0x60, 0x72, 0x65, 0x71, 0x75, 0x69, 0x72,
	0x65, 0x27, 0x20, 0x61, 0x72, 0x65, 0x20, 0x4c, 0x69, 0x73, 0x70, 0x20,
	0x6c, 0x6f, 0x6f, 0x70, 0x73, 0x20, 0x6f, 0x76, 0x65, 0x72, 0x20, 0x43,
	0x20, 0x73, 0x74, 0x72, 0x65, 0x61, 0x6d, 0x20, 0x6e, 0x61, 0x74, 0x69,
	0x76, 0x65, 0x73, 0x20, 0x28, 0x50, 0x68, 0x61, 0x73, 0x65, 0x20, 0x31,
	0x32, 0x27, 0x73, 0x0a, 0x3b, 0x3b, 0x20, 0x66, 0x69, 0x78, 0x20, 0x63,
	0x79, 0x63, 0x6c, 0x65, 0x2c, 0x20, 0x6f, 0x6e, 0x20, 0x66, 0x65, 0x27,
	0x73, 0x20, 0x69, 0x6e, 0x70, 0x75, 0x74, 0x2d, 0x75, 0x6e, 0x69, 0x74,
	0x20, 0x74, 0x72, 0x69, 0x6f, 0x29, 0x2c, 0x20, 0x4e, 0x4f, 0x54, 0x20,
	0x43, 0x20, 0x63, 0x61, 0x6c, 0x6c, 0x73, 0x20, 0x69, 0x6e, 0x74, 0x6f,
	0x20, 0x61, 0x20, 0x6e, 0x65, 0x73, 0x74, 0x65, 0x64, 0x0a, 0x3b, 0x3b,
	0x20, 0x65, 0x76, 0x61, 0x6c, 0x75, 0x61, 0x74, 0x69, 0x6f, 0x6e, 0x3a,
	0x20, 0x65, 0x61, 0x63, 0x68, 0x20, 0x66, 0x6f, 0x72, 0x6d, 0x20, 0x69,
	0x73, 0x20, 0x72, 0x65, 0x61, 0x64, 0x20, 0x62, 0x79, 0x20, 0x69, 0x6e,
	0x74, 0x65, 0x72, 0x6e, 0x61, 0x6c, 0x2d, 0x2d, 0x72, 0x65, 0x61, 0x64,
	0x2d, 0x66, 0x6f, 0x72, 0x6d, 0x20, 0x2d, 0x2d, 0x20, 0x77, 0x68, 0x69,
	0x63, 0x68, 0x20, 0x6c, 0x61, 0x74, 0x63, 0x68, 0x65, 0x73, 0x0a, 0x3b,
	0x3b, 0x20, 0x74, 0x68, 0x65, 0x20, 0x66, 0x6f, 0x72, 0x6d, 0x27, 0x73,
	0x20, 0x6f, 0x77, 0x6e, 0x20, 0x70, 0x61, 0x74, 0x68, 0x3a, 0x4c, 0x49,
	0x4e, 0x45, 0x20, 0x66, 0x6f, 0x72, 0x20, 0x64, 0x69, 0x61, 0x67, 0x6e,
	0x6f, 0x73, 0x74, 0x69, 0x63, 0x73, 0x20, 0x2d, 0x2d, 0x20, 0x61, 0x6e,
	0x64, 0x20, 0x72, 0x75, 0x6e, 0x20, 0x62, 0x79, 0x20, 0x60, 0x65, 0x76,
	0x61, 0x6c, 0x27, 0x20, 0x69, 0x6e, 0x20, 0x74, 0x68, 0x65, 0x0a, 0x3b,
	0x3b, 0x20, 0x43, 0x55, 0x52, 0x52, 0x45, 0x4e, 0x54, 0x20, 0x72, 0x75,
	0x6e, 0x2c, 0x20, 0x69, 0x6e, 0x73, 0x69, 0x64, 0x65, 0x20, 0x74, 0x68,
	0x65, 0x20, 0x69, 0x6e, 0x70, 0x75, 0x74, 0x20, 0x75, 0x6e, 0x69, 0x74,
	0x20, 0x69, 0x6e, 0x74, 0x65, 0x72, 0x6e, 0x61, 0x6c, 0x2d, 0x2d, 0x6c,
	0x6f, 0x61, 0x64, 0x2d, 0x62, 0x65, 0x67, 0x69, 0x6e, 0x20, 0x65, 0x6e,
	0x74, 0x65, 0x72, 0x65, 0x64, 0x2e, 0x20, 0x20, 0x54, 0x68, 0x61, 0x74,
	0x0a, 0x3b, 0x3b, 0x20, 0x69, 0x73, 0x20, 0x77, 0x68, 0x61, 0x74, 0x20,
	0x6c, 0x65, 0x74, 0x73, 0x20, 0x61, 0x20, 0x60, 0x74, 0x68, 0x72, 0x6f,
	0x77, 0x27, 0x20, 0x6f, 0x75, 0x74, 0x20, 0x6f, 0x66, 0x20, 0x61, 0x20,
	0x6c, 0x6f, 0x61, 0x64, 0x65, 0x64, 0x20, 0x66, 0x69, 0x6c, 0x65, 0x20,
	0x72, 0x65, 0x61, 0x63, 0x68, 0x20, 0x61, 0x20, 0x60, 0x63, 0x61, 0x74,
	0x63, 0x68, 0x27, 0x20, 0x61, 0x72, 0x6f, 0x75, 0x6e, 0x64, 0x20, 0x74,
	0x68, 0x65, 0x0a, 0x3b, 0x3b, 0x20, 0x28, 0x6c, 0x6f, 0x61, 0x64, 0x20,
	0x2e, 0x2e, 0x2e, 0x29, 0x2c, 0x20, 0x61, 0x6e, 0x20, 0x65, 0x72, 0x72,
	0x6f, 0x72, 0x20, 0x72, 0x65, 0x61, 0x63, 0x68, 0x20, 0x61, 0x6e, 0x20,
	0x65, 0x6e, 0x63, 0x6c, 0x6f, 0x73, 0x69, 0x6e, 0x67, 0x20, 0x63, 0x6f,
	0x6e, 0x64, 0x69, 0x74, 0x69, 0x6f, 0x6e, 0x2d, 0x63, 0x61, 0x73, 0x65,
	0x2c, 0x20, 0x61, 0x6e, 0x64, 0x20, 0x61, 0x20, 0x71, 0x75, 0x69, 0x74,
	0x0a, 0x3b, 0x3b, 0x20, 0x73, 0x74, 0x61, 0x79, 0x20, 0x61, 0x20, 0x71,
	0x75, 0x69, 0x74, 0x2c, 0x20, 0x65, 0x78, 0x61, 0x63, 0x74, 0x6c, 0x79,
	0x20, 0x61, 0x73, 0x20, 0x69, 0x66, 0x20, 0x74, 0x68, 0x65, 0x20, 0x66,
	0x69, 0x6c, 0x65, 0x27, 0x73, 0x20, 0x66, 0x6f, 0x72, 0x6d, 0x73, 0x20,
	0x77, 0x65, 0x72, 0x65, 0x20, 0x77, 0x72, 0x69, 0x74, 0x74, 0x65, 0x6e,
	0x20, 0x69, 0x6e, 0x20, 0x70, 0x6c, 0x61, 0x63, 0x65, 0x20, 0x2d, 0x2d,
	0x0a, 0x3b, 0x3b, 0x20, 0x45, 0x6d, 0x61, 0x63, 0x73, 0x27, 0x20, 0x64,
	0x79, 0x6e, 0x61, 0x6d, 0x69, 0x63, 0x2d, 0x65, 0x78, 0x74, 0x65, 0x6e,
	0x74, 0x20, 0x72, 0x75, 0x6c, 0x65, 0x2c, 0x20, 0x77, 0x68, 0x69, 0x63,
	0x68, 0x20, 0x74, 0x68, 0x65, 0x20, 0x72, 0x65, 0x74, 0x69, 0x72, 0x65,
	0x64, 0x20, 0x63, 0x6f, 0x6e, 0x74, 0x61, 0x69, 0x6e, 0x6d, 0x65, 0x6e,
	0x74, 0x20, 0x62, 0x61, 0x72, 0x72, 0x69, 0x65, 0x72, 0x0a, 0x3b, 0x3b,
	0x20, 0x63, 0x6f, 0x75, 0x6c, 0x64, 0x20, 0x6e, 0x6f, 0x74, 0x20, 0x68,
	0x6f, 0x6e, 0x6f, 0x75, 0x72, 0x20, 0x66, 0x6f, 0x72, 0x20, 0x74, 0x68,
	0x72, 0x6f, 0x77, 0x73, 0x20, 0x28, 0x74, 0x68, 0x65, 0x20, 0x6f, 0x6c,
	0x64, 0x20, 0x6c, 0x6f, 0x61, 0x64, 0x2d, 0x74, 0x68, 0x72, 0x6f, 0x77,
	0x2d, 0x72, 0x65, 0x61, 0x63, 0x68, 0x61, 0x62, 0x69, 0x6c, 0x69, 0x74,
	0x79, 0x0a, 0x3b, 0x3b, 0x20, 0x64, 0x69, 0x76, 0x65, 0x72, 0x67, 0x65,
	0x6e, 0x63, 0x65, 0x29, 0x2e, 0x20, 0x20, 0x54, 0x68, 0x65, 0x20, 0x68,
	0x61, 0x6e, 0x64, 0x6c, 0x65, 0x20, 0x69, 0x73, 0x20, 0x62, 0x6f, 0x75,
	0x6e, 0x64, 0x20, 0x69, 0x6e, 0x73, 0x69, 0x64, 0x65, 0x20, 0x74, 0x68,
	0x65, 0x20, 0x75, 0x6e, 0x77, 0x69, 0x6e, 0x64, 0x2d, 0x70, 0x72, 0x6f,
	0x74, 0x65, 0x63, 0x74, 0x20, 0x73, 0x6f, 0x20, 0x74, 0x68, 0x65, 0x72,
	0x65, 0x0a, 0x3b, 0x3b, 0x20, 0x69, 0x73, 0x20, 0x6e, 0x6f, 0x20, 0x77,
	0x69, 0x6e, 0x64, 0x6f, 0x77, 0x20, 0x77, 0x68, 0x65, 0x72, 0x65, 0x20,
	0x61, 0x6e, 0x20, 0x6f, 0x70, 0x65, 0x6e, 0x20, 0x73, 0x74, 0x72, 0x65,
	0x61, 0x6d, 0x20, 0x68, 0x61, 0x73, 0x20, 0x6e, 0x6f, 0x20, 0x63, 0x6c,
	0x65, 0x61, 0x6e, 0x75, 0x70, 0x20, 0x61, 0x72, 0x6d, 0x65, 0x64, 0x3b,
	0x20, 0x74, 0x68, 0x65, 0x20, 0x63, 0x6c, 0x65, 0x61, 0x6e, 0x75, 0x70,
	0x0a, 0x3b, 0x3b, 0x20, 0x63, 0x6c, 0x6f, 0x73, 0x65, 0x73, 0x20, 0x74,
	0x68, 0x65, 0x20, 0x73, 0x74, 0x72, 0x65, 0x61, 0x6d, 0x20, 0x28, 0x66,
	0x72, 0x65, 0x65, 0x69, 0x6e, 0x67, 0x20, 0x74, 0x68, 0x65, 0x20, 0x43,
	0x20, 0x62, 0x75, 0x66, 0x66, 0x65, 0x72, 0x20, 0x61, 0x6e, 0x64, 0x20,
	0x72, 0x65, 0x73, 0x74, 0x6f, 0x72, 0x69, 0x6e, 0x67, 0x20, 0x74, 0x68,
	0x65, 0x20, 0x65, 0x6e, 0x63, 0x6c, 0x6f, 0x73, 0x69, 0x6e, 0x67, 0x0a,
	0x3b, 0x3b, 0x20, 0x69, 0x6e, 0x70, 0x75, 0x74, 0x20, 0x75, 0x6e, 0x69,
	0x74, 0x29, 0x20, 0x6f, 0x6e, 0x20, 0x65, 0x76, 0x65, 0x72, 0x79, 0x20,
	0x63, 0x6f, 0x6d, 0x70, 0x6c, 0x65, 0x74, 0x69, 0x6f, 0x6e, 0x20, 0x6b,
	0x69, 0x6e, 0x64, 0x20, 0x76, 0x69, 0x61, 0x20, 0x66, 0x65, 0x27, 0x73,
	0x20, 0x63, 0x6c, 0x65, 0x61, 0x6e, 0x75, 0x70, 0x20, 0x64, 0x72, 0x61,
	0x69, 0x6e, 0x2e, 0x0a, 0x3b, 0x3b, 0x20, 0x69, 0x6e, 0x74, 0x65, 0x72,
	0x6e, 0x61, 0x6c, 0x2d, 0x2d, 0x72, 0x65, 0x61, 0x64, 0x2d, 0x66, 0x6f,
	0x72, 0x6d, 0x20, 0x61, 0x6e, 0x73, 0x77, 0x65, 0x72, 0x73, 0x20, 0x28,
	0x46, 0x4f, 0x52, 0x4d, 0x29, 0x20, 0x6f, 0x72, 0x20, 0x6e, 0x69, 0x6c,
	0x2c, 0x20, 0x6b, 0x65, 0x65, 0x70, 0x69, 0x6e, 0x67, 0x20, 0x65, 0x6e,
	0x64, 0x2d, 0x6f, 0x66, 0x2d, 0x66, 0x69, 0x6c, 0x65, 0x0a, 0x3b, 0x3b,
	0x20, 0x64, 0x69, 0x73, 0x74, 0x69, 0x6e, 0x67, 0x75, 0x69, 0x73, 0x68,
	0x61, 0x62, 0x6c, 0x65, 0x20, 0x66, 0x72, 0x6f, 0x6d, 0x20, 0x61, 0x20,
	0x66, 0x6f, 0x72, 0x6d, 0x20, 0x74, 0x68, 0x61, 0x74, 0x20, 0x72, 0x65,
	0x61, 0x64, 0x73, 0x20, 0x61, 0x73, 0x20, 0x6e, 0x69, 0x6c, 0x2e, 0x0a,
	0x3b, 0x3b, 0x20, 0x42, 0x6f, 0x74, 0x68, 0x20, 0x74, 0x65, 0x6d, 0x70,
	0x6f, 0x72, 0x61, 0x72, 0x69, 0x65, 0x73, 0x20, 0x61, 0x72, 0x65, 0x20,
	0x6c, 0x61, 0x6d, 0x62, 0x64, 0x61, 0x20, 0x70, 0x61, 0x72, 0x61, 0x6d,
	0x65, 0x74, 0x65, 0x72, 0x73, 0x3a, 0x20, 0x60, 0x65, 0x76, 0x61, 0x6c,
	0x27, 0x20, 0x62, 0x65, 0x6c, 0x6f, 0x77, 0x20, 0x72, 0x75, 0x6e, 0x73,
	0x20, 0x74, 0x68, 0x65, 0x20, 0x4c, 0x4f, 0x41, 0x44, 0x45, 0x44, 0x0a,
	0x3b, 0x3b, 0x20, 0x46, 0x49, 0x4c, 0x45, 0x27, 0x73, 0x20, 0x66, 0x6f,
	0x72, 0x6d, 0x73, 0x20, 0x77, 0x69, 0x74, 0x68, 0x20, 0x74, 0x68, 0x65,
	0x6d, 0x20, 0x73, 0x74, 0x69, 0x6c, 0x6c, 0x20, 0x62, 0x6f, 0x75, 0x6e,
	0x64, 0x2c, 0x20, 0x73, 0x6f, 0x20, 0x61, 0x20, 0x60, 0x6c, 0x65, 0x74,
	0x27, 0x2d, 0x62, 0x6f, 0x75, 0x6e, 0x64, 0x20, 0x60, 0x68, 0x27, 0x20,
	0x6f, 0x72, 0x20, 0x60, 0x63, 0x65, 0x6c, 0x6c, 0x27, 0x0a, 0x3b, 0x3b,
	0x20, 0x77, 0x6f, 0x75, 0x6c, 0x64, 0x20, 0x62, 0x65, 0x20, 0x63, 0x61,
	0x70, 0x74, 0x75, 0x72, 0x65, 0x64, 0x20, 0x62, 0x79, 0x20, 0x61, 0x6e,
	0x79, 0x20, 0x66, 0x69, 0x6c, 0x65, 0x20, 0x74, 0x68, 0x61, 0x74, 0x20,
	0x68, 0x61, 0x64, 0x20, 0x60, 0x64, 0x65, 0x66, 0x76, 0x61, 0x72, 0x27,
	0x64, 0x20, 0x65, 0x69, 0x74, 0x68, 0x65, 0x72, 0x20, 0x6e, 0x61, 0x6d,
	0x65, 0x2e, 0x0a, 0x28, 0x64, 0x65, 0x66, 0x61, 0x6c, 0x69, 0x61, 0x73,
	0x20, 0x27, 0x69, 0x6e, 0x74, 0x65, 0x72, 0x6e, 0x61, 0x6c, 0x2d, 0x2d,
	0x6c, 0x6f, 0x61, 0x64, 0x2d, 0x6c, 0x6f, 0x6f, 0x70, 0x20, 0x28, 0x6c,
	0x61, 0x6d, 0x62, 0x64, 0x61, 0x20, 0x28, 0x70, 0x61, 0x74, 0x68, 0x29,
	0x0a, 0x20, 0x20, 0x28, 0x28, 0x6c, 0x61, 0x6d, 0x62, 0x64, 0x61, 0x20,
	0x28, 0x68, 0x29, 0x0a, 0x20, 0x20, 0x20, 0x20, 0x20, 0x28, 0x75, 0x6e,
	0x77, 0x69, 0x6e, 0x64, 0x2d, 0x70, 0x72, 0x6f, 0x74, 0x65, 0x63, 0x74,
	0x0a, 0x20, 0x20, 0x20, 0x20, 0x20, 0x20, 0x20, 0x20, 0x20, 0x28, 0x70,
	0x72, 0x6f, 0x67, 0x6e, 0x0a, 0x20, 0x20, 0x20, 0x20, 0x20, 0x20, 0x20,
	0x20, 0x20, 0x20, 0x20, 0x28, 0x73, 0x65, 0x74, 0x71, 0x20, 0x68, 0x20,
	0x28, 0x69, 0x6e, 0x74, 0x65, 0x72, 0x6e, 0x61, 0x6c, 0x2d, 0x2d, 0x6c,
	0x6f, 0x61, 0x64, 0x2d, 0x62, 0x65, 0x67, 0x69, 0x6e, 0x20, 0x70, 0x61,
	0x74, 0x68, 0x29, 0x29, 0x0a, 0x20, 0x20, 0x20, 0x20, 0x20, 0x20, 0x20,
	0x20, 0x20, 0x20, 0x20, 0x28, 0x28, 0x6c, 0x61, 0x6d, 0x62, 0x64, 0x61,
	0x20, 0x28, 0x63, 0x65, 0x6c, 0x6c, 0x29, 0x0a, 0x20, 0x20, 0x20, 0x20,
	0x20, 0x20, 0x20, 0x20, 0x20, 0x20, 0x20, 0x20, 0x20, 0x20, 0x28, 0x77,
	0x68, 0x69, 0x6c, 0x65, 0x20, 0x63, 0x65, 0x6c, 0x6c, 0x0a, 0x20, 0x20,
	0x20, 0x20, 0x20, 0x20, 0x20, 0x20, 0x20, 0x20, 0x20, 0x20, 0x20, 0x20,
	0x20, 0x20, 0x28, 0x65, 0x76, 0x61, 0x6c, 0x20, 0x28, 0x63, 0x61, 0x72,
	0x20, 0x63, 0x65, 0x6c, 0x6c, 0x29, 0x29, 0x0a, 0x20, 0x20, 0x20, 0x20,
	0x20, 0x20, 0x20, 0x20, 0x20, 0x20, 0x20, 0x20, 0x20, 0x20, 0x20, 0x20,
	0x28, 0x73, 0x65, 0x74, 0x71, 0x20, 0x63, 0x65, 0x6c, 0x6c, 0x20, 0x28,
	0x69, 0x6e, 0x74, 0x65, 0x72, 0x6e, 0x61, 0x6c, 0x2d, 0x2d, 0x72, 0x65,
	0x61, 0x64, 0x2d, 0x66, 0x6f, 0x72, 0x6d, 0x20, 0x68, 0x29, 0x29, 0x29,
	0x29, 0x0a, 0x20, 0x20, 0x20, 0x20, 0x20, 0x20, 0x20, 0x20, 0x20, 0x20,
	0x20, 0x20, 0x28, 0x69, 0x6e, 0x74, 0x65, 0x72, 0x6e, 0x61, 0x6c, 0x2d,
	0x2d, 0x72, 0x65, 0x61, 0x64, 0x2d, 0x66, 0x6f, 0x72, 0x6d, 0x20, 0x68,
	0x29, 0x29, 0x29, 0x0a, 0x20, 0x20, 0x20, 0x20, 0x20, 0x20, 0x20, 0x28,
	0x69, 0x66, 0x20, 0x68, 0x20, 0x28, 0x69, 0x6e, 0x74, 0x65, 0x72, 0x6e,
	0x61, 0x6c, 0x2d, 0x2d, 0x6c, 0x6f, 0x61, 0x64, 0x2d, 0x65, 0x6e, 0x64,
	0x20, 0x68, 0x29, 0x29, 0x29, 0x29, 0x0a, 0x20, 0x20, 0x20, 0x6e, 0x69,
	0x6c, 0x29, 0x29, 0x29, 0x0a, 0x28, 0x64, 0x65, 0x66, 0x61, 0x6c, 0x69,
	0x61, 0x73, 0x20, 0x27, 0x6c, 0x6f, 0x61, 0x64, 0x20, 0x28, 0x6c, 0x61,
	0x6d, 0x62, 0x64, 0x61, 0x20, 0x28, 0x6e, 0x61, 0x6d, 0x65, 0x29, 0x0a,
	0x20, 0x20, 0x28, 0x69, 0x6e, 0x74, 0x65, 0x72, 0x6e, 0x61, 0x6c, 0x2d,
	0x2d, 0x6c, 0x6f, 0x61, 0x64, 0x2d, 0x6c, 0x6f, 0x6f, 0x70, 0x20, 0x28,
	0x69, 0x6e, 0x74, 0x65, 0x72, 0x6e, 0x61, 0x6c, 0x2d, 0x2d, 0x72, 0x65,
	0x73, 0x6f, 0x6c, 0x76, 0x65, 0x2d, 0x6c, 0x6f, 0x61, 0x64, 0x20, 0x6e,
	0x61, 0x6d, 0x65, 0x29, 0x29, 0x0a, 0x20, 0x20, 0x74, 0x29, 0x29, 0x0a,
	0x3b, 0x3b, 0x20, 0x72, 0x65, 0x71, 0x75, 0x69, 0x72, 0x65, 0x3a, 0x20,
	0x74, 0x68, 0x65, 0x20, 0x6e, 0x6f, 0x2d, 0x6f, 0x70, 0x20, 0x61, 0x72,
	0x6d, 0x20, 0x28, 0x61, 0x6c, 0x72, 0x65, 0x61, 0x64, 0x79, 0x20, 0x70,
	0x72, 0x6f, 0x76, 0x69, 0x64, 0x65, 0x64, 0x29, 0x20, 0x69, 0x73, 0x20,
	0x69, 0x6e, 0x74, 0x65, 0x72, 0x6e, 0x61, 0x6c, 0x2d, 0x2d, 0x72, 0x65,
	0x71, 0x75, 0x69, 0x72, 0x65, 0x2d, 0x72, 0x65, 0x73, 0x6f, 0x6c, 0x76,
	0x65, 0x0a, 0x3b, 0x3b, 0x20, 0x61, 0x6e, 0x73, 0x77, 0x65, 0x72, 0x69,
	0x6e, 0x67, 0x20, 0x6e, 0x69, 0x6c, 0x2e, 0x20, 0x20, 0x54, 0x68, 0x65,
	0x20, 0x63, 0x79, 0x63, 0x6c, 0x69, 0x63, 0x2d, 0x72, 0x65, 0x71, 0x75,
	0x69, 0x72, 0x65, 0x20, 0x73, 0x74, 0x61, 0x63, 0x6b, 0x20, 0x65, 0x6e,
	0x74, 0x72, 0x79, 0x20, 0x69, 0x73, 0x20, 0x70, 0x75, 0x62, 0x6c, 0x69,
	0x73, 0x68, 0x65, 0x64, 0x20, 0x69, 0x6e, 0x73, 0x69, 0x64, 0x65, 0x20,
	0x74, 0x68, 0x65, 0x0a, 0x3b, 0x3b, 0x20, 0x75, 0x6e, 0x77, 0x69, 0x6e,
	0x64, 0x2d, 0x70, 0x72, 0x6f, 0x74, 0x65, 0x63, 0x74, 0x20, 0x66, 0x6f,
	0x72, 0x20, 0x74, 0x68, 0x65, 0x20, 0x73, 0x61, 0x6d, 0x65, 0x20, 0x6e,
	0x6f, 0x2d, 0x77, 0x69, 0x6e, 0x64, 0x6f, 0x77, 0x20, 0x72, 0x65, 0x61,
	0x73, 0x6f, 0x6e, 0x20, 0x61, 0x73, 0x20, 0x74, 0x68, 0x65, 0x20, 0x73,
	0x74, 0x72, 0x65, 0x61, 0x6d, 0x20, 0x68, 0x61, 0x6e, 0x64, 0x6c, 0x65,
	0x2c, 0x20, 0x61, 0x6e, 0x64, 0x0a, 0x3b, 0x3b, 0x20, 0x70, 0x6f, 0x70,
	0x70, 0x65, 0x64, 0x20, 0x69, 0x6e, 0x20, 0x69, 0x74, 0x73, 0x20, 0x63,
	0x6c, 0x65, 0x61, 0x6e, 0x75, 0x70, 0x20, 0x2d, 0x2d, 0x20, 0x74, 0x68,
	0x65, 0x20, 0x70, 0x6f, 0x70, 0x20, 0x75, 0x73, 0x65, 0x64, 0x20, 0x74,
	0x6f, 0x20, 0x62, 0x65, 0x20, 0x61, 0x20, 0x43, 0x2d, 0x73, 0x69, 0x64,
	0x65, 0x0a, 0x3b, 0x3b, 0x20, 0x46, 0x65, 0x50, 0x72, 0x6f, 0x74, 0x65,
	0x63, 0x74, 0x57, 0x69, 0x74, 0x68, 0x43, 0x6c, 0x65, 0x61, 0x6e, 0x75,
	0x70, 0x2c, 0x20, 0x61, 0x6e, 0x64, 0x20, 0x72, 0x69, 0x64, 0x65, 0x73,
	0x20, 0x66, 0x65, 0x27, 0x73, 0x20, 0x63, 0x6c, 0x65, 0x61, 0x6e, 0x75,
	0x70, 0x20, 0x64, 0x72, 0x61, 0x69, 0x6e, 0x20, 0x65, 0x69, 0x74, 0x68,
	0x65, 0x72, 0x20, 0x77, 0x61, 0x79, 0x2c, 0x20, 0x73, 0x6f, 0x20, 0x61,
	0x0a, 0x3b, 0x3b, 0x20, 0x63, 0x6f, 0x6e, 0x64, 0x69, 0x74, 0x69, 0x6f,
	0x6e, 0x2d, 0x63, 0x61, 0x73, 0x65, 0x20, 0x63, 0x61, 0x74, 0x63, 0x68,
	0x69, 0x6e, 0x67, 0x20, 0x61, 0x20, 0x6c, 0x6f, 0x61, 0x64, 0x20, 0x65,
	0x72, 0x72, 0x6f, 0x72, 0x20, 0x6c, 0x65, 0x61, 0x76, 0x65, 0x73, 0x20,
	0x61, 0x20, 0x72, 0x65, 0x74, 0x72, 0x79, 0x20, 0x61, 0x20, 0x72, 0x65,
	0x74, 0x72, 0x79, 0x20, 0x72, 0x61, 0x74, 0x68, 0x65, 0x72, 0x0a, 0x3b,
	0x3b, 0x20, 0x74, 0x68, 0x61, 0x6e, 0x20, 0x61, 0x20, 0x66, 0x61, 0x6c,
	0x73, 0x65, 0x20, 0x22, 0x63, 0x79, 0x63, 0x6c, 0x69, 0x63, 0x20, 0x72,
	0x65, 0x71, 0x75, 0x69, 0x72, 0x65, 0x22, 0x2e, 0x20, 0x20, 0x54, 0x68,
	0x65, 0x20, 0x64, 0x69, 0x64, 0x2d, 0x6e, 0x6f, 0x74, 0x2d, 0x70, 0x72,
	0x6f, 0x76, 0x69, 0x64, 0x65, 0x20, 0x76, 0x65, 0x72, 0x64, 0x69, 0x63,
	0x74, 0x0a, 0x3b, 0x3b, 0x20, 0x28, 0x69, 0x6e, 0x74, 0x65, 0x72, 0x6e,
	0x61, 0x6c, 0x2d, 0x2d, 0x72, 0x65, 0x71, 0x75, 0x69, 0x72, 0x65, 0x2d,
	0x63, 0x68, 0x65, 0x63, 0x6b, 0x29, 0x20, 0x72, 0x75, 0x6e, 0x73, 0x20,
	0x6f, 0x6e, 0x6c, 0x79, 0x20, 0x6f, 0x6e, 0x20, 0x74, 0x68, 0x65, 0x20,
	0x73, 0x75, 0x63, 0x63, 0x65, 0x73, 0x73, 0x20, 0x70, 0x61, 0x74, 0x68,
	0x2c, 0x20, 0x62, 0x65, 0x66, 0x6f, 0x72, 0x65, 0x20, 0x74, 0x68, 0x65,
	0x0a, 0x3b, 0x3b, 0x20, 0x70, 0x6f, 0x70, 0x20, 0x73, 0x6f, 0x20, 0x74,
	0x68, 0x65, 0x20, 0x43, 0x20, 0x73, 0x69, 0x64, 0x65, 0x20, 0x73, 0x74,
	0x69, 0x6c, 0x6c, 0x20, 0x73, 0x65, 0x65, 0x73, 0x20, 0x74, 0x68, 0x69,
	0x73, 0x20, 0x63, 0x68, 0x61, 0x69, 0x6e, 0x27, 0x73, 0x20, 0x64, 0x65,
	0x70, 0x74, 0x68, 0x2e, 0x0a, 0x28, 0x64, 0x65, 0x66, 0x61, 0x6c, 0x69,
	0x61, 0x73, 0x20, 0x27, 0x72, 0x65, 0x71, 0x75, 0x69, 0x72, 0x65, 0x20,
	0x28, 0x6c, 0x61, 0x6d, 0x62, 0x64, 0x61, 0x20, 0x28, 0x66, 0x65, 0x61,
	0x74, 0x75, 0x72, 0x65, 0x20, 0x26, 0x6f, 0x70, 0x74, 0x69, 0x6f, 0x6e,
	0x61, 0x6c, 0x20, 0x66, 0x69, 0x6c, 0x65, 0x6e, 0x61, 0x6d, 0x65, 0x29,
	0x0a, 0x20, 0x20, 0x28, 0x28, 0x6c, 0x61, 0x6d, 0x62, 0x64, 0x61, 0x20,
	0x28, 0x70, 0x61, 0x74, 0x68, 0x29, 0x0a, 0x20, 0x20, 0x20, 0x20, 0x20,
	0x28, 0x69, 0x66, 0x20, 0x70, 0x61, 0x74, 0x68, 0x0a, 0x20, 0x20, 0x20,
	0x20, 0x20, 0x20, 0x20, 0x20, 0x20, 0x28, 0x28, 0x6c, 0x61, 0x6d, 0x62,
	0x64, 0x61, 0x20, 0x28, 0x70, 0x75, 0x73, 0x68, 0x65, 0x64, 0x29, 0x0a,
	0x20, 0x20, 0x20, 0x20, 0x20, 0x20, 0x20, 0x20, 0x20, 0x20, 0x20, 0x20,
	0x28, 0x75, 0x6e, 0x77, 0x69, 0x6e, 0x64, 0x2d, 0x70, 0x72, 0x6f, 0x74,
	0x65, 0x63, 0x74, 0x0a, 0x20, 0x20, 0x20, 0x20, 0x20, 0x20, 0x20, 0x20,
	0x20, 0x20, 0x20, 0x20, 0x20, 0x20, 0x20, 0x20, 0x28, 0x70, 0x72, 0x6f,
	0x67, 0x6e, 0x0a, 0x20, 0x20, 0x20, 0x20, 0x20, 0x20, 0x20, 0x20, 0x20,
	0x20, 0x20, 0x20, 0x20, 0x20, 0x20, 0x20, 0x20, 0x20, 0x28, 0x73, 0x65,
	0x74, 0x71, 0x20, 0x70, 0x75, 0x73, 0x68, 0x65, 0x64, 0x20, 0x28, 0x69,
	0x6e, 0x74, 0x65, 0x72, 0x6e, 0x61, 0x6c, 0x2d, 0x2d, 0x72, 0x65, 0x71,
	0x75, 0x69, 0x72, 0x65, 0x2d, 0x70, 0x75, 0x73, 0x68, 0x20, 0x66, 0x65,
	0x61, 0x74, 0x75, 0x72, 0x65, 0x29, 0x29, 0x0a, 0x20, 0x20, 0x20, 0x20,
	0x20, 0x20, 0x20, 0x20, 0x20, 0x20, 0x20, 0x20, 0x20, 0x20, 0x20, 0x20,
	0x20, 0x20, 0x28, 0x69, 0x6e, 0x74, 0x65, 0x72, 0x6e, 0x61, 0x6c, 0x2d,
	0x2d, 0x6c, 0x6f, 0x61, 0x64, 0x2d, 0x6c, 0x6f, 0x6f, 0x70, 0x20, 0x70,
	0x61, 0x74, 0x68, 0x29, 0x0a, 0x20, 0x20, 0x20, 0x20, 0x20, 0x20, 0x20,
	0x20, 0x20, 0x20, 0x20, 0x20, 0x20, 0x20, 0x20, 0x20, 0x20, 0x20, 0x28,
	0x69, 0x6e, 0x74, 0x65, 0x72, 0x6e, 0x61, 0x6c, 0x2d, 0x2d, 0x72, 0x65,
	0x71, 0x75, 0x69, 0x72, 0x65, 0x2d, 0x63, 0x68, 0x65, 0x63, 0x6b, 0x20,
	0x66, 0x65, 0x61, 0x74, 0x75, 0x72, 0x65, 0x29, 0x29, 0x0a, 0x20, 0x20,
	0x20, 0x20, 0x20, 0x20, 0x20, 0x20, 0x20, 0x20, 0x20, 0x20, 0x20, 0x20,
	0x28, 0x69, 0x66, 0x20, 0x70, 0x75, 0x73, 0x68, 0x65, 0x64, 0x20, 0x28,
	0x69, 0x6e, 0x74, 0x65, 0x72, 0x6e, 0x61, 0x6c, 0x2d, 0x2d, 0x72, 0x65,
	0x71, 0x75, 0x69, 0x72, 0x65, 0x2d, 0x70, 0x6f, 0x70, 0x29, 0x29, 0x29,
	0x29, 0x0a, 0x20, 0x20, 0x20, 0x20, 0x20, 0x20, 0x20, 0x20, 0x20, 0x20,
	0x6e, 0x69, 0x6c, 0x29, 0x29, 0x29, 0x0a, 0x20, 0x20, 0x20, 0x28, 0x69,
	0x6e, 0x74, 0x65, 0x72, 0x6e, 0x61, 0x6c, 0x2d, 0x2d, 0x72, 0x65, 0x71,
	0x75, 0x69, 0x72, 0x65, 0x2d, 0x72, 0x65, 0x73, 0x6f, 0x6c, 0x76, 0x65,
	0x20, 0x66, 0x65, 0x61, 0x74, 0x75, 0x72, 0x65, 0x20, 0x66, 0x69, 0x6c,
	0x65, 0x6e, 0x61, 0x6d, 0x65, 0x29, 0x29, 0x0a, 0x20, 0x20, 0x66, 0x65,
	0x61, 0x74, 0x75, 0x72, 0x65, 0x29, 0x29, 0x0a, 0x0a, 0x3b, 0x3b, 0x20,
	0x2d, 0x2d, 0x2d, 0x20, 0x73, 0x74, 0x61, 0x72, 0x74, 0x75, 0x70, 0x20,
	0x2d, 0x2d, 0x2d, 0x0a, 0x3b, 0x3b, 0x20, 0x54, 0x68, 0x65, 0x20, 0x73,
	0x74, 0x61, 0x72, 0x74, 0x75, 0x70, 0x20, 0x73, 0x63, 0x72, 0x65, 0x65,
	0x6e, 0x20, 0x73, 0x77, 0x69, 0x74, 0x63, 0x68, 0x2c, 0x20, 0x64, 0x65,
	0x63, 0x6c, 0x61, 0x72, 0x65, 0x64, 0x20, 0x68, 0x65, 0x72, 0x65, 0x20,
	0x73, 0x6f, 0x20, 0x69, 0x74, 0x20, 0x69, 0x73, 0x20, 0x60, 0x62, 0x6f,
	0x75, 0x6e, 0x64, 0x70, 0x27, 0x20, 0x61, 0x6e, 0x64, 0x0a, 0x3b, 0x3b,
	0x20, 0x60, 0x73, 0x70, 0x65, 0x63, 0x69, 0x61, 0x6c, 0x2d, 0x76, 0x61,
	0x72, 0x69, 0x61, 0x62, 0x6c, 0x65, 0x2d, 0x70, 0x27, 0x20, 0x62, 0x65,
	0x66, 0x6f, 0x72, 0x65, 0x20, 0x61, 0x6e, 0x79, 0x20, 0x69, 0x6e, 0x69,
	0x74, 0x20, 0x66, 0x69, 0x6c, 0x65, 0x20, 0x72, 0x75, 0x6e, 0x73, 0x2c,
	0x20, 0x65, 0x78, 0x61, 0x63, 0x74, 0x6c, 0x79, 0x20, 0x61, 0x73, 0x20,
	0x45, 0x6d, 0x61, 0x63, 0x73, 0x0a, 0x3b, 0x3b, 0x20, 0x64, 0x65, 0x63,
	0x6c, 0x61, 0x72, 0x65, 0x73, 0x20, 0x69, 0x74, 0x2e, 0x20, 0x20, 0x6b,
	0x67, 0x27, 0x73, 0x20, 0x73, 0x74, 0x61, 0x72, 0x74, 0x75, 0x70, 0x20,
	0x73, 0x63, 0x72, 0x65, 0x65, 0x6e, 0x20, 0x69, 0x73, 0x20, 0x74, 0x68,
	0x65, 0x20, 0x63, 0x65, 0x6e, 0x74, 0x72, 0x65, 0x64, 0x20, 0x6c, 0x6f,
	0x67, 0x6f, 0x20, 0x61, 0x6e, 0x20, 0x65, 0x6d, 0x70, 0x74, 0x79, 0x20,
	0x62, 0x75, 0x66, 0x66, 0x65, 0x72, 0x0a, 0x3b, 0x3b, 0x20, 0x73, 0x68,
	0x6f, 0x77, 0x73, 0x3b, 0x20, 0x6d, 0x61, 0x69, 0x6e, 0x2e, 0x63, 0x20,
	0x72, 0x65, 0x61, 0x64, 0x73, 0x20, 0x74, 0x68, 0x65, 0x73, 0x65, 0x20,
	0x6f, 0x6e, 0x63, 0x65, 0x2c, 0x20, 0x61, 0x66, 0x74, 0x65, 0x72, 0x20,
	0x74, 0x68, 0x65, 0x20, 0x69, 0x6e, 0x69, 0x74, 0x20, 0x66, 0x69, 0x6c,
	0x65, 0x20, 0x68, 0x61, 0x73, 0x20, 0x68, 0x61, 0x64, 0x20, 0x69, 0x74,
	0x73, 0x20, 0x73, 0x61, 0x79, 0x2c, 0x0a, 0x3b, 0x3b, 0x20, 0x61, 0x6e,
	0x64, 0x20, 0x64, 0x72, 0x61, 0x77, 0x73, 0x20, 0x6e, 0x6f, 0x20, 0x62,
	0x61, 0x6e, 0x6e, 0x65, 0x72, 0x20, 0x77, 0x68, 0x65, 0x6e, 0x20, 0x65,
	0x69, 0x74, 0x68, 0x65, 0x72, 0x20, 0x69, 0x73, 0x20, 0x6e, 0x6f, 0x6e,
	0x2d, 0x6e, 0x69, 0x6c, 0x2e, 0x0a, 0x3b, 0x3b, 0x0a, 0x3b, 0x3b, 0x20,
	0x49, 0x6e, 0x20, 0x45, 0x6d, 0x61, 0x63, 0x73, 0x20, 0x60, 0x69, 0x6e,
	0x68, 0x69, 0x62, 0x69, 0x74, 0x2d, 0x73, 0x74, 0x61, 0x72, 0x74, 0x75,
	0x70, 0x2d, 0x6d, 0x65, 0x73, 0x73, 0x61, 0x67, 0x65, 0x27, 0x20, 0x69,
	0x73, 0x20, 0x61, 0x20, 0x60, 0x64, 0x65, 0x66, 0x76, 0x61, 0x72, 0x61,
	0x6c, 0x69, 0x61, 0x73, 0x27, 0x20, 0x6f, 0x66, 0x0a, 0x3b, 0x3b, 0x20,
	0x60, 0x69, 0x6e, 0x68, 0x69, 0x62, 0x69, 0x74, 0x2d, 0x73, 0x74, 0x61,
	0x72, 0x74, 0x75, 0x70, 0x2d, 0x73, 0x63, 0x72, 0x65, 0x65, 0x6e, 0x27,
	0x20, 0x2d, 0x2d, 0x20, 0x6f, 0x6e, 0x65, 0x20, 0x76, 0x61, 0x72, 0x69,
	0x61, 0x62, 0x6c, 0x65, 0x20, 0x75, 0x6e, 0x64, 0x65, 0x72, 0x20, 0x74,
	0x77, 0x6f, 0x20, 0x6e, 0x61, 0x6d, 0x65, 0x73, 0x2e, 0x20, 0x20, 0x6b,
	0x67, 0x20, 0x68, 0x61, 0x73, 0x20, 0x6e, 0x6f, 0x0a, 0x3b, 0x3b, 0x20,
	0x76, 0x61, 0x72, 0x69, 0x61, 0x62, 0x6c, 0x65, 0x20, 0x61, 0x6c, 0x69,
	0x61, 0x73, 0x65, 0x73, 0x2c, 0x20, 0x73, 0x6f, 0x20, 0x74, 0x68, 0x65,
	0x73, 0x65, 0x20, 0x61, 0x72, 0x65, 0x20, 0x74, 0x77, 0x6f, 0x20, 0x6f,
	0x72, 0x64, 0x69, 0x6e, 0x61, 0x72, 0x79, 0x20, 0x76, 0x61, 0x72, 0x69,
	0x61, 0x62, 0x6c, 0x65, 0x73, 0x20, 0x61, 0x6e, 0x64, 0x20, 0x74, 0x68,
	0x65, 0x20, 0x43, 0x20, 0x73, 0x69, 0x64, 0x65, 0x0a, 0x3b, 0x3b, 0x20,
	0x74, 0x72, 0x65, 0x61, 0x74, 0x73, 0x20, 0x45, 0x49, 0x54, 0x48, 0x45,
	0x52, 0x20, 0x62, 0x65, 0x69, 0x6e, 0x67, 0x20, 0x6e, 0x6f, 0x6e, 0x2d,
	0x6e, 0x69, 0x6c, 0x20, 0x61, 0x73, 0x20, 0x22, 0x73, 0x75, 0x70, 0x70,
	0x72, 0x65, 0x73, 0x73, 0x65, 0x64, 0x22, 0x2e, 0x20, 0x20, 0x54, 0x68,
	0x61, 0x74, 0x20, 0x63, 0x6f, 0x76, 0x65, 0x72, 0x73, 0x20, 0x77, 0x68,
	0x61, 0x74, 0x20, 0x61, 0x20, 0x75, 0x73, 0x65, 0x72, 0x0a, 0x3b, 0x3b,
	0x20, 0x77, 0x72, 0x69, 0x74, 0x65, 0x73, 0x3b, 0x20, 0x77, 0x68, 0x61,
	0x74, 0x20, 0x69, 0x74, 0x20, 0x64, 0x6f, 0x65, 0x73, 0x20, 0x6e, 0x6f,
	0x74, 0x20, 0x64, 0x6f, 0x20, 0x69, 0x73, 0x20, 0x6d, 0x61, 0x6b, 0x65,
	0x20, 0x61, 0x20, 0x60, 0x73, 0x65, 0x74, 0x71, 0x27, 0x20, 0x6f, 0x66,
	0x20, 0x6f, 0x6e, 0x65, 0x20, 0x6e, 0x61, 0x6d, 0x65, 0x20, 0x72, 0x65,
	0x61, 0x64, 0x20, 0x62, 0x61, 0x63, 0x6b, 0x0a, 0x3b, 0x3b, 0x20, 0x74,
	0x68, 0x72, 0x6f, 0x75, 0x67, 0x68, 0x20, 0x74, 0x68, 0x65, 0x20, 0x6f,
	0x74, 0x68, 0x65, 0x72, 0x2c, 0x20, 0x61, 0x6e, 0x64, 0x20, 0x74, 0x68,
	0x61, 0x74, 0x20, 0x69, 0x73, 0x20, 0x74, 0x68, 0x65, 0x20, 0x77, 0x68,
	0x6f, 0x6c, 0x65, 0x20, 0x6f, 0x66, 0x20, 0x74, 0x68, 0x65, 0x20, 0x64,
	0x69, 0x76, 0x65, 0x72, 0x67, 0x65, 0x6e, 0x63, 0x65, 0x2e, 0x0a, 0x28,
	0x64, 0x65, 0x66, 0x61, 0x6c, 0x69, 0x61, 0x73, 0x20, 0x27, 0x73, 0x74,
	0x72, 0x69, 0x6e, 0x67, 0x2d, 0x65, 0x6d, 0x70, 0x74, 0x79, 0x2d, 0x70,
	0x20, 0x28, 0x6c, 0x61, 0x6d, 0x62, 0x64, 0x61, 0x20, 0x28, 0x73, 0x29,
	0x20, 0x28, 0x73, 0x74, 0x72, 0x69, 0x6e, 0x67, 0x3d, 0x20, 0x73, 0x20,
	0x22, 0x22, 0x29, 0x29, 0x29, 0x0a, 0x28, 0x64, 0x65, 0x66, 0x61, 0x6c,
	0x69, 0x61, 0x73, 0x20, 0x27, 0x74, 0x68, 0x69, 0x6e, 0x67, 0x2d, 0x61,
	0x74, 0x2d, 0x70, 0x6f, 0x69, 0x6e, 0x74, 0x20, 0x28, 0x6c, 0x61, 0x6d,
	0x62, 0x64, 0x61, 0x20, 0x28, 0x74, 0x68, 0x69, 0x6e, 0x67, 0x29, 0x0a,
	0x20, 0x20, 0x28, 0x69, 0x6e, 0x74, 0x65, 0x72, 0x6e, 0x61, 0x6c, 0x2d,
	0x2d, 0x6c, 0x65, 0x74, 0x20, 0x62, 0x6f, 0x75, 0x6e, 0x64, 0x73, 0x20,
	0x28, 0x62, 0x6f, 0x75, 0x6e, 0x64, 0x73, 0x2d, 0x6f, 0x66, 0x2d, 0x74,
	0x68, 0x69, 0x6e, 0x67, 0x2d, 0x61, 0x74, 0x2d, 0x70, 0x6f, 0x69, 0x6e,
	0x74, 0x20, 0x74, 0x68, 0x69, 0x6e, 0x67, 0x29, 0x29, 0x0a, 0x20, 0x20,
	0x28, 0x69, 0x66, 0x20, 0x62, 0x6f, 0x75, 0x6e, 0x64, 0x73, 0x20, 0x28,
	0x62, 0x75, 0x66, 0x66, 0x65, 0x72, 0x2d, 0x73, 0x75, 0x62, 0x73, 0x74,
	0x72, 0x69, 0x6e, 0x67, 0x20, 0x28, 0x63, 0x61, 0x72, 0x20, 0x62, 0x6f,
	0x75, 0x6e, 0x64, 0x73, 0x29, 0x20, 0x28, 0x63, 0x64, 0x72, 0x20, 0x62,
	0x6f, 0x75, 0x6e, 0x64, 0x73, 0x29, 0x29, 0x29, 0x29, 0x29, 0x0a, 0x0a,
	0x3b, 0x3b, 0x20, 0x45, 0x6d, 0x61, 0x63, 0x73, 0x27, 0x20, 0x6c, 0x69,
	0x6e, 0x65, 0x2d, 0x6d, 0x6f, 0x74, 0x69, 0x6f, 0x6e, 0x20, 0x70, 0x61,
	0x69, 0x72, 0x2c, 0x20, 0x61, 0x73, 0x20, 0x70, 0x6c, 0x61, 0x69, 0x6e,
	0x20, 0x66, 0x75, 0x6e, 0x63, 0x74, 0x69, 0x6f, 0x6e, 0x73, 0x20, 0x66,
	0x6f, 0x72, 0x20, 0x70, 0x72, 0x6f, 0x67, 0x72, 0x61, 0x6d, 0x73, 0x3a,
	0x20, 0x74, 0x68, 0x65, 0x0a, 0x3b, 0x3b, 0x20, 0x63, 0x6d, 0x64, 0x74,
	0x61, 0x62, 0x6c, 0x65, 0x20, 0x72, 0x6f, 0x77, 0x73, 0x20, 0x6f, 0x66,
	0x20, 0x74, 0x68, 0x65, 0x20, 0x73, 0x61, 0x6d, 0x65, 0x20, 0x6e, 0x61,
	0x6d, 0x65, 0x73, 0x20, 0x6f, 0x77, 0x6e, 0x20, 0x4d, 0x2d, 0x78, 0x20,
	0x61, 0x6e, 0x64, 0x20, 0x74, 0x68, 0x65, 0x20, 0x43, 0x2d, 0x61, 0x2f,
	0x43, 0x2d, 0x65, 0x20, 0x6b, 0x65, 0x79, 0x73, 0x20, 0x75, 0x6e, 0x74,
	0x69, 0x6c, 0x0a, 0x3b, 0x3b, 0x20, 0x62, 0x75, 0x69, 0x6c, 0x74, 0x2d,
	0x69, 0x6e, 0x20, 0x6b, 0x65, 0x79, 0x73, 0x20, 0x72, 0x65, 0x73, 0x6f,
	0x6c, 0x76, 0x65, 0x20, 0x74, 0x6f, 0x20, 0x63, 0x6f, 0x6d, 0x6d, 0x61,
	0x6e, 0x64, 0x20, 0x6e, 0x61, 0x6d, 0x65, 0x73, 0x20, 0x28, 0x6b, 0x65,
	0x79, 0x6d, 0x61, 0x70, 0x20, 0x50, 0x6c, 0x61, 0x6e, 0x20, 0x30, 0x31,
	0x29, 0x2c, 0x20, 0x73, 0x6f, 0x20, 0x6e, 0x65, 0x69, 0x74, 0x68, 0x65,
	0x72, 0x0a, 0x3b, 0x3b, 0x20, 0x63, 0x61, 0x72, 0x72, 0x69, 0x65, 0x73,
	0x20, 0x28, 0x69, 0x6e, 0x74, 0x65, 0x72, 0x61, 0x63, 0x74, 0x69, 0x76,
	0x65, 0x29, 0x2e, 0x20, 0x20, 0x57, 0x69, 0x74, 0x68, 0x20, 0x4e, 0x20,
	0x6e, 0x6f, 0x74, 0x20, 0x6e, 0x69, 0x6c, 0x20, 0x6f, 0x72, 0x20, 0x31,
	0x2c, 0x20, 0x6d, 0x6f, 0x76, 0x65, 0x20, 0x66, 0x6f, 0x72, 0x77, 0x61,
	0x72, 0x64, 0x20, 0x4e, 0x20, 0x2d, 0x20, 0x31, 0x0a, 0x3b, 0x3b, 0x20,
	0x6c, 0x69, 0x6e, 0x65, 0x73, 0x20, 0x66, 0x69, 0x72, 0x73, 0x74, 0x20,
	0x28, 0x30, 0x20, 0x6e, 0x61, 0x6d, 0x65, 0x73, 0x20, 0x74, 0x68, 0x65,
	0x20, 0x70, 0x72, 0x65, 0x76, 0x69, 0x6f, 0x75, 0x73, 0x20, 0x6c, 0x69,
	0x6e, 0x65, 0x29, 0x2c, 0x20, 0x45, 0x6d, 0x61, 0x63, 0x73, 0x27, 0x20,
	0x63, 0x6f, 0x6e, 0x74, 0x72, 0x61, 0x63, 0x74, 0x3b, 0x20, 0x67, 0x6f,
	0x74, 0x6f, 0x2d, 0x6c, 0x69, 0x6e, 0x65, 0x0a, 0x3b, 0x3b, 0x20, 0x63,
	0x6c, 0x61, 0x6d, 0x70, 0x73, 0x20, 0x61, 0x74, 0x20, 0x62, 0x6f, 0x74,
	0x68, 0x20, 0x62, 0x75, 0x66, 0x66, 0x65, 0x72, 0x20, 0x65, 0x64, 0x67,
	0x65, 0x73, 0x2c, 0x20, 0x77, 0x68, 0x69, 0x63, 0x68, 0x20, 0x45, 0x6d,
	0x61, 0x63, 0x73, 0x20, 0x61, 0x6c, 0x73, 0x6f, 0x20, 0x64, 0x6f, 0x65,
	0x73, 0x2c, 0x20, 0x61, 0x6e, 0x64, 0x20, 0x69, 0x73, 0x20, 0x61, 0x20,
	0x6e, 0x6f, 0x2d, 0x6f, 0x70, 0x0a, 0x3b, 0x3b, 0x20, 0x69, 0x6e, 0x20,
	0x61, 0x6e, 0x20, 0x65, 0x6d, 0x70, 0x74, 0x79, 0x20, 0x62, 0x75, 0x66,
	0x66, 0x65, 0x72, 0x2e, 0x0a, 0x28, 0x64, 0x65, 0x66, 0x61, 0x6c, 0x69,
	0x61, 0x73, 0x20, 0x27, 0x6d, 0x6f, 0x76, 0x65, 0x2d, 0x62, 0x65, 0x67,
	0x69, 0x6e, 0x6e, 0x69, 0x6e, 0x67, 0x2d, 0x6f, 0x66, 0x2d, 0x6c, 0x69,
	0x6e, 0x65, 0x20, 0x28, 0x6c, 0x61, 0x6d, 0x62, 0x64, 0x61, 0x20, 0x28,
	0x26, 0x6f, 0x70, 0x74, 0x69, 0x6f, 0x6e, 0x61, 0x6c, 0x20, 0x6e, 0x29,
	0x0a, 0x20, 0x20, 0x28, 0x67, 0x6f, 0x74, 0x6f, 0x2d, 0x6c, 0x69, 0x6e,
	0x65, 0x20, 0x28, 0x2b, 0x20, 0x28, 0x6c, 0x69, 0x6e, 0x65, 0x2d, 0x6e,
	0x75, 0x6d, 0x62, 0x65, 0x72, 0x2d, 0x61, 0x74, 0x2d, 0x70, 0x6f, 0x73,
	0x29, 0x20, 0x28, 0x69, 0x66, 0x20, 0x6e, 0x20, 0x6e, 0x20, 0x31, 0x29,
	0x20, 0x2d, 0x31, 0x29, 0x29, 0x0a, 0x20, 0x20, 0x6e, 0x69, 0x6c, 0x29,
	0x29, 0x0a, 0x0a, 0x3b, 0x3b, 0x20, 0x45, 0x6e, 0x64, 0x20, 0x6f, 0x66,
	0x20, 0x6c, 0x69, 0x6e, 0x65, 0x20, 0x69, 0x73, 0x20, 0x74, 0x68, 0x65,
	0x20, 0x70, 0x6f, 0x73, 0x69, 0x74, 0x69, 0x6f, 0x6e, 0x20, 0x62, 0x65,
	0x66, 0x6f, 0x72, 0x65, 0x20, 0x74, 0x68, 0x65, 0x20, 0x6c, 0x69, 0x6e,
	0x65, 0x27, 0x73, 0x20, 0x6e, 0x65, 0x77, 0x6c, 0x69, 0x6e, 0x65, 0x3b,
	0x20, 0x74, 0x68, 0x65, 0x20, 0x6c, 0x61, 0x73, 0x74, 0x0a, 0x3b, 0x3b,
	0x20, 0x6c, 0x69, 0x6e, 0x65, 0x20, 0x68, 0x61, 0x73, 0x20, 0x6e, 0x6f,
	0x6e, 0x65, 0x20, 0x61, 0x6e, 0x64, 0x20, 0x65, 0x6e, 0x64, 0x73, 0x20,
	0x61, 0x74, 0x20, 0x65, 0x6e, 0x64, 0x20, 0x6f, 0x66, 0x20, 0x62, 0x75,
	0x66, 0x66, 0x65, 0x72, 0x2e, 0x20, 0x20, 0x28, 0x62, 0x6f, 0x75, 0x6e,
	0x64, 0x73, 0x2d, 0x6f, 0x66, 0x2d, 0x74, 0x68, 0x69, 0x6e, 0x67, 0x2d,
	0x61, 0x74, 0x2d, 0x70, 0x6f, 0x69, 0x6e, 0x74, 0x0a, 0x3b, 0x3b, 0x20,
	0x27, 0x6c, 0x69, 0x6e, 0x65, 0x29, 0x20, 0x74, 0x61, 0x6b, 0x65, 0x73,
	0x20, 0x74, 0x68, 0x65, 0x20, 0x6e, 0x65, 0x77, 0x6c, 0x69, 0x6e, 0x65,
	0x20, 0x69, 0x6e, 0x20, 0x2d, 0x2d, 0x20, 0x69, 0x74, 0x73, 0x20, 0x63,
	0x64, 0x72, 0x20, 0x69, 0x73, 0x20, 0x74, 0x68, 0x65, 0x20, 0x6e, 0x65,
	0x78, 0x74, 0x20, 0x6c, 0x69, 0x6e, 0x65, 0x27, 0x73, 0x20, 0x73, 0x74,
	0x61, 0x72, 0x74, 0x20, 0x2d, 0x2d, 0x0a, 0x3b, 0x3b, 0x20, 0x73, 0x6f,
	0x20, 0x73, 0x74, 0x65, 0x70, 0x20, 0x62, 0x61, 0x63, 0x6b, 0x20, 0x6f,
	0x76, 0x65, 0x72, 0x20, 0x65, 0x78, 0x61, 0x63, 0x74, 0x6c, 0x79, 0x20,
	0x6f, 0x6e, 0x65, 0x20, 0x63, 0x68, 0x61, 0x72, 0x61, 0x63, 0x74, 0x65,
	0x72, 0x20, 0x77, 0x68, 0x65, 0x6e, 0x20, 0x74, 0x68, 0x65, 0x20, 0x63,
	0x68, 0x61, 0x72, 0x61, 0x63, 0x74, 0x65, 0x72, 0x20, 0x62, 0x65, 0x66,
	0x6f, 0x72, 0x65, 0x0a, 0x3b, 0x3b, 0x20, 0x63, 0x64, 0x72, 0x20, 0x69,
	0x73, 0x20, 0x61, 0x20, 0x6e, 0x65, 0x77, 0x6c, 0x69, 0x6e, 0x65, 0x2e,
	0x20, 0x20, 0x54, 0x68, 0x61, 0x74, 0x20, 0x69, 0x73, 0x20, 0x65, 0x76,
	0x65, 0x72, 0x79, 0x20, 0x6c, 0x69, 0x6e, 0x65, 0x20, 0x62, 0x75, 0x74,
	0x20, 0x74, 0x68, 0x65, 0x20, 0x6c, 0x61, 0x73, 0x74, 0x20, 0x28, 0x61,
	0x6e, 0x20, 0x65, 0x6d, 0x70, 0x74, 0x79, 0x20, 0x6d, 0x69, 0x64, 0x64,
	0x6c, 0x65, 0x0a, 0x3b, 0x3b, 0x20, 0x6c, 0x69, 0x6e, 0x65, 0x20, 0x73,
	0x74, 0x65, 0x70, 0x73, 0x20, 0x66, 0x72, 0x6f, 0x6d, 0x20, 0x63, 0x64,
	0x72, 0x20, 0x62, 0x61, 0x63, 0x6b, 0x20, 0x6f, 0x6e, 0x74, 0x6f, 0x20,
	0x69, 0x74, 0x73, 0x20, 0x6f, 0x77, 0x6e, 0x20, 0x63, 0x61, 0x72, 0x2c,
	0x20, 0x77, 0x68, 0x69, 0x63, 0x68, 0x20, 0x69, 0x73, 0x20, 0x77, 0x68,
	0x65, 0x72, 0x65, 0x20, 0x69, 0x74, 0x73, 0x20, 0x65, 0x6e, 0x64, 0x0a,
	0x3b, 0x3b, 0x20, 0x69, 0x73, 0x29, 0x3b, 0x20, 0x6f, 0x6e, 0x20, 0x74,
	0x68, 0x65, 0x20, 0x6c, 0x61, 0x73, 0x74, 0x20, 0x6c, 0x69, 0x6e, 0x65,
	0x20, 0x74, 0x68, 0x65, 0x20, 0x63, 0x68, 0x61, 0x72, 0x61, 0x63, 0x74,
	0x65, 0x72, 0x20, 0x62, 0x65, 0x66, 0x6f, 0x72, 0x65, 0x20, 0x63, 0x64,
	0x72, 0x20, 0x69, 0x73, 0x20, 0x65, 0x69, 0x74, 0x68, 0x65, 0x72, 0x20,
	0x69, 0x74, 0x73, 0x20, 0x6c, 0x61, 0x73, 0x74, 0x0a, 0x3b, 0x3b, 0x20,
	0x63, 0x68, 0x61, 0x72, 0x61, 0x63, 0x74, 0x65, 0x72, 0x20, 0x6f, 0x72,
	0x2c, 0x20, 0x77, 0x68, 0x65, 0x6e, 0x20, 0x74, 0x68, 0x65, 0x20, 0x6c,
	0x69, 0x6e, 0x65, 0x20, 0x69, 0x73, 0x20, 0x65, 0x6d, 0x70, 0x74, 0x79,
	0x20, 0x73, 0x6f, 0x20, 0x63, 0x61, 0x72, 0x20, 0x65, 0x71, 0x75, 0x61,
	0x6c, 0x73, 0x20, 0x63, 0x64, 0x72, 0x2c, 0x20, 0x74, 0x68, 0x65, 0x0a,
	0x3b, 0x3b, 0x20, 0x50, 0x52, 0x45, 0x56, 0x49, 0x4f, 0x55, 0x53, 0x20,
	0x6c, 0x69, 0x6e, 0x65, 0x27, 0x73, 0x20, 0x6e, 0x65, 0x77, 0x6c, 0x69,
	0x6e, 0x65, 0x20, 0x2d, 0x2d, 0x20, 0x74, 0x68, 0x65, 0x20, 0x28, 0x3c,
	0x20, 0x63, 0x61, 0x72, 0x20, 0x63, 0x64, 0x72, 0x29, 0x20, 0x67, 0x75,
	0x61, 0x72, 0x64, 0x20, 0x65, 0x78, 0x69, 0x73, 0x74, 0x73, 0x20, 0x66,
	0x6f, 0x72, 0x20, 0x74, 0x68, 0x61, 0x74, 0x0a, 0x3b, 0x3b, 0x20, 0x6f,
	0x6e, 0x65, 0x20, 0x63, 0x61, 0x73, 0x65, 0x2c, 0x20, 0x77, 0x68, 0x65,
	0x72, 0x65, 0x20, 0x73, 0x74, 0x65, 0x70, 0x70, 0x69, 0x6e, 0x67, 0x20,
	0x77, 0x6f, 0x75, 0x6c, 0x64, 0x20, 0x6c, 0x65, 0x61, 0x76, 0x65, 0x20,
	0x74, 0x68, 0x65, 0x20, 0x6c, 0x69, 0x6e, 0x65, 0x2e, 0x0a, 0x28, 0x64,
	0x65, 0x66, 0x61, 0x6c, 0x69, 0x61, 0x73, 0x20, 0x27, 0x6d, 0x6f, 0x76,
	0x65, 0x2d, 0x65, 0x6e, 0x64, 0x2d, 0x6f, 0x66, 0x2d, 0x6c, 0x69, 0x6e,
	0x65, 0x20, 0x28, 0x6c, 0x61, 0x6d, 0x62, 0x64, 0x61, 0x20, 0x28, 0x26,
	0x6f, 0x70, 0x74, 0x69, 0x6f, 0x6e, 0x61, 0x6c, 0x20, 0x6e, 0x29, 0x0a,
	0x20, 0x20, 0x28, 0x69, 0x66, 0x20, 0x28, 0x61, 0x6e, 0x64, 0x20, 0x6e,
	0x20, 0x28, 0x6e, 0x6f, 0x74, 0x20, 0x28, 0x3d, 0x20, 0x6e, 0x20, 0x31,
	0x29, 0x29, 0x29, 0x0a, 0x20, 0x20, 0x20, 0x20, 0x20, 0x20, 0x28, 0x67,
	0x6f, 0x74, 0x6f, 0x2d, 0x6c, 0x69, 0x6e, 0x65, 0x20, 0x28, 0x2b, 0x20,
	0x28, 0x6c, 0x69, 0x6e, 0x65, 0x2d, 0x6e, 0x75, 0x6d, 0x62, 0x65, 0x72,
	0x2d, 0x61, 0x74, 0x2d, 0x70, 0x6f, 0x73, 0x29, 0x20, 0x6e, 0x20, 0x2d,
	0x31, 0x29, 0x29, 0x29, 0x0a, 0x20, 0x20, 0x28, 0x6c, 0x65, 0x74, 0x20,
	0x28, 0x28, 0x62, 0x6f, 0x75, 0x6e, 0x64, 0x73, 0x20, 0x28, 0x62, 0x6f,
	0x75, 0x6e, 0x64, 0x73, 0x2d, 0x6f, 0x66, 0x2d, 0x74, 0x68, 0x69, 0x6e,
	0x67, 0x2d, 0x61, 0x74, 0x2d, 0x70, 0x6f, 0x69, 0x6e, 0x74, 0x20, 0x27,
	0x6c, 0x69, 0x6e, 0x65, 0x29, 0x29, 0x29, 0x0a, 0x20, 0x20, 0x20, 0x20,
	0x28, 0x69, 0x66, 0x20, 0x62, 0x6f, 0x75, 0x6e, 0x64, 0x73, 0x0a, 0x20,
	0x20, 0x20, 0x20, 0x20, 0x20, 0x20, 0x20, 0x28, 0x67, 0x6f, 0x74, 0x6f,
	0x2d, 0x63, 0x68, 0x61, 0x72, 0x20, 0x28, 0x69, 0x66, 0x20, 0x28, 0x61,
	0x6e, 0x64, 0x20, 0x28, 0x3c, 0x20, 0x28, 0x63, 0x61, 0x72, 0x20, 0x62,
	0x6f, 0x75, 0x6e, 0x64, 0x73, 0x29, 0x20, 0x28, 0x63, 0x64, 0x72, 0x20,
	0x62, 0x6f, 0x75, 0x6e, 0x64, 0x73, 0x29, 0x29, 0x0a, 0x20, 0x20, 0x20,
	0x20, 0x20, 0x20, 0x20, 0x20, 0x20, 0x20, 0x20, 0x20, 0x20, 0x20, 0x20,
	0x20, 0x20, 0x20, 0x20, 0x20, 0x20, 0x20, 0x20, 0x20, 0x20, 0x20, 0x20,
	0x20, 0x28, 0x3d, 0x20, 0x28, 0x63, 0x68, 0x61, 0x72, 0x2d, 0x61, 0x66,
	0x74, 0x65, 0x72, 0x20, 0x28, 0x2d, 0x20, 0x28, 0x63, 0x64, 0x72, 0x20,
	0x62, 0x6f, 0x75, 0x6e, 0x64, 0x73, 0x29, 0x20, 0x31, 0x29, 0x29, 0x20,
	0x31, 0x30, 0x29, 0x29, 0x0a, 0x20, 0x20, 0x20, 0x20, 0x20, 0x20, 0x20,
	0x20, 0x20, 0x20, 0x20, 0x20, 0x20, 0x20, 0x20, 0x20, 0x20, 0x20, 0x20,
	0x20, 0x20, 0x20, 0x20, 0x28, 0x2d, 0x20, 0x28, 0x63, 0x64, 0x72, 0x20,
	0x62, 0x6f, 0x75, 0x6e, 0x64, 0x73, 0x29, 0x20, 0x31, 0x29, 0x0a, 0x20,
	0x20, 0x20, 0x20, 0x20, 0x20, 0x20, 0x20, 0x20, 0x20, 0x20, 0x20, 0x20,
	0x20, 0x20, 0x20, 0x20, 0x20, 0x20, 0x20, 0x20, 0x28, 0x63, 0x64, 0x72,
	0x20, 0x62, 0x6f, 0x75, 0x6e, 0x64, 0x73, 0x29, 0x29, 0x29, 0x29, 0x29,
	0x0a, 0x20, 0x20, 0x6e, 0x69, 0x6c, 0x29, 0x29, 0x0a, 0x0a, 0x3b, 0x3b,
	0x20, 0x2d, 0x2d, 0x2d, 0x20, 0x74, 0x68, 0x65, 0x20, 0x70, 0x61, 0x63,
	0x6b, 0x61, 0x67, 0x65, 0x2d, 0x77, 0x72, 0x69, 0x74, 0x65, 0x72, 0x27,
	0x73, 0x20, 0x73, 0x74, 0x72, 0x69, 0x6e, 0x67, 0x20, 0x61, 0x6e, 0x64,
	0x20, 0x6c, 0x69, 0x73, 0x74, 0x20, 0x6c, 0x69, 0x62, 0x72, 0x61, 0x72,
	0x79, 0x20, 0x28, 0x50, 0x68, 0x61, 0x73, 0x65, 0x20, 0x31, 0x35, 0x29,
	0x20, 0x2d, 0x2d, 0x2d, 0x2d, 0x2d, 0x2d, 0x2d, 0x2d, 0x2d, 0x0a, 0x3b,
	0x3b, 0x0a, 0x3b, 0x3b, 0x20, 0x45, 0x76, 0x65, 0x72, 0x79, 0x74, 0x68,
	0x69, 0x6e, 0x67, 0x20, 0x62, 0x65, 0x6c, 0x6f, 0x77, 0x20, 0x69, 0x73,
	0x20, 0x6f, 0x72, 0x64, 0x69, 0x6e, 0x61, 0x72, 0x79, 0x20, 0x4c, 0x69,
	0x73, 0x70, 0x20, 0x6f, 0x76, 0x65, 0x72, 0x20, 0x74, 0x68, 0x65, 0x20,
	0x6e, 0x61, 0x74, 0x69, 0x76, 0x65, 0x73, 0x20, 0x61, 0x62, 0x6f, 0x76,
	0x65, 0x20, 0x69, 0x74, 0x2c, 0x20, 0x77, 0x68, 0x69, 0x63, 0x68, 0x20,
	0x69, 0x73, 0x0a, 0x3b, 0x3b, 0x20, 0x74, 0x68, 0x65, 0x20, 0x70, 0x6f,
	0x69, 0x6e, 0x74, 0x3a, 0x20, 0x60, 0x75, 0x74, 0x69, 0x6c, 0x73, 0x2f,
	0x66, 0x6f, 0x72, 0x65, 0x63, 0x61, 0x73, 0x74, 0x2f, 0x41, 0x55, 0x44,
	0x49, 0x54, 0x2e, 0x6d, 0x64, 0x27, 0x20, 0x72, 0x61, 0x6e, 0x6b, 0x65,
	0x64, 0x20, 0x74, 0x68, 0x65, 0x73, 0x65, 0x20, 0x6e, 0x61, 0x6d, 0x65,
	0x73, 0x20, 0x62, 0x79, 0x20, 0x68, 0x6f, 0x77, 0x20, 0x6f, 0x66, 0x74,
	0x65, 0x6e, 0x0a, 0x3b, 0x3b, 0x20, 0x74, 0x68, 0x65, 0x20, 0x4c, 0x69,
	0x73, 0x70, 0x20, 0x77, 0x65, 0x20, 0x77, 0x61, 0x6e, 0x74, 0x20, 0x74,
	0x6f, 0x20, 0x77, 0x72, 0x69, 0x74, 0x65, 0x20, 0x72, 0x65, 0x61, 0x63,
	0x68, 0x65, 0x73, 0x20, 0x66, 0x6f, 0x72, 0x20, 0x74, 0x68, 0x65, 0x6d,
	0x2c, 0x20, 0x61, 0x6e, 0x64, 0x20, 0x61, 0x6c, 0x6d, 0x6f, 0x73, 0x74,
	0x20, 0x6e, 0x6f, 0x6e, 0x65, 0x20, 0x6f, 0x66, 0x20, 0x74, 0x68, 0x65,
	0x6d, 0x0a, 0x3b, 0x3b, 0x20, 0x6e, 0x65, 0x65, 0x64, 0x65, 0x64, 0x20,
	0x43, 0x2e, 0x20, 0x20, 0x54, 0x68, 0x65, 0x20, 0x74, 0x68, 0x72, 0x65,
	0x65, 0x20, 0x74, 0x68, 0x61, 0x74, 0x20, 0x64, 0x69, 0x64, 0x20, 0x2d,
	0x2d, 0x20, 0x60, 0x73, 0x74, 0x72, 0x69, 0x6e, 0x67, 0x2d, 0x6d, 0x61,
	0x74, 0x63, 0x68, 0x27, 0x2c, 0x20, 0x60, 0x72, 0x65, 0x67, 0x65, 0x78,
	0x70, 0x2d, 0x71, 0x75, 0x6f, 0x74, 0x65, 0x27, 0x20, 0x61, 0x6e, 0x64,
	0x0a, 0x3b, 0x3b, 0x20, 0x74, 0x68, 0x65, 0x20, 0x63, 0x61, 0x73, 0x65,
	0x20, 0x63, 0x6f, 0x6e, 0x76, 0x65, 0x72, 0x73, 0x69, 0x6f, 0x6e, 0x73,
	0x20, 0x2d, 0x2d, 0x20, 0x61, 0x72, 0x65, 0x20, 0x6e, 0x61, 0x74, 0x69,
	0x76, 0x65, 0x73, 0x20, 0x62, 0x65, 0x63, 0x61, 0x75, 0x73, 0x65, 0x20,
	0x74, 0x68, 0x65, 0x79, 0x20, 0x61, 0x72, 0x65, 0x20, 0x73, 0x65, 0x61,
	0x6d, 0x73, 0x20, 0x6f, 0x6e, 0x74, 0x6f, 0x20, 0x74, 0x68, 0x65, 0x0a,
	0x3b, 0x3b, 0x20, 0x72, 0x65, 0x67, 0x65, 0x78, 0x20, 0x65, 0x6e, 0x67,
	0x69, 0x6e, 0x65, 0x20, 0x61, 0x6e, 0x64, 0x20, 0x6f, 0x6e, 0x74, 0x6f,
	0x20, 0x62, 0x79, 0x74, 0x65, 0x2d, 0x6c, 0x65, 0x76, 0x65, 0x6c, 0x20,
	0x74, 0x65, 0x78, 0x74, 0x2c, 0x20, 0x6e, 0x6f, 0x74, 0x20, 0x62, 0x65,
	0x63, 0x61, 0x75, 0x73, 0x65, 0x20, 0x74, 0x68, 0x65, 0x79, 0x20, 0x61,
	0x72, 0x65, 0x20, 0x68, 0x61, 0x72, 0x64, 0x2e, 0x0a, 0x3b, 0x3b, 0x0a,
	0x3b, 0x3b, 0x20, 0x52, 0x75, 0x6c, 0x65, 0x20, 0x32, 0x20, 0x6f, 0x66,
	0x20, 0x74, 0x68, 0x69, 0x73, 0x20, 0x66, 0x69, 0x6c, 0x65, 0x27, 0x73,
	0x20, 0x68, 0x65, 0x61, 0x64, 0x65, 0x72, 0x20, 0x68, 0x6f, 0x6c, 0x64,
	0x73, 0x20, 0x68, 0x65, 0x72, 0x65, 0x20, 0x61, 0x73, 0x20, 0x65, 0x76,
	0x65, 0x72, 0x79, 0x77, 0x68, 0x65, 0x72, 0x65, 0x3a, 0x20, 0x6e, 0x6f,
	0x74, 0x68, 0x69, 0x6e, 0x67, 0x20, 0x62, 0x65, 0x6c, 0x6f, 0x77, 0x0a,
	0x3b, 0x3b, 0x20, 0x72, 0x65, 0x63, 0x75, 0x72, 0x73, 0x65, 0x73, 0x20,
	0x6f, 0x76, 0x65, 0x72, 0x20, 0x61, 0x20, 0x6c, 0x69, 0x73, 0x74, 0x20,
	0x73, 0x70, 0x69, 0x6e, 0x65, 0x2e, 0x20, 0x20, 0x54, 0x68, 0x65, 0x20,
	0x6d, 0x65, 0x72, 0x67, 0x65, 0x20, 0x73, 0x6f, 0x72, 0x74, 0x20, 0x69,
	0x73, 0x20, 0x74, 0x68, 0x65, 0x20, 0x6f, 0x6e, 0x65, 0x20, 0x70, 0x6c,
	0x61, 0x63, 0x65, 0x20, 0x74, 0x68, 0x61, 0x74, 0x0a, 0x3b, 0x3b, 0x20,
	0x77, 0x6f, 0x75, 0x6c, 0x64, 0x20, 0x6e, 0x61, 0x74, 0x75, 0x72, 0x61,
	0x6c, 0x6c, 0x79, 0x20, 0x68, 0x61, 0x76, 0x65, 0x2c, 0x20, 0x61, 0x6e,
	0x64, 0x20, 0x69, 0x74, 0x20, 0x69, 0x73, 0x20, 0x77, 0x72, 0x69, 0x74,
	0x74, 0x65, 0x6e, 0x20, 0x61, 0x73, 0x20, 0x74, 0x77, 0x6f, 0x20, 0x60,
	0x77, 0x68, 0x69, 0x6c, 0x65, 0x27, 0x20, 0x6c, 0x6f, 0x6f, 0x70, 0x73,
	0x20, 0x69, 0x6e, 0x73, 0x74, 0x65, 0x61, 0x64, 0x2e, 0x0a, 0x0a, 0x3b,
	0x3b, 0x20, 0x2d, 0x2d, 0x2d, 0x20, 0x6d, 0x61, 0x74, 0x63, 0x68, 0x20,
	0x64, 0x61, 0x74, 0x61, 0x20, 0x2d, 0x2d, 0x2d, 0x0a, 0x3b, 0x3b, 0x20,
	0x54, 0x68, 0x65, 0x20, 0x6c, 0x61, 0x73, 0x74, 0x20, 0x6d, 0x61, 0x74,
	0x63, 0x68, 0x20, 0x6d, 0x61, 0x79, 0x20, 0x68, 0x61, 0x76, 0x65, 0x20,
	0x62, 0x65, 0x65, 0x6e, 0x20, 0x61, 0x67, 0x61, 0x69, 0x6e, 0x73, 0x74,
	0x20, 0x61, 0x20, 0x62, 0x75, 0x66, 0x66, 0x65, 0x72, 0x20, 0x6f, 0x72,
	0x20, 0x61, 0x67, 0x61, 0x69, 0x6e, 0x73, 0x74, 0x20, 0x61, 0x20, 0x73,
	0x74, 0x72, 0x69, 0x6e, 0x67, 0x2c, 0x20, 0x61, 0x6e, 0x64, 0x0a, 0x3b,
	0x3b, 0x20, 0x60, 0x6d, 0x61, 0x74, 0x63, 0x68, 0x2d, 0x73, 0x74, 0x72,
	0x69, 0x6e, 0x67, 0x27, 0x20, 0x6e, 0x65, 0x65, 0x64, 0x73, 0x20, 0x64,
	0x69, 0x66, 0x66, 0x65, 0x72, 0x65, 0x6e, 0x74, 0x20, 0x65, 0x78, 0x74,
	0x72, 0x61, 0x63, 0x74, 0x6f, 0x72, 0x73, 0x20, 0x66, 0x6f, 0x72, 0x20,
	0x74, 0x68, 0x65, 0x20, 0x74, 0x77, 0x6f, 0x2e, 0x20, 0x20, 0x54, 0x68,
	0x61, 0x74, 0x20, 0x69, 0x73, 0x20, 0x6e, 0x6f, 0x74, 0x20, 0x61, 0x0a,
	0x3b, 0x3b, 0x20, 0x73, 0x70, 0x65, 0x63, 0x69, 0x61, 0x6c, 0x20, 0x63,
	0x61, 0x73, 0x65, 0x2c, 0x20, 0x69, 0x74, 0x20, 0x69, 0x73, 0x20, 0x74,
	0x68, 0x65, 0x20, 0x75, 0x6e, 0x69, 0x74, 0x73, 0x20, 0x6c, 0x69, 0x6e,
	0x69, 0x6e, 0x67, 0x20, 0x75, 0x70, 0x3a, 0x20, 0x61, 0x20, 0x53, 0x54,
	0x52, 0x49, 0x4e, 0x47, 0x20, 0x6d, 0x61, 0x74, 0x63, 0x68, 0x20, 0x72,
	0x65, 0x70, 0x6f, 0x72, 0x74, 0x73, 0x0a, 0x3b, 0x3b, 0x20, 0x30, 0x2d,
	0x62, 0x61, 0x73, 0x65, 0x64, 0x20, 0x63, 0x68, 0x61, 0x72, 0x61, 0x63,
	0x74, 0x65, 0x72, 0x20, 0x69, 0x6e, 0x64, 0x69, 0x63, 0x65, 0x73, 0x20,
	0x61, 0x6e, 0x64, 0x20, 0x60, 0x73, 0x75, 0x62, 0x73, 0x74, 0x72, 0x69,
	0x6e, 0x67, 0x27, 0x20, 0x69, 0x73, 0x20, 0x30, 0x2d, 0x62, 0x61, 0x73,
	0x65, 0x64, 0x3b, 0x20, 0x61, 0x20, 0x42, 0x55, 0x46, 0x46, 0x45, 0x52,
	0x20, 0x6d, 0x61, 0x74, 0x63, 0x68, 0x0a, 0x3b, 0x3b, 0x20, 0x72, 0x65,
	0x70, 0x6f, 0x72, 0x74, 0x73, 0x20, 0x31, 0x2d, 0x62, 0x61, 0x73, 0x65,
	0x64, 0x20, 0x70, 0x6f, 0x73, 0x69, 0x74, 0x69, 0x6f, 0x6e, 0x73, 0x20,
	0x61, 0x6e, 0x64, 0x20, 0x60, 0x62, 0x75, 0x66, 0x66, 0x65, 0x72, 0x2d,
	0x73, 0x75, 0x62, 0x73, 0x74, 0x72, 0x69, 0x6e, 0x67, 0x27, 0x20, 0x69,
	0x73, 0x20, 0x31, 0x2d, 0x62, 0x61, 0x73, 0x65, 0x64, 0x2e, 0x20, 0x20,
	0x41, 0x20, 0x67, 0x72, 0x6f, 0x75, 0x70, 0x0a, 0x3b, 0x3b, 0x20, 0x74,
	0x68, 0x61, 0x74, 0x20, 0x64, 0x69, 0x64, 0x20, 0x6e, 0x6f, 0x74, 0x20,
	0x70, 0x61, 0x72, 0x74, 0x69, 0x63, 0x69, 0x70, 0x61, 0x74, 0x65, 0x20,
	0x69, 0x73, 0x20, 0x6e, 0x69, 0x6c, 0x20, 0x6f, 0x6e, 0x20, 0x62, 0x6f,
	0x74, 0x68, 0x20, 0x73, 0x69, 0x64, 0x65, 0x73, 0x2c, 0x20, 0x61, 0x73,
	0x20, 0x69, 0x6e, 0x20, 0x45, 0x6d, 0x61, 0x63, 0x73, 0x2e, 0x0a, 0x28,
	0x64, 0x65, 0x66, 0x61, 0x6c, 0x69, 0x61, 0x73, 0x20, 0x27, 0x6d, 0x61,
	0x74, 0x63, 0x68, 0x2d, 0x73, 0x74, 0x72, 0x69, 0x6e, 0x67, 0x20, 0x28,
	0x6c, 0x61, 0x6d, 0x62, 0x64, 0x61, 0x20, 0x28, 0x6e, 0x20, 0x26, 0x6f,
	0x70, 0x74, 0x69, 0x6f, 0x6e, 0x61, 0x6c, 0x20, 0x73, 0x74, 0x72, 0x69,
	0x6e, 0x67, 0x29, 0x0a, 0x20, 0x20, 0x28, 0x6c, 0x65, 0x74, 0x20, 0x28,
	0x28, 0x66, 0x72, 0x6f, 0x6d, 0x20, 0x28, 0x6d, 0x61, 0x74, 0x63, 0x68,
	0x2d, 0x62, 0x65, 0x67, 0x69, 0x6e, 0x6e, 0x69, 0x6e, 0x67, 0x20, 0x6e,
	0x29, 0x29, 0x29, 0x0a, 0x20, 0x20, 0x20, 0x20, 0x28, 0x69, 0x66, 0x20,
	0x28, 0x6e, 0x75, 0x6c, 0x6c, 0x20, 0x66, 0x72, 0x6f, 0x6d, 0x29, 0x0a,
	0x20, 0x20, 0x20, 0x20, 0x20, 0x20, 0x20, 0x20, 0x6e, 0x69, 0x6c, 0x0a,
	0x20, 0x20, 0x20, 0x20, 0x20, 0x20, 0x28, 0x69, 0x66, 0x20, 0x73, 0x74,
	0x72, 0x69, 0x6e, 0x67, 0x0a, 0x20, 0x20, 0x20, 0x20, 0x20, 0x20, 0x20,
	0x20, 0x20, 0x20, 0x28, 0x73, 0x75, 0x62, 0x73, 0x74, 0x72, 0x69, 0x6e,
	0x67, 0x20, 0x73, 0x74, 0x72, 0x69, 0x6e, 0x67, 0x20, 0x66, 0x72, 0x6f,
	0x6d, 0x20, 0x28, 0x6d, 0x61, 0x74, 0x63, 0x68, 0x2d, 0x65, 0x6e, 0x64,
	0x20, 0x6e, 0x29, 0x29, 0x0a, 0x20, 0x20, 0x20, 0x20, 0x20, 0x20, 0x20,
	0x20, 0x28, 0x62, 0x75, 0x66, 0x66, 0x65, 0x72, 0x2d, 0x73, 0x75, 0x62,
	0x73, 0x74, 0x72, 0x69, 0x6e, 0x67, 0x20, 0x66, 0x72, 0x6f, 0x6d, 0x20,
	0x28, 0x6d, 0x61, 0x74, 0x63, 0x68, 0x2d, 0x65, 0x6e, 0x64, 0x20, 0x6e,
	0x29, 0x29, 0x29, 0x29, 0x29, 0x29, 0x29, 0x0a, 0x0a, 0x3b, 0x3b, 0x20,
	0x2d, 0x2d, 0x2d, 0x20, 0x73, 0x74, 0x72, 0x69, 0x6e, 0x67, 0x73, 0x20,
	0x2d, 0x2d, 0x2d, 0x0a, 0x3b, 0x3b, 0x20, 0x45, 0x6d, 0x61, 0x63, 0x73,
	0x27, 0x20, 0x64, 0x65, 0x66, 0x61, 0x75, 0x6c, 0x74, 0x20, 0x53, 0x45,
	0x50, 0x41, 0x52, 0x41, 0x54, 0x4f, 0x52, 0x53, 0x20, 0x69, 0x73, 0x20,
	0x74, 0x68, 0x65, 0x20, 0x72, 0x65, 0x67, 0x65, 0x78, 0x70, 0x20, 0x22,
	0x5b, 0x20, 0x5c, 0x66, 0x5c, 0x74, 0x5c, 0x6e, 0x5c, 0x72, 0x5c, 0x76,
	0x5d, 0x2b, 0x22, 0x2c, 0x20, 0x61, 0x6e, 0x64, 0x20, 0x77, 0x69, 0x74,
	0x68, 0x20, 0x69, 0x74, 0x0a, 0x3b, 0x3b, 0x20, 0x4f, 0x4d, 0x49, 0x54,
	0x2d, 0x4e, 0x55, 0x4c, 0x4c, 0x53, 0x20, 0x64, 0x65, 0x66, 0x61, 0x75,
	0x6c, 0x74, 0x73, 0x20, 0x74, 0x6f, 0x20, 0x74, 0x3b, 0x20, 0x77, 0x69,
	0x74, 0x68, 0x20, 0x61, 0x6e, 0x20, 0x65, 0x78, 0x70, 0x6c, 0x69, 0x63,
	0x69, 0x74, 0x20, 0x53, 0x45, 0x50, 0x41, 0x52, 0x41, 0x54, 0x4f, 0x52,
	0x53, 0x20, 0x69, 0x74, 0x20, 0x64, 0x65, 0x66, 0x61, 0x75, 0x6c, 0x74,
	0x73, 0x20, 0x74, 0x6f, 0x0a, 0x3b, 0x3b, 0x20, 0x6e, 0x69, 0x6c, 0x2e,
	0x20, 0x20, 0x4d, 0x65, 0x61, 0x73, 0x75, 0x72, 0x65, 0x64, 0x20, 0x6f,
	0x6e, 0x20, 0x33, 0x31, 0x2e, 0x30, 0x2e, 0x39, 0x30, 0x3a, 0x20, 0x28,
	0x73, 0x70, 0x6c, 0x69, 0x74, 0x2d, 0x73, 0x74, 0x72, 0x69, 0x6e, 0x67,
	0x20, 0x22, 0x22, 0x29, 0x20, 0x69, 0x73, 0x20, 0x6e, 0x69, 0x6c, 0x20,
	0x61, 0x6e, 0x64, 0x0a, 0x3b, 0x3b, 0x20, 0x28, 0x73, 0x70, 0x6c, 0x69,
	0x74, 0x2d, 0x73, 0x74, 0x72, 0x69, 0x6e, 0x67, 0x20, 0x22, 0x22, 0x20,
	0x22, 0x2c, 0x22, 0x29, 0x20, 0x69, 0x73, 0x20, 0x28, 0x22, 0x22, 0x29,
	0x2c, 0x20, 0x77, 0x68, 0x69, 0x63, 0x68, 0x20, 0x69, 0x73, 0x20, 0x74,
	0x68, 0x61, 0x74, 0x20, 0x61, 0x73, 0x79, 0x6d, 0x6d, 0x65, 0x74, 0x72,
	0x79, 0x20, 0x61, 0x6e, 0x64, 0x20, 0x6e, 0x6f, 0x74, 0x68, 0x69, 0x6e,
	0x67, 0x0a, 0x3b, 0x3b, 0x20, 0x65, 0x6c, 0x73, 0x65, 0x2e, 0x20, 0x20,
	0x54, 0x68, 0x65, 0x20, 0x6c, 0x6f, 0x6f, 0x70, 0x20, 0x69, 0x73, 0x20,
	0x45, 0x6d, 0x61, 0x63, 0x73, 0x27, 0x20, 0x6f, 0x77, 0x6e, 0x3a, 0x20,
	0x74, 0x68, 0x65, 0x20, 0x67, 0x75, 0x61, 0x72, 0x64, 0x20, 0x74, 0x68,
	0x61, 0x74, 0x20, 0x61, 0x20, 0x72, 0x65, 0x70, 0x65, 0x61, 0x74, 0x65,
	0x64, 0x20, 0x45, 0x4d, 0x50, 0x54, 0x59, 0x20, 0x6d, 0x61, 0x74, 0x63,
	0x68, 0x20, 0x61, 0x74, 0x0a, 0x3b, 0x3b, 0x20, 0x74, 0x68, 0x65, 0x20,
	0x73, 0x61, 0x6d, 0x65, 0x20, 0x70, 0x6c, 0x61, 0x63, 0x65, 0x20, 0x61,
	0x64, 0x76, 0x61, 0x6e, 0x63, 0x65, 0x73, 0x20, 0x62, 0x79, 0x20, 0x6f,
	0x6e, 0x65, 0x20, 0x63, 0x68, 0x61, 0x72, 0x61, 0x63, 0x74, 0x65, 0x72,
	0x20, 0x69, 0x73, 0x20, 0x77, 0x68, 0x61, 0x74, 0x20, 0x6d, 0x61, 0x6b,
	0x65, 0x73, 0x20, 0x61, 0x20, 0x70, 0x61, 0x74, 0x74, 0x65, 0x72, 0x6e,
	0x20, 0x6c, 0x69, 0x6b, 0x65, 0x0a, 0x3b, 0x3b, 0x20, 0x22, 0x78, 0x2a,
	0x22, 0x20, 0x74, 0x65, 0x72, 0x6d, 0x69, 0x6e, 0x61, 0x74, 0x65, 0x2e,
	0x20, 0x20, 0x45, 0x6d, 0x61, 0x63, 0x73, 0x27, 0x20, 0x66, 0x6f, 0x75,
	0x72, 0x74, 0x68, 0x20, 0x54, 0x52, 0x49, 0x4d, 0x20, 0x61, 0x72, 0x67,
	0x75, 0x6d, 0x65, 0x6e, 0x74, 0x20, 0x69, 0x73, 0x20, 0x6e, 0x6f, 0x74,
	0x20, 0x61, 0x63, 0x63, 0x65, 0x70, 0x74, 0x65, 0x64, 0x2e, 0x0a, 0x28,
	0x64, 0x65, 0x66, 0x61, 0x6c, 0x69, 0x61, 0x73, 0x20, 0x27, 0x73, 0x70,
	0x6c, 0x69, 0x74, 0x2d, 0x73, 0x74, 0x72, 0x69, 0x6e, 0x67, 0x20, 0x28,
	0x6c, 0x61, 0x6d, 0x62, 0x64, 0x61, 0x20, 0x28, 0x73, 0x74, 0x72, 0x69,
	0x6e, 0x67, 0x20, 0x26, 0x6f, 0x70, 0x74, 0x69, 0x6f, 0x6e, 0x61, 0x6c,
	0x20, 0x73, 0x65, 0x70, 0x61, 0x72, 0x61, 0x74, 0x6f, 0x72, 0x73, 0x20,
	0x6f, 0x6d, 0x69, 0x74, 0x2d, 0x6e, 0x75, 0x6c, 0x6c, 0x73, 0x29, 0x0a,
	0x20, 0x20, 0x28, 0x6c, 0x65, 0x74, 0x20, 0x28, 0x28, 0x72, 0x65, 0x20,
	0x28, 0x69, 0x66, 0x20, 0x73, 0x65, 0x70, 0x61, 0x72, 0x61, 0x74, 0x6f,
	0x72, 0x73, 0x20, 0x73, 0x65, 0x70, 0x61, 0x72, 0x61, 0x74, 0x6f, 0x72,
	0x73, 0x20, 0x22, 0x5b, 0x20, 0x5c, 0x66, 0x5c, 0x74, 0x5c, 0x6e, 0x5c,
	0x72, 0x5c, 0x76, 0x5d, 0x2b, 0x22, 0x29, 0x29, 0x0a, 0x20, 0x20, 0x20,
	0x20, 0x20, 0x20, 0x20, 0x20, 0x28, 0x6b, 0x65, 0x65, 0x70, 0x2d, 0x6e,
	0x75, 0x6c, 0x6c, 0x73, 0x20, 0x28, 0x69, 0x66, 0x20, 0x73, 0x65, 0x70,
	0x61, 0x72, 0x61, 0x74, 0x6f, 0x72, 0x73, 0x20, 0x28, 0x6e, 0x6f, 0x74,
	0x20, 0x6f, 0x6d, 0x69, 0x74, 0x2d, 0x6e, 0x75, 0x6c, 0x6c, 0x73, 0x29,
	0x20, 0x6e, 0x69, 0x6c, 0x29, 0x29, 0x0a, 0x20, 0x20, 0x20, 0x20, 0x20,
	0x20, 0x20, 0x20, 0x28, 0x6c, 0x69, 0x6d, 0x69, 0x74, 0x20, 0x28, 0x6c,
	0x65, 0x6e, 0x67, 0x74, 0x68, 0x20, 0x73, 0x74, 0x72, 0x69, 0x6e, 0x67,
	0x29, 0x29, 0x0a, 0x20, 0x20, 0x20, 0x20, 0x20, 0x20, 0x20, 0x20, 0x28,
	0x73, 0x74, 0x61, 0x72, 0x74, 0x20, 0x30, 0x29, 0x0a, 0x20, 0x20, 0x20,
	0x20, 0x20, 0x20, 0x20, 0x20, 0x28, 0x6e, 0x6f, 0x74, 0x66, 0x69, 0x72,
	0x73, 0x74, 0x20, 0x6e, 0x69, 0x6c, 0x29, 0x0a, 0x20, 0x20, 0x20, 0x20,
	0x20, 0x20, 0x20, 0x20, 0x28, 0x70, 0x61, 0x72, 0x74, 0x73, 0x20, 0x6e,
	0x69, 0x6c, 0x29, 0x0a, 0x20, 0x20, 0x20, 0x20, 0x20, 0x20, 0x20, 0x20,
	0x28, 0x67, 0x6f, 0x69, 0x6e, 0x67, 0x20, 0x74, 0x29, 0x29, 0x0a, 0x20,
	0x20, 0x20, 0x20, 0x28, 0x77, 0x68, 0x69, 0x6c, 0x65, 0x20, 0x67, 0x6f,
	0x69, 0x6e, 0x67, 0x0a, 0x20, 0x20, 0x20, 0x20, 0x20, 0x20, 0x28, 0x6c,
	0x65, 0x74, 0x20, 0x28, 0x28, 0x66, 0x72, 0x6f, 0x6d, 0x20, 0x28, 0x69,
	0x66, 0x20, 0x28, 0x61, 0x6e, 0x64, 0x20, 0x6e, 0x6f, 0x74, 0x66, 0x69,
	0x72, 0x73, 0x74, 0x20, 0x28, 0x3d, 0x20, 0x73, 0x74, 0x61, 0x72, 0x74,
	0x20, 0x28, 0x6d, 0x61, 0x74, 0x63, 0x68, 0x2d, 0x62, 0x65, 0x67, 0x69,
	0x6e, 0x6e, 0x69, 0x6e, 0x67, 0x20, 0x30, 0x29, 0x29, 0x0a, 0x20, 0x20,
	0x20, 0x20, 0x20, 0x20, 0x20, 0x20, 0x20, 0x20, 0x20, 0x20, 0x20, 0x20,
	0x20, 0x20, 0x20, 0x20, 0x20, 0x20, 0x20, 0x20, 0x20, 0x20, 0x20, 0x20,
	0x20, 0x28, 0x3c, 0x20, 0x73, 0x74, 0x61, 0x72, 0x74, 0x20, 0x6c, 0x69,
	0x6d, 0x69, 0x74, 0x29, 0x29, 0x0a, 0x20, 0x20, 0x20, 0x20, 0x20, 0x20,
	0x20, 0x20, 0x20, 0x20, 0x20, 0x20, 0x20, 0x20, 0x20, 0x20, 0x20, 0x20,
	0x20, 0x20, 0x20, 0x20, 0x28, 0x2b, 0x20, 0x73, 0x74, 0x61, 0x72, 0x74,
	0x20, 0x31, 0x29, 0x0a, 0x20, 0x20, 0x20, 0x20, 0x20, 0x20, 0x20, 0x20,
	0x20, 0x20, 0x20, 0x20, 0x20, 0x20, 0x20, 0x20, 0x20, 0x20, 0x20, 0x20,
	0x73, 0x74, 0x61, 0x72, 0x74, 0x29, 0x29, 0x29, 0x0a, 0x20, 0x20, 0x20,
	0x20, 0x20, 0x20, 0x20, 0x20, 0x28, 0x69, 0x66, 0x20, 0x28, 0x61, 0x6e,
	0x64, 0x20, 0x28, 0x3c, 0x20, 0x73, 0x74, 0x61, 0x72, 0x74, 0x20, 0x6c,
	0x69, 0x6d, 0x69, 0x74, 0x29, 0x20, 0x28, 0x73, 0x74, 0x72, 0x69, 0x6e,
	0x67, 0x2d, 0x6d, 0x61, 0x74, 0x63, 0x68, 0x20, 0x72, 0x65, 0x20, 0x73,
	0x74, 0x72, 0x69, 0x6e, 0x67, 0x20, 0x66, 0x72, 0x6f, 0x6d, 0x29, 0x29,
	0x0a, 0x20, 0x20, 0x20, 0x20, 0x20, 0x20, 0x20, 0x20, 0x20, 0x20, 0x20,
	0x20, 0x28, 0x70, 0x72, 0x6f, 0x67, 0x6e, 0x0a, 0x20, 0x20, 0x20, 0x20,
	0x20, 0x20, 0x20, 0x20, 0x20, 0x20, 0x20, 0x20, 0x20, 0x20, 0x28, 0x6c,
	0x65, 0x74, 0x20, 0x28, 0x28, 0x70, 0x69, 0x65, 0x63, 0x65, 0x20, 0x28,
	0x73, 0x75, 0x62, 0x73, 0x74, 0x72, 0x69, 0x6e, 0x67, 0x20, 0x73, 0x74,
	0x72, 0x69, 0x6e, 0x67, 0x20, 0x73, 0x74, 0x61, 0x72, 0x74, 0x20, 0x28,
	0x6d, 0x61, 0x74, 0x63, 0x68, 0x2d, 0x62, 0x65, 0x67, 0x69, 0x6e, 0x6e,
	0x69, 0x6e, 0x67, 0x20, 0x30, 0x29, 0x29, 0x29, 0x29, 0x0a, 0x20, 0x20,
	0x20, 0x20, 0x20, 0x20, 0x20, 0x20, 0x20, 0x20, 0x20, 0x20, 0x20, 0x20,
	0x20, 0x20, 0x28, 0x69, 0x66, 0x20, 0x28, 0x6f, 0x72, 0x20, 0x6b, 0x65,
	0x65, 0x70, 0x2d, 0x6e, 0x75, 0x6c, 0x6c, 0x73, 0x20, 0x28, 0x6e, 0x6f,
	0x74, 0x20, 0x28, 0x73, 0x74, 0x72, 0x69, 0x6e, 0x67, 0x3d, 0x20, 0x70,
	0x69, 0x65, 0x63, 0x65, 0x20, 0x22, 0x22, 0x29, 0x29, 0x29, 0x0a, 0x20,
	0x20, 0x20, 0x20, 0x20, 0x20, 0x20, 0x20, 0x20, 0x20, 0x20, 0x20, 0x20,
	0x20, 0x20, 0x20, 0x20, 0x20, 0x20, 0x20, 0x28, 0x73, 0x65, 0x74, 0x71,
	0x20, 0x70, 0x61, 0x72, 0x74, 0x73, 0x20, 0x28, 0x63, 0x6f, 0x6e, 0x73,
	0x20, 0x70, 0x69, 0x65, 0x63, 0x65, 0x20, 0x70, 0x61, 0x72, 0x74, 0x73,
	0x29, 0x29, 0x29, 0x29, 0x0a, 0x20, 0x20, 0x20, 0x20, 0x20, 0x20, 0x20,
	0x20, 0x20, 0x20, 0x20, 0x20, 0x20, 0x20, 0x28, 0x73, 0x65, 0x74, 0x71,
	0x20, 0x73, 0x74, 0x61, 0x72, 0x74, 0x20, 0x28, 0x6d, 0x61, 0x74, 0x63,
	0x68, 0x2d, 0x65, 0x6e, 0x64, 0x20, 0x30, 0x29, 0x29, 0x0a, 0x20, 0x20,
	0x20, 0x20, 0x20, 0x20, 0x20, 0x20, 0x20, 0x20, 0x20, 0x20, 0x20, 0x20,
	0x28, 0x73, 0x65, 0x74, 0x71, 0x20, 0x6e, 0x6f, 0x74, 0x66, 0x69, 0x72,
	0x73, 0x74, 0x20, 0x74, 0x29, 0x29, 0x0a, 0x20, 0x20, 0x20, 0x20, 0x20,
	0x20, 0x20, 0x20, 0x20, 0x20, 0x28, 0x73, 0x65, 0x74, 0x71, 0x20, 0x67,
	0x6f, 0x69, 0x6e, 0x67, 0x20, 0x6e, 0x69, 0x6c, 0x29, 0x29, 0x29, 0x29,
	0x0a, 0x20, 0x20, 0x20, 0x20, 0x28, 0x6c, 0x65, 0x74, 0x20, 0x28, 0x28,
	0x70, 0x69, 0x65, 0x63, 0x65, 0x20, 0x28, 0x73, 0x75, 0x62, 0x73, 0x74,
	0x72, 0x69, 0x6e, 0x67, 0x20, 0x73, 0x74, 0x72, 0x69, 0x6e, 0x67, 0x20,
	0x73, 0x74, 0x61, 0x72, 0x74, 0x20, 0x6c, 0x69, 0x6d, 0x69, 0x74, 0x29,
	0x29, 0x29, 0x0a, 0x20, 0x20, 0x20, 0x20, 0x20, 0x20, 0x28, 0x69, 0x66,
	0x20, 0x28, 0x6f, 0x72, 0x20, 0x6b, 0x65, 0x65, 0x70, 0x2d, 0x6e, 0x75,
	0x6c, 0x6c, 0x73, 0x20, 0x28, 0x6e, 0x6f, 0x74, 0x20, 0x28, 0x73, 0x74,
	0x72, 0x69, 0x6e, 0x67, 0x3d, 0x20, 0x70, 0x69, 0x65, 0x63, 0x65, 0x20,
	0x22, 0x22, 0x29, 0x29, 0x29, 0x0a, 0x20, 0x20, 0x20, 0x20, 0x20, 0x20,
	0x20, 0x20, 0x20, 0x20, 0x28, 0x73, 0x65, 0x74, 0x71, 0x20, 0x70, 0x61,
	0x72, 0x74, 0x73, 0x20, 0x28, 0x63, 0x6f, 0x6e, 0x73, 0x20, 0x70, 0x69,
	0x65, 0x63, 0x65, 0x20, 0x70, 0x61, 0x72, 0x74, 0x73, 0x29, 0x29, 0x29,
	0x29, 0x0a, 0x20, 0x20, 0x20, 0x20, 0x28, 0x72, 0x65, 0x76, 0x65, 0x72,
	0x73, 0x65, 0x20, 0x70, 0x61, 0x72, 0x74, 0x73, 0x29, 0x29, 0x29, 0x29,
	0x0a, 0x28, 0x64, 0x65, 0x66, 0x61, 0x6c, 0x69, 0x61, 0x73, 0x20, 0x27,
	0x73, 0x74, 0x72, 0x69, 0x6e, 0x67, 0x2d, 0x6a, 0x6f, 0x69, 0x6e, 0x20,
	0x28, 0x6c, 0x61, 0x6d, 0x62, 0x64, 0x61, 0x20, 0x28, 0x73, 0x74, 0x72,
	0x69, 0x6e, 0x67, 0x73, 0x20, 0x26, 0x6f, 0x70, 0x74, 0x69, 0x6f, 0x6e,
	0x61, 0x6c, 0x20, 0x73, 0x65, 0x70, 0x61, 0x72, 0x61, 0x74, 0x6f, 0x72,
	0x29, 0x0a, 0x20, 0x20, 0x28, 0x6d, 0x61, 0x70, 0x63, 0x6f, 0x6e, 0x63,
	0x61, 0x74, 0x20, 0x27, 0x69, 0x64, 0x65, 0x6e, 0x74, 0x69, 0x74, 0x79,
	0x20, 0x73, 0x74, 0x72, 0x69, 0x6e, 0x67, 0x73, 0x20, 0x73, 0x65, 0x70,
	0x61, 0x72, 0x61, 0x74, 0x6f, 0x72, 0x29, 0x29, 0x29, 0x0a, 0x3b, 0x3b,
	0x20, 0x45, 0x6d, 0x61, 0x63, 0x73, 0x27, 0x20, 0x54, 0x52, 0x49, 0x4d,
	0x2d, 0x4c, 0x45, 0x46, 0x54, 0x2f, 0x54, 0x52, 0x49, 0x4d, 0x2d, 0x52,
	0x49, 0x47, 0x48, 0x54, 0x20, 0x72, 0x65, 0x67, 0x65, 0x78, 0x70, 0x20,
	0x61, 0x72, 0x67, 0x75, 0x6d, 0x65, 0x6e, 0x74, 0x73, 0x20, 0x61, 0x72,
	0x65, 0x20, 0x72, 0x65, 0x66, 0x75, 0x73, 0x65, 0x64, 0x20, 0x72, 0x61,
	0x74, 0x68, 0x65, 0x72, 0x20, 0x74, 0x68, 0x61, 0x6e, 0x0a, 0x3b, 0x3b,
	0x20, 0x69, 0x67, 0x6e, 0x6f, 0x72, 0x65, 0x64, 0x3a, 0x20, 0x74, 0x68,
	0x65, 0x20, 0x64, 0x65, 0x66, 0x61, 0x75, 0x6c, 0x74, 0x20, 0x73, 0x65,
	0x74, 0x20, 0x2d, 0x2d, 0x20, 0x73, 0x70, 0x61, 0x63, 0x65, 0x2c, 0x20,
	0x74, 0x61, 0x62, 0x2c, 0x20, 0x6e, 0x65, 0x77, 0x6c, 0x69, 0x6e, 0x65,
	0x2c, 0x20, 0x72, 0x65, 0x74, 0x75, 0x72, 0x6e, 0x2c, 0x20, 0x66, 0x6f,
	0x72, 0x6d, 0x20, 0x66, 0x65, 0x65, 0x64, 0x2c, 0x0a, 0x3b, 0x3b, 0x20,
	0x76, 0x65, 0x72, 0x74, 0x69, 0x63, 0x61, 0x6c, 0x20, 0x74, 0x61, 0x62,
	0x20, 0x2d, 0x2d, 0x20, 0x69, 0x73, 0x20, 0x77, 0x68, 0x61, 0x74, 0x20,
	0x65, 0x76, 0x65, 0x72, 0x79, 0x20, 0x63, 0x61, 0x6c, 0x6c, 0x65, 0x72,
	0x20, 0x77, 0x61, 0x6e, 0x74, 0x73, 0x2c, 0x20, 0x61, 0x6e, 0x64, 0x20,
	0x61, 0x6e, 0x20, 0x61, 0x6e, 0x63, 0x68, 0x6f, 0x72, 0x65, 0x64, 0x20,
	0x75, 0x73, 0x65, 0x72, 0x0a, 0x3b, 0x3b, 0x20, 0x72, 0x65, 0x67, 0x65,
	0x78, 0x70, 0x20, 0x77, 0x6f, 0x75, 0x6c, 0x64, 0x20, 0x6e, 0x65, 0x65,
	0x64, 0x20, 0x74, 0x68, 0x65, 0x20, 0x60, 0x5c, 0x5c, 0x3d, 0x60, 0x27,
	0x20, 0x74, 0x68, 0x65, 0x20, 0x65, 0x6e, 0x67, 0x69, 0x6e, 0x65, 0x20,
	0x64, 0x6f, 0x65, 0x73, 0x20, 0x6e, 0x6f, 0x74, 0x20, 0x68, 0x61, 0x76,
	0x65, 0x2e, 0x0a, 0x28, 0x64, 0x65, 0x66, 0x61, 0x6c, 0x69, 0x61, 0x73,
	0x20, 0x27, 0x69, 0x6e, 0x74, 0x65, 0x72, 0x6e, 0x61, 0x6c, 0x2d, 0x2d,
	0x74, 0x72, 0x69, 0x6d, 0x2d, 0x72, 0x65, 0x6a, 0x65, 0x63, 0x74, 0x20,
	0x28, 0x6c, 0x61, 0x6d, 0x62, 0x64, 0x61, 0x20, 0x28, 0x6e, 0x61, 0x6d,
	0x65, 0x20, 0x72, 0x65, 0x67, 0x65, 0x78, 0x70, 0x29, 0x0a, 0x20, 0x20,
	0x28, 0x69, 0x66, 0x20, 0x72, 0x65, 0x67, 0x65, 0x78, 0x70, 0x20, 0x28,
	0x65, 0x72, 0x72, 0x6f, 0x72, 0x20, 0x22, 0x25, 0x73, 0x3a, 0x20, 0x61,
	0x20, 0x52, 0x45, 0x47, 0x45, 0x58, 0x50, 0x20, 0x61, 0x72, 0x67, 0x75,
	0x6d, 0x65, 0x6e, 0x74, 0x20, 0x69, 0x73, 0x20, 0x75, 0x6e, 0x73, 0x75,
	0x70, 0x70, 0x6f, 0x72, 0x74, 0x65, 0x64, 0x22, 0x20, 0x6e, 0x61, 0x6d,
	0x65, 0x29, 0x29, 0x29, 0x29, 0x0a, 0x28, 0x64, 0x65, 0x66, 0x61, 0x6c,
	0x69, 0x61, 0x73, 0x20, 0x27, 0x69, 0x6e, 0x74, 0x65, 0x72, 0x6e, 0x61,
	0x6c, 0x2d, 0x2d, 0x74, 0x72, 0x69, 0x6d, 0x2d, 0x63, 0x68, 0x61, 0x72,
	0x2d, 0x70, 0x20, 0x28, 0x6c, 0x61, 0x6d, 0x62, 0x64, 0x61, 0x20, 0x28,
	0x63, 0x29, 0x0a, 0x20, 0x20, 0x28, 0x6f, 0x72, 0x20, 0x28, 0x3d, 0x20,
	0x63, 0x20, 0x33, 0x32, 0x29, 0x20, 0x28, 0x3d, 0x20, 0x63, 0x20, 0x39,
	0x29, 0x20, 0x28, 0x3d, 0x20, 0x63, 0x20, 0x31, 0x30, 0x29, 0x20, 0x28,
	0x3d, 0x20, 0x63, 0x20, 0x31, 0x33, 0x29, 0x20, 0x28, 0x3d, 0x20, 0x63,
	0x20, 0x31, 0x32, 0x29, 0x20, 0x28, 0x3d, 0x20, 0x63, 0x20, 0x31, 0x31,
	0x29, 0x29, 0x29, 0x29, 0x0a, 0x28, 0x64, 0x65, 0x66, 0x61, 0x6c, 0x69,
	0x61, 0x73, 0x20, 0x27, 0x73, 0x74, 0x72, 0x69, 0x6e, 0x67, 0x2d, 0x74,
	0x72, 0x69, 0x6d, 0x2d, 0x6c, 0x65, 0x66, 0x74, 0x20, 0x28, 0x6c, 0x61,
	0x6d, 0x62, 0x64, 0x61, 0x20, 0x28, 0x73, 0x74, 0x72, 0x69, 0x6e, 0x67,
	0x20, 0x26, 0x6f, 0x70, 0x74, 0x69, 0x6f, 0x6e, 0x61, 0x6c, 0x20, 0x72,
	0x65, 0x67, 0x65, 0x78, 0x70, 0x29, 0x0a, 0x20, 0x20, 0x28, 0x69, 0x6e,
	0x74, 0x65, 0x72, 0x6e, 0x61, 0x6c, 0x2d, 0x2d, 0x74, 0x72, 0x69, 0x6d,
	0x2d, 0x72, 0x65, 0x6a, 0x65, 0x63, 0x74, 0x20, 0x22, 0x73, 0x74, 0x72,
	0x69, 0x6e, 0x67, 0x2d, 0x74, 0x72, 0x69, 0x6d, 0x2d, 0x6c, 0x65, 0x66,
	0x74, 0x22, 0x20, 0x72, 0x65, 0x67, 0x65, 0x78, 0x70, 0x29, 0x0a, 0x20,
	0x20, 0x28, 0x6c, 0x65, 0x74, 0x20, 0x28, 0x28, 0x69, 0x20, 0x30, 0x29,
	0x20, 0x28, 0x6e, 0x20, 0x28, 0x6c, 0x65, 0x6e, 0x67, 0x74, 0x68, 0x20,
	0x73, 0x74, 0x72, 0x69, 0x6e, 0x67, 0x29, 0x29, 0x20, 0x28, 0x64, 0x6f,
	0x6e, 0x65, 0x20, 0x6e, 0x69, 0x6c, 0x29, 0x29, 0x0a, 0x20, 0x20, 0x20,
	0x20, 0x28, 0x77, 0x68, 0x69, 0x6c, 0x65, 0x20, 0x28, 0x61, 0x6e, 0x64,
	0x20, 0x28, 0x6e, 0x6f, 0x74, 0x20, 0x64, 0x6f, 0x6e, 0x65, 0x29, 0x20,
	0x28, 0x3c, 0x20, 0x69, 0x20, 0x6e, 0x29, 0x29, 0x0a, 0x20, 0x20, 0x20,
	0x20, 0x20, 0x20, 0x28, 0x69, 0x66, 0x20, 0x28, 0x69, 0x6e, 0x74, 0x65,
	0x72, 0x6e, 0x61, 0x6c, 0x2d, 0x2d, 0x74, 0x72, 0x69, 0x6d, 0x2d, 0x63,
	0x68, 0x61, 0x72, 0x2d, 0x70, 0x20, 0x28, 0x73, 0x74, 0x72, 0x69, 0x6e,
	0x67, 0x2d, 0x74, 0x6f, 0x2d, 0x63, 0x68, 0x61, 0x72, 0x20, 0x28, 0x73,
	0x75, 0x62, 0x73, 0x74, 0x72, 0x69, 0x6e, 0x67, 0x20, 0x73, 0x74, 0x72,
	0x69, 0x6e, 0x67, 0x20, 0x69, 0x20, 0x28, 0x2b, 0x20, 0x69, 0x20, 0x31,
	0x29, 0x29, 0x29, 0x29, 0x0a, 0x20, 0x20, 0x20, 0x20, 0x20, 0x20, 0x20,
	0x20, 0x20, 0x20, 0x28, 0x73, 0x65, 0x74, 0x71, 0x20, 0x69, 0x20, 0x28,
	0x2b, 0x20, 0x69, 0x20, 0x31, 0x29, 0x29, 0x0a, 0x20, 0x20, 0x20, 0x20,
	0x20, 0x20, 0x20, 0x20, 0x28, 0x73, 0x65, 0x74, 0x71, 0x20, 0x64, 0x6f,
	0x6e, 0x65, 0x20, 0x74, 0x29, 0x29, 0x29, 0x0a, 0x20, 0x20, 0x20, 0x20,
	0x28, 0x73, 0x75, 0x62, 0x73, 0x74, 0x72, 0x69, 0x6e, 0x67, 0x20, 0x73,
	0x74, 0x72, 0x69, 0x6e, 0x67, 0x20, 0x69, 0x29, 0x29, 0x29, 0x29, 0x0a,
	0x28, 0x64, 0x65, 0x66, 0x61, 0x6c, 0x69, 0x61, 0x73, 0x20, 0x27, 0x73,
	0x74, 0x72, 0x69, 0x6e, 0x67, 0x2d, 0x74, 0x72, 0x69, 0x6d, 0x2d, 0x72,
	0x69, 0x67, 0x68, 0x74, 0x20, 0x28, 0x6c, 0x61, 0x6d, 0x62, 0x64, 0x61,
	0x20, 0x28, 0x73, 0x74, 0x72, 0x69, 0x6e, 0x67, 0x20, 0x26, 0x6f, 0x70,
	0x74, 0x69, 0x6f, 0x6e, 0x61, 0x6c, 0x20, 0x72, 0x65, 0x67, 0x65, 0x78,
	0x70, 0x29, 0x0a, 0x20, 0x20, 0x28, 0x69, 0x6e, 0x74, 0x65, 0x72, 0x6e,
	0x61, 0x6c, 0x2d, 0x2d, 0x74, 0x72, 0x69, 0x6d, 0x2d, 0x72, 0x65, 0x6a,
	0x65, 0x63, 0x74, 0x20, 0x22, 0x73, 0x74, 0x72, 0x69, 0x6e, 0x67, 0x2d,
	0x74, 0x72, 0x69, 0x6d, 0x2d, 0x72, 0x69, 0x67, 0x68, 0x74, 0x22, 0x20,
	0x72, 0x65, 0x67, 0x65, 0x78, 0x70, 0x29, 0x0a, 0x20, 0x20, 0x28, 0x6c,
	0x65, 0x74, 0x20, 0x28, 0x28, 0x6e, 0x20, 0x28, 0x6c, 0x65, 0x6e, 0x67,
	0x74, 0x68, 0x20, 0x73, 0x74, 0x72, 0x69, 0x6e, 0x67, 0x29, 0x29, 0x20,
	0x28, 0x64, 0x6f, 0x6e, 0x65, 0x20, 0x6e, 0x69, 0x6c, 0x29, 0x29, 0x0a,
	0x20, 0x20, 0x20, 0x20, 0x28, 0x77, 0x68, 0x69, 0x6c, 0x65, 0x20, 0x28,
	0x61, 0x6e, 0x64, 0x20, 0x28, 0x6e, 0x6f, 0x74, 0x20, 0x64, 0x6f, 0x6e,
	0x65, 0x29, 0x20, 0x28, 0x3c, 0x20, 0x30, 0x20, 0x6e, 0x29, 0x29, 0x0a,
	0x20, 0x20, 0x20, 0x20, 0x20, 0x20, 0x28, 0x69, 0x66, 0x20, 0x28, 0x69,
	0x6e, 0x74, 0x65, 0x72, 0x6e, 0x61, 0x6c, 0x2d, 0x2d, 0x74, 0x72, 0x69,
	0x6d, 0x2d, 0x63, 0x68, 0x61, 0x72, 0x2d, 0x70, 0x0a, 0x20, 0x20, 0x20,
	0x20, 0x20, 0x20, 0x20, 0x20, 0x20, 0x20, 0x20, 0x20, 0x28, 0x73, 0x74,
	0x72, 0x69, 0x6e, 0x67, 0x2d, 0x74, 0x6f, 0x2d, 0x63, 0x68, 0x61, 0x72,
	0x20, 0x28, 0x73, 0x75, 0x62, 0x73, 0x74, 0x72, 0x69, 0x6e, 0x67, 0x20,
	0x73, 0x74, 0x72, 0x69, 0x6e, 0x67, 0x20, 0x28, 0x2d, 0x20, 0x6e, 0x20,
	0x31, 0x29, 0x20, 0x6e, 0x29, 0x29, 0x29, 0x0a, 0x20, 0x20, 0x20, 0x20,
	0x20, 0x20, 0x20, 0x20, 0x20, 0x20, 0x28, 0x73, 0x65, 0x74, 0x71, 0x20,
	0x6e, 0x20, 0x28, 0x2d, 0x20, 0x6e, 0x20, 0x31, 0x29, 0x29, 0x0a, 0x20,
	0x20, 0x20, 0x20, 0x20, 0x20, 0x20, 0x20, 0x28, 0x73, 0x65, 0x74, 0x71,
	0x20, 0x64, 0x6f, 0x6e, 0x65, 0x20, 0x74, 0x29, 0x29, 0x29, 0x0a, 0x20,
	0x20, 0x20, 0x20, 0x28, 0x73, 0x75, 0x62, 0x73, 0x74, 0x72, 0x69, 0x6e,
	0x67, 0x20, 0x73, 0x74, 0x72, 0x69, 0x6e, 0x67, 0x20, 0x30, 0x20, 0x6e,
	0x29, 0x29, 0x29, 0x29, 0x0a, 0x28, 0x64, 0x65, 0x66, 0x61, 0x6c, 0x69,
	0x61, 0x73, 0x20, 0x27, 0x73, 0x74, 0x72, 0x69, 0x6e, 0x67, 0x2d, 0x74,
	0x72, 0x69, 0x6d, 0x20, 0x28, 0x6c, 0x61, 0x6d, 0x62, 0x64, 0x61, 0x20,
	0x28, 0x73, 0x74, 0x72, 0x69, 0x6e, 0x67, 0x20, 0x26, 0x6f, 0x70, 0x74,
	0x69, 0x6f, 0x6e, 0x61, 0x6c, 0x20, 0x74, 0x72, 0x69, 0x6d, 0x2d, 0x6c,
	0x65, 0x66, 0x74, 0x20, 0x74, 0x72, 0x69, 0x6d, 0x2d, 0x72, 0x69, 0x67,
	0x68, 0x74, 0x29, 0x0a, 0x20, 0x20, 0x28, 0x73, 0x74, 0x72, 0x69, 0x6e,
	0x67, 0x2d, 0x74, 0x72, 0x69, 0x6d, 0x2d, 0x6c, 0x65, 0x66, 0x74, 0x20,
	0x28, 0x73, 0x74, 0x72, 0x69, 0x6e, 0x67, 0x2d, 0x74, 0x72, 0x69, 0x6d,
	0x2d, 0x72, 0x69, 0x67, 0x68, 0x74, 0x20, 0x73, 0x74, 0x72, 0x69, 0x6e,
	0x67, 0x20, 0x74, 0x72, 0x69, 0x6d, 0x2d, 0x72, 0x69, 0x67, 0x68, 0x74,
	0x29, 0x20, 0x74, 0x72, 0x69, 0x6d, 0x2d, 0x6c, 0x65, 0x66, 0x74, 0x29,
	0x29, 0x29, 0x0a, 0x28, 0x64, 0x65, 0x66, 0x61, 0x6c, 0x69, 0x61, 0x73,
	0x20, 0x27, 0x73, 0x74, 0x72, 0x69, 0x6e, 0x67, 0x2d, 0x70, 0x72, 0x65,
	0x66, 0x69, 0x78, 0x2d, 0x70, 0x20, 0x28, 0x6c, 0x61, 0x6d, 0x62, 0x64,
	0x61, 0x20, 0x28, 0x70, 0x72, 0x65, 0x66, 0x69, 0x78, 0x20, 0x73, 0x74,
	0x72, 0x69, 0x6e, 0x67, 0x20, 0x26, 0x6f, 0x70, 0x74, 0x69, 0x6f, 0x6e,
	0x61, 0x6c, 0x20, 0x69, 0x67, 0x6e, 0x6f, 0x72, 0x65, 0x2d, 0x63, 0x61,
	0x73, 0x65, 0x29, 0x0a, 0x20, 0x20, 0x28, 0x6c, 0x65, 0x74, 0x20, 0x28,
	0x28, 0x6e, 0x20, 0x28, 0x6c, 0x65, 0x6e, 0x67, 0x74, 0x68, 0x20, 0x70,
	0x72, 0x65, 0x66, 0x69, 0x78, 0x29, 0x29, 0x29, 0x0a, 0x20, 0x20, 0x20,
	0x20, 0x28, 0x61, 0x6e, 0x64, 0x20, 0x28, 0x3c, 0x3d, 0x20, 0x6e, 0x20,
	0x28, 0x6c, 0x65, 0x6e, 0x67, 0x74, 0x68, 0x20, 0x73, 0x74, 0x72, 0x69,
	0x6e, 0x67, 0x29, 0x29, 0x0a, 0x20, 0x20, 0x20, 0x20, 0x20, 0x20, 0x20,
	0x20, 0x20, 0x28, 0x6c, 0x65, 0x74, 0x20, 0x28, 0x28, 0x68, 0x65, 0x61,
	0x64, 0x20, 0x28, 0x73, 0x75, 0x62, 0x73, 0x74, 0x72, 0x69, 0x6e, 0x67,
	0x20, 0x73, 0x74, 0x72, 0x69, 0x6e, 0x67, 0x20, 0x30, 0x20, 0x6e, 0x29,
	0x29, 0x29, 0x0a, 0x20, 0x20, 0x20, 0x20, 0x20, 0x20, 0x20, 0x20, 0x20,
	0x20, 0x20, 0x28, 0x69, 0x66, 0x20, 0x69, 0x67, 0x6e, 0x6f, 0x72, 0x65,
	0x2d, 0x63, 0x61, 0x73, 0x65, 0x0a, 0x20, 0x20, 0x20, 0x20, 0x20, 0x20,
	0x20, 0x20, 0x20, 0x20, 0x20, 0x20, 0x20, 0x20, 0x20, 0x28, 0x73, 0x74,
	0x72, 0x69, 0x6e, 0x67, 0x3d, 0x20, 0x28, 0x64, 0x6f, 0x77, 0x6e, 0x63,
	0x61, 0x73, 0x65, 0x20, 0x70, 0x72, 0x65, 0x66, 0x69, 0x78, 0x29, 0x20,
	0x28, 0x64, 0x6f, 0x77, 0x6e, 0x63, 0x61, 0x73, 0x65, 0x20, 0x68, 0x65,
	0x61, 0x64, 0x29, 0x29, 0x0a, 0x20, 0x20, 0x20, 0x20, 0x20, 0x20, 0x20,
	0x20, 0x20, 0x20, 0x20, 0x20, 0x20, 0x28, 0x73, 0x74, 0x72, 0x69, 0x6e,
	0x67, 0x3d, 0x20, 0x70, 0x72, 0x65, 0x66, 0x69, 0x78, 0x20, 0x68, 0x65,
	0x61, 0x64, 0x29, 0x29, 0x29, 0x29, 0x29, 0x29, 0x29, 0x0a, 0x28, 0x64,
	0x65, 0x66, 0x61, 0x6c, 0x69, 0x61, 0x73, 0x20, 0x27, 0x73, 0x74, 0x72,
	0x69, 0x6e, 0x67, 0x2d, 0x73, 0x75, 0x66, 0x66, 0x69, 0x78, 0x2d, 0x70,
	0x20, 0x28, 0x6c, 0x61, 0x6d, 0x62, 0x64, 0x61, 0x20, 0x28, 0x73, 0x75,
	0x66, 0x66, 0x69, 0x78, 0x20, 0x73, 0x74, 0x72, 0x69, 0x6e, 0x67, 0x20,
	0x26, 0x6f, 0x70, 0x74, 0x69, 0x6f, 0x6e, 0x61, 0x6c, 0x20, 0x69, 0x67,
	0x6e, 0x6f, 0x72, 0x65, 0x2d, 0x63, 0x61, 0x73, 0x65, 0x29, 0x0a, 0x20,
	0x20, 0x28, 0x6c, 0x65, 0x74, 0x20, 0x28, 0x28, 0x6e, 0x20, 0x28, 0x6c,
	0x65, 0x6e, 0x67, 0x74, 0x68, 0x20, 0x73, 0x75, 0x66, 0x66, 0x69, 0x78,
	0x29, 0x29, 0x29, 0x0a, 0x20, 0x20, 0x20, 0x20, 0x28, 0x61, 0x6e, 0x64,
	0x20, 0x28, 0x3c, 0x3d, 0x20, 0x6e, 0x20, 0x28, 0x6c, 0x65, 0x6e, 0x67,
	0x74, 0x68, 0x20, 0x73, 0x74, 0x72, 0x69, 0x6e, 0x67, 0x29, 0x29, 0x0a,
	0x20, 0x20, 0x20, 0x20, 0x20, 0x20, 0x20, 0x20, 0x20, 0x28, 0x6c, 0x65,
	0x74, 0x20, 0x28, 0x28, 0x74, 0x61, 0x69, 0x6c, 0x20, 0x28, 0x73, 0x75,
	0x62, 0x73, 0x74, 0x72, 0x69, 0x6e, 0x67, 0x20, 0x73, 0x74, 0x72, 0x69,
	0x6e, 0x67, 0x20, 0x28, 0x2d, 0x20, 0x28, 0x6c, 0x65, 0x6e, 0x67, 0x74,
	0x68, 0x20, 0x73, 0x74, 0x72, 0x69, 0x6e, 0x67, 0x29, 0x20, 0x6e, 0x29,
	0x29, 0x29, 0x29, 0x0a, 0x20, 0x20, 0x20, 0x20, 0x20, 0x20, 0x20, 0x20,
	0x20, 0x20, 0x20, 0x28, 0x69, 0x66, 0x20, 0x69, 0x67, 0x6e, 0x6f, 0x72,
	0x65, 0x2d, 0x63, 0x61, 0x73, 0x65, 0x0a, 0x20, 0x20, 0x20, 0x20, 0x20,
	0x20, 0x20, 0x20, 0x20, 0x20, 0x20, 0x20, 0x20, 0x20, 0x20, 0x28, 0x73,
	0x74, 0x72, 0x69, 0x6e, 0x67, 0x3d, 0x20, 0x28, 0x64, 0x6f, 0x77, 0x6e,
	0x63, 0x61, 0x73, 0x65, 0x20, 0x73, 0x75, 0x66, 0x66, 0x69, 0x78, 0x29,
	0x20, 0x28, 0x64, 0x6f, 0x77, 0x6e, 0x63, 0x61, 0x73, 0x65, 0x20, 0x74,
	0x61, 0x69, 0x6c, 0x29, 0x29, 0x0a, 0x20, 0x20, 0x20, 0x20, 0x20, 0x20,
	0x20, 0x20, 0x20, 0x20, 0x20, 0x20, 0x20, 0x28, 0x73, 0x74, 0x72, 0x69,
	0x6e, 0x67, 0x3d, 0x20, 0x73, 0x75, 0x66, 0x66, 0x69, 0x78, 0x20, 0x74,
	0x61, 0x69, 0x6c, 0x29, 0x29, 0x29, 0x29, 0x29, 0x29, 0x29, 0x0a, 0x3b,
	0x3b, 0x20, 0x60, 0x73, 0x74, 0x72, 0x69, 0x6e, 0x67, 0x3c, 0x27, 0x20,
	0x61, 0x6e, 0x64, 0x20, 0x60, 0x73, 0x74, 0x72, 0x69, 0x6e, 0x67, 0x3e,
	0x27, 0x20, 0x77, 0x65, 0x72, 0x65, 0x20, 0x48, 0x45, 0x52, 0x45, 0x20,
	0x75, 0x6e, 0x74, 0x69, 0x6c, 0x20, 0x50, 0x68, 0x61, 0x73, 0x65, 0x20,
	0x32, 0x30, 0x2c, 0x20, 0x61, 0x73, 0x20, 0x70, 0x72, 0x65, 0x6c, 0x75,
	0x64, 0x65, 0x20, 0x4c, 0x69, 0x73, 0x70, 0x20, 0x74, 0x68, 0x61, 0x74,
	0x0a, 0x3b, 0x3b, 0x20, 0x74, 0x75, 0x72, 0x6e, 0x65, 0x64, 0x20, 0x62,
	0x6f, 0x74, 0x68, 0x20, 0x6f, 0x70, 0x65, 0x72, 0x61, 0x6e, 0x64, 0x73,
	0x20, 0x69, 0x6e, 0x74, 0x6f, 0x20, 0x6c, 0x69, 0x73, 0x74, 0x73, 0x20,
	0x6f, 0x66, 0x20, 0x63, 0x68, 0x61, 0x72, 0x61, 0x63, 0x74, 0x65, 0x72,
	0x20, 0x63, 0x6f, 0x64, 0x65, 0x73, 0x20, 0x61, 0x6e, 0x64, 0x20, 0x63,
	0x6f, 0x6d, 0x70, 0x61, 0x72, 0x65, 0x64, 0x20, 0x74, 0x68, 0x65, 0x6d,
	0x20, 0x61, 0x0a, 0x3b, 0x3b, 0x20, 0x63, 0x6f, 0x6e, 0x73, 0x20, 0x61,
	0x74, 0x20, 0x61, 0x20, 0x74, 0x69, 0x6d, 0x65, 0x2e, 0x20, 0x20, 0x54,
	0x68, 0x65, 0x79, 0x20, 0x61, 0x72, 0x65, 0x20, 0x66, 0x65, 0x20, 0x70,
	0x72, 0x69, 0x6d, 0x69, 0x74, 0x69, 0x76, 0x65, 0x73, 0x20, 0x6e, 0x6f,
	0x77, 0x20, 0x28, 0x60, 0x53, 0x74, 0x72, 0x69, 0x6e, 0x67, 0x4f, 0x70,
	0x65, 0x72, 0x61, 0x6e, 0x64, 0x4c, 0x65, 0x73, 0x73, 0x27, 0x2c, 0x20,
	0x61, 0x0a, 0x3b, 0x3b, 0x20, 0x73, 0x74, 0x72, 0x69, 0x6e, 0x67, 0x20,
	0x63, 0x65, 0x6c, 0x6c, 0x20, 0x61, 0x74, 0x20, 0x61, 0x20, 0x74, 0x69,
	0x6d, 0x65, 0x29, 0x2c, 0x20, 0x77, 0x68, 0x69, 0x63, 0x68, 0x20, 0x69,
	0x73, 0x20, 0x77, 0x68, 0x79, 0x20, 0x6e, 0x6f, 0x74, 0x68, 0x69, 0x6e,
	0x67, 0x20, 0x64, 0x65, 0x66, 0x69, 0x6e, 0x65, 0x73, 0x20, 0x74, 0x68,
	0x65, 0x6d, 0x20, 0x62, 0x65, 0x6c, 0x6f, 0x77, 0x3a, 0x20, 0x74, 0x68,
	0x65, 0x0a, 0x3b, 0x3b, 0x20, 0x63, 0x6f, 0x73, 0x74, 0x20, 0x77, 0x61,
	0x73, 0x20, 0x63, 0x68, 0x61, 0x72, 0x67, 0x65, 0x64, 0x20, 0x70, 0x65,
	0x72, 0x20, 0x43, 0x48, 0x41, 0x52, 0x41, 0x43, 0x54, 0x45, 0x52, 0x20,
	0x74, 0x6f, 0x20, 0x65, 0x76, 0x65, 0x72, 0x79, 0x20, 0x63, 0x61, 0x6c,
	0x6c, 0x65, 0x72, 0x27, 0x73, 0x20, 0x73, 0x74, 0x65, 0x70, 0x20, 0x62,
	0x75, 0x64, 0x67, 0x65, 0x74, 0x2c, 0x20, 0x61, 0x6e, 0x64, 0x0a, 0x3b,
	0x3b, 0x20, 0x60, 0x61, 0x70, 0x72, 0x6f, 0x70, 0x6f, 0x73, 0x27, 0x20,
	0x2d, 0x2d, 0x20, 0x6b, 0x67, 0x27, 0x73, 0x20, 0x6f, 0x6e, 0x65, 0x20,
	0x68, 0x65, 0x61, 0x76, 0x79, 0x20, 0x73, 0x6f, 0x72, 0x74, 0x65, 0x72,
	0x20, 0x2d, 0x2d, 0x20, 0x77, 0x61, 0x73, 0x20, 0x63, 0x61, 0x70, 0x70,
	0x65, 0x64, 0x20, 0x61, 0x74, 0x20, 0x34, 0x30, 0x20, 0x72, 0x65, 0x73,
	0x75, 0x6c, 0x74, 0x73, 0x20, 0x62, 0x65, 0x63, 0x61, 0x75, 0x73, 0x65,
	0x0a, 0x3b, 0x3b, 0x20, 0x6f, 0x66, 0x20, 0x69, 0x74, 0x2e, 0x0a, 0x3b,
	0x3b, 0x20, 0x45, 0x6d, 0x61, 0x63, 0x73, 0x27, 0x20, 0x5c, 0x5c, 0x26,
	0x20, 0x28, 0x74, 0x68, 0x65, 0x20, 0x77, 0x68, 0x6f, 0x6c, 0x65, 0x20,
	0x6d, 0x61, 0x74, 0x63, 0x68, 0x29, 0x2c, 0x20, 0x5c, 0x5c, 0x4e, 0x20,
	0x28, 0x67, 0x72, 0x6f, 0x75, 0x70, 0x20, 0x4e, 0x29, 0x20, 0x61, 0x6e,
	0x64, 0x20, 0x5c, 0x5c, 0x5c, 0x5c, 0x20, 0x69, 0x6e, 0x20, 0x61, 0x20,
	0x72, 0x65, 0x70, 0x6c, 0x61, 0x63, 0x65, 0x6d, 0x65, 0x6e, 0x74, 0x0a,
	0x3b, 0x3b, 0x20, 0x73, 0x74, 0x72, 0x69, 0x6e, 0x67, 0x2e, 0x20, 0x20,
	0x41, 0x6e, 0x20, 0x65, 0x73, 0x63, 0x61, 0x70, 0x65, 0x20, 0x45, 0x6d,
	0x61, 0x63, 0x73, 0x20, 0x72, 0x65, 0x6a, 0x65, 0x63, 0x74, 0x73, 0x20,
	0x6f, 0x75, 0x74, 0x72, 0x69, 0x67, 0x68, 0x74, 0x20, 0x28, 0x22, 0x5c,
	0x5c, 0x71, 0x22, 0x29, 0x20, 0x79, 0x69, 0x65, 0x6c, 0x64, 0x73, 0x20,
	0x74, 0x68, 0x65, 0x20, 0x65, 0x73, 0x63, 0x61, 0x70, 0x65, 0x64, 0x0a,
	0x3b, 0x3b, 0x20, 0x63, 0x68, 0x61, 0x72, 0x61, 0x63, 0x74, 0x65, 0x72,
	0x20, 0x68, 0x65, 0x72, 0x65, 0x3b, 0x20, 0x74, 0x68, 0x61, 0x74, 0x20,
	0x69, 0x73, 0x20, 0x74, 0x68, 0x65, 0x20, 0x6f, 0x6e, 0x65, 0x20, 0x73,
	0x68, 0x61, 0x70, 0x65, 0x20, 0x6f, 0x66, 0x20, 0x72, 0x65, 0x70, 0x6c,
	0x61, 0x63, 0x65, 0x6d, 0x65, 0x6e, 0x74, 0x20, 0x73, 0x74, 0x72, 0x69,
	0x6e, 0x67, 0x20, 0x74, 0x68, 0x65, 0x20, 0x74, 0x77, 0x6f, 0x0a, 0x3b,
	0x3b, 0x20, 0x64, 0x69, 0x73, 0x61, 0x67, 0x72, 0x65, 0x65, 0x20, 0x61,
	0x62, 0x6f, 0x75, 0x74, 0x2e, 0x0a, 0x28, 0x64, 0x65, 0x66, 0x61, 0x6c,
	0x69, 0x61, 0x73, 0x20, 0x27, 0x69, 0x6e, 0x74, 0x65, 0x72, 0x6e, 0x61,
	0x6c, 0x2d, 0x2d, 0x72, 0x65, 0x70, 0x6c, 0x61, 0x63, 0x65, 0x2d, 0x65,
	0x78, 0x70, 0x61, 0x6e, 0x64, 0x20, 0x28, 0x6c, 0x61, 0x6d, 0x62, 0x64,
	0x61, 0x20, 0x28, 0x72, 0x65, 0x70, 0x20, 0x73, 0x74, 0x72, 0x69, 0x6e,
	0x67, 0x29, 0x0a, 0x20, 0x20, 0x28, 0x6c, 0x65, 0x74, 0x20, 0x28, 0x28,
	0x63, 0x68, 0x61, 0x72, 0x73, 0x20, 0x28, 0x73, 0x74, 0x72, 0x69, 0x6e,
	0x67, 0x2d, 0x74, 0x6f, 0x2d, 0x6c, 0x69, 0x73, 0x74, 0x20, 0x72, 0x65,
	0x70, 0x29, 0x29, 0x20, 0x28, 0x6f, 0x75, 0x74, 0x20, 0x22, 0x22, 0x29,
	0x29, 0x0a, 0x20, 0x20, 0x20, 0x20, 0x28, 0x77, 0x68, 0x69, 0x6c, 0x65,
	0x20, 0x63, 0x68, 0x61, 0x72, 0x73, 0x0a, 0x20, 0x20, 0x20, 0x20, 0x20,
	0x20, 0x28, 0x6c, 0x65, 0x74, 0x20, 0x28, 0x28, 0x63, 0x20, 0x28, 0x63,
	0x61, 0x72, 0x20, 0x63, 0x68, 0x61, 0x72, 0x73, 0x29, 0x29, 0x29, 0x0a,
	0x20, 0x20, 0x20, 0x20, 0x20, 0x20, 0x20, 0x20, 0x28, 0x69, 0x66, 0x20,
	0x28, 0x61, 0x6e, 0x64, 0x20, 0x28, 0x3d, 0x20, 0x63, 0x20, 0x39, 0x32,
	0x29, 0x20, 0x28, 0x63, 0x64, 0x72, 0x20, 0x63, 0x68, 0x61, 0x72, 0x73,
	0x29, 0x29, 0x0a, 0x20, 0x20, 0x20, 0x20, 0x20, 0x20, 0x20, 0x20, 0x20,
	0x20, 0x20, 0x20, 0x28, 0x6c, 0x65, 0x74, 0x20, 0x28, 0x28, 0x64, 0x20,
	0x28, 0x63, 0x61, 0x72, 0x20, 0x28, 0x63, 0x64, 0x72, 0x20, 0x63, 0x68,
	0x61, 0x72, 0x73, 0x29, 0x29, 0x29, 0x29, 0x0a, 0x20, 0x20, 0x20, 0x20,
	0x20, 0x20, 0x20, 0x20, 0x20, 0x20, 0x20, 0x20, 0x20, 0x20, 0x28, 0x73,
	0x65, 0x74, 0x71, 0x20, 0x63, 0x68, 0x61, 0x72, 0x73, 0x20, 0x28, 0x63,
	0x64, 0x72, 0x20, 0x63, 0x68, 0x61, 0x72, 0x73, 0x29, 0x29, 0x0a, 0x20,
	0x20, 0x20, 0x20, 0x20, 0x20, 0x20, 0x20, 0x20, 0x20, 0x20, 0x20, 0x20,
	0x20, 0x28, 0x63, 0x6f, 0x6e, 0x64, 0x20, 0x28, 0x28, 0x3d, 0x20, 0x64,
	0x20, 0x33, 0x38, 0x29, 0x0a, 0x20, 0x20, 0x20, 0x20, 0x20, 0x20, 0x20,
	0x20, 0x20, 0x20, 0x20, 0x20, 0x20, 0x20, 0x20, 0x20, 0x20, 0x20, 0x20,
	0x20, 0x20, 0x28, 0x73, 0x65, 0x74, 0x71, 0x20, 0x6f, 0x75, 0x74, 0x20,
	0x28, 0x63, 0x6f, 0x6e, 0x63, 0x61, 0x74, 0x20, 0x6f, 0x75, 0x74, 0x20,
	0x28, 0x6d, 0x61, 0x74, 0x63, 0x68, 0x2d, 0x73, 0x74, 0x72, 0x69, 0x6e,
	0x67, 0x20, 0x30, 0x20, 0x73, 0x74, 0x72, 0x69, 0x6e, 0x67, 0x29, 0x29,
	0x29, 0x29, 0x0a, 0x20, 0x20, 0x20, 0x20, 0x20, 0x20, 0x20, 0x20, 0x20,
	0x20, 0x20, 0x20, 0x20, 0x20, 0x20, 0x20, 0x20, 0x20, 0x20, 0x20, 0x28,
	0x28, 0x3d, 0x20, 0x64, 0x20, 0x39, 0x32, 0x29, 0x20, 0x28, 0x73, 0x65,
	0x74, 0x71, 0x20, 0x6f, 0x75, 0x74, 0x20, 0x28, 0x63, 0x6f, 0x6e, 0x63,
	0x61, 0x74, 0x20, 0x6f, 0x75, 0x74, 0x20, 0x22, 0x5c, 0x5c, 0x22, 0x29,
	0x29, 0x29, 0x0a, 0x20, 0x20, 0x20, 0x20, 0x20, 0x20, 0x20, 0x20, 0x20,
	0x20, 0x20, 0x20, 0x20, 0x20, 0x20, 0x20, 0x20, 0x20, 0x20, 0x20, 0x28,
	0x28, 0x61, 0x6e, 0x64, 0x20, 0x28, 0x3c, 0x3d, 0x20, 0x34, 0x38, 0x20,
	0x64, 0x29, 0x20, 0x28, 0x3c, 0x3d, 0x20, 0x64, 0x20, 0x35, 0x37, 0x29,
	0x29, 0x0a, 0x20, 0x20, 0x20, 0x20, 0x20, 0x20, 0x20, 0x20, 0x20, 0x20,
	0x20, 0x20, 0x20, 0x20, 0x20, 0x20, 0x20, 0x20, 0x20, 0x20, 0x20, 0x28,
	0x6c, 0x65, 0x74, 0x20, 0x28, 0x28, 0x6d, 0x20, 0x28, 0x6d, 0x61, 0x74,
	0x63, 0x68, 0x2d, 0x73, 0x74, 0x72, 0x69, 0x6e, 0x67, 0x20, 0x28, 0x2d,
	0x20, 0x64, 0x20, 0x34, 0x38, 0x29, 0x20, 0x73, 0x74, 0x72, 0x69, 0x6e,
	0x67, 0x29, 0x29, 0x29, 0x0a, 0x20, 0x20, 0x20, 0x20, 0x20, 0x20, 0x20,
	0x20, 0x20, 0x20, 0x20, 0x20, 0x20, 0x20, 0x20, 0x20, 0x20, 0x20, 0x20,
	0x20, 0x20, 0x20, 0x20, 0x28, 0x73, 0x65, 0x74, 0x71, 0x20, 0x6f, 0x75,
	0x74, 0x20, 0x28, 0x63, 0x6f, 0x6e, 0x63, 0x61, 0x74, 0x20, 0x6f, 0x75,
	0x74, 0x20, 0x28, 0x69, 0x66, 0x20, 0x6d, 0x20, 0x6d, 0x20, 0x22, 0x22,
	0x29, 0x29, 0x29, 0x29, 0x29, 0x0a, 0x20, 0x20, 0x20, 0x20, 0x20, 0x20,
	0x20, 0x20, 0x20, 0x20, 0x20, 0x20, 0x20, 0x20, 0x20, 0x20, 0x20, 0x20,
	0x20, 0x20, 0x28, 0x74, 0x20, 0x28, 0x73, 0x65, 0x74, 0x71, 0x20, 0x6f,
	0x75, 0x74, 0x20, 0x28, 0x63, 0x6f, 0x6e, 0x63, 0x61, 0x74, 0x20, 0x6f,
	0x75, 0x74, 0x20, 0x28, 0x63, 0x68, 0x61, 0x72, 0x2d, 0x74, 0x6f, 0x2d,
	0x73, 0x74, 0x72, 0x69, 0x6e, 0x67, 0x20, 0x64, 0x29, 0x29, 0x29, 0x29,
	0x29, 0x29, 0x0a, 0x20, 0x20, 0x20, 0x20, 0x20, 0x20, 0x20, 0x20, 0x20,
	0x20, 0x28, 0x73, 0x65, 0x74, 0x71, 0x20, 0x6f, 0x75, 0x74, 0x20, 0x28,
	0x63, 0x6f, 0x6e, 0x63, 0x61, 0x74, 0x20, 0x6f, 0x75, 0x74, 0x20, 0x28,
	0x63, 0x68, 0x61, 0x72, 0x2d, 0x74, 0x6f, 0x2d, 0x73, 0x74, 0x72, 0x69,
	0x6e, 0x67, 0x20, 0x63, 0x29, 0x29, 0x29, 0x29, 0x29, 0x0a, 0x20, 0x20,
	0x20, 0x20, 0x20, 0x20, 0x28, 0x73, 0x65, 0x74, 0x71, 0x20, 0x63, 0x68,
	0x61, 0x72, 0x73, 0x20, 0x28, 0x63, 0x64, 0x72, 0x20, 0x63, 0x68, 0x61,
	0x72, 0x73, 0x29, 0x29, 0x29, 0x0a, 0x20, 0x20, 0x20, 0x20, 0x6f, 0x75,
	0x74, 0x29, 0x29, 0x29, 0x0a, 0x3b, 0x3b, 0x20, 0x52, 0x45, 0x50, 0x20,
	0x69, 0x73, 0x20, 0x61, 0x20, 0x72, 0x65, 0x70, 0x6c, 0x61, 0x63, 0x65,
	0x6d, 0x65, 0x6e, 0x74, 0x20, 0x73, 0x74, 0x72, 0x69, 0x6e, 0x67, 0x20,
	0x6f, 0x72, 0x20, 0x61, 0x20, 0x66, 0x75, 0x6e, 0x63, 0x74, 0x69, 0x6f,
	0x6e, 0x20, 0x6f, 0x66, 0x20, 0x74, 0x68, 0x65, 0x20, 0x6d, 0x61, 0x74,
	0x63, 0x68, 0x65, 0x64, 0x20, 0x74, 0x65, 0x78, 0x74, 0x2e, 0x20, 0x20,
	0x45, 0x6d, 0x61, 0x63, 0x73, 0x27, 0x0a, 0x3b, 0x3b, 0x20, 0x46, 0x49,
	0x58, 0x45, 0x44, 0x43, 0x41, 0x53, 0x45, 0x20, 0x69, 0x73, 0x20, 0x61,
	0x63, 0x63, 0x65, 0x70, 0x74, 0x65, 0x64, 0x20, 0x61, 0x6e, 0x64, 0x20,
	0x69, 0x67, 0x6e, 0x6f, 0x72, 0x65, 0x64, 0x20, 0x2d, 0x2d, 0x20, 0x6b,
	0x67, 0x20, 0x6e, 0x65, 0x76, 0x65, 0x72, 0x20, 0x63, 0x61, 0x73, 0x65,
	0x2d, 0x61, 0x64, 0x6a, 0x75, 0x73, 0x74, 0x73, 0x20, 0x61, 0x0a, 0x3b,
	0x3b, 0x20, 0x72, 0x65, 0x70, 0x6c, 0x61, 0x63, 0x65, 0x6d, 0x65, 0x6e,
	0x74, 0x2c, 0x20, 0x62, 0x65, 0x63, 0x61, 0x75, 0x73, 0x65, 0x20, 0x69,
	0x74, 0x20, 0x6e, 0x65, 0x76, 0x65, 0x72, 0x20, 0x63, 0x61, 0x73, 0x65,
	0x2d, 0x66, 0x6f, 0x6c, 0x64, 0x73, 0x20, 0x61, 0x20, 0x6d, 0x61, 0x74,
	0x63, 0x68, 0x20, 0x65, 0x69, 0x74, 0x68, 0x65, 0x72, 0x20, 0x2d, 0x2d,
	0x20, 0x61, 0x6e, 0x64, 0x20, 0x69, 0x74, 0x73, 0x0a, 0x3b, 0x3b, 0x20,
	0x53, 0x55, 0x42, 0x45, 0x58, 0x50, 0x20, 0x61, 0x6e, 0x64, 0x20, 0x53,
	0x54, 0x41, 0x52, 0x54, 0x20, 0x61, 0x72, 0x67, 0x75, 0x6d, 0x65, 0x6e,
	0x74, 0x73, 0x20, 0x61, 0x72, 0x65, 0x20, 0x6e, 0x6f, 0x74, 0x20, 0x61,
	0x63, 0x63, 0x65, 0x70, 0x74, 0x65, 0x64, 0x2e, 0x20, 0x20, 0x54, 0x68,
	0x65, 0x20, 0x65, 0x6d, 0x70, 0x74, 0x79, 0x2d, 0x6d, 0x61, 0x74, 0x63,
	0x68, 0x20, 0x72, 0x75, 0x6c, 0x65, 0x20, 0x69, 0x73, 0x0a, 0x3b, 0x3b,
	0x20, 0x45, 0x6d, 0x61, 0x63, 0x73, 0x27, 0x20, 0x6f, 0x77, 0x6e, 0x3a,
	0x20, 0x61, 0x6e, 0x20, 0x65, 0x6d, 0x70, 0x74, 0x79, 0x20, 0x6d, 0x61,
	0x74, 0x63, 0x68, 0x20, 0x63, 0x6f, 0x70, 0x69, 0x65, 0x73, 0x20, 0x6f,
	0x6e, 0x65, 0x20, 0x63, 0x68, 0x61, 0x72, 0x61, 0x63, 0x74, 0x65, 0x72,
	0x20, 0x61, 0x6e, 0x64, 0x20, 0x61, 0x64, 0x76, 0x61, 0x6e, 0x63, 0x65,
	0x73, 0x2c, 0x20, 0x61, 0x6e, 0x64, 0x20, 0x74, 0x68, 0x65, 0x0a, 0x3b,
	0x3b, 0x20, 0x66, 0x69, 0x6e, 0x61, 0x6c, 0x20, 0x65, 0x6d, 0x70, 0x74,
	0x79, 0x20, 0x6d, 0x61, 0x74, 0x63, 0x68, 0x20, 0x61, 0x74, 0x20, 0x65,
	0x6e, 0x64, 0x20, 0x6f, 0x66, 0x20, 0x73, 0x74, 0x72, 0x69, 0x6e, 0x67,
	0x20, 0x69, 0x73, 0x20, 0x6e, 0x6f, 0x74, 0x20, 0x72, 0x65, 0x70, 0x6c,
	0x61, 0x63, 0x65, 0x64, 0x2c, 0x20, 0x77, 0x68, 0x69, 0x63, 0x68, 0x20,
	0x69, 0x73, 0x20, 0x77, 0x68, 0x79, 0x0a, 0x3b, 0x3b, 0x20, 0x28, 0x72,
	0x65, 0x70, 0x6c, 0x61, 0x63, 0x65, 0x2d, 0x72, 0x65, 0x67, 0x65, 0x78,
	0x70, 0x2d, 0x69, 0x6e, 0x2d, 0x73, 0x74, 0x72, 0x69, 0x6e, 0x67, 0x20,
	0x22, 0x78, 0x2a, 0x22, 0x20, 0x22, 0x2d, 0x22, 0x20, 0x22, 0x61, 0x62,
	0x63, 0x22, 0x29, 0x20, 0x69, 0x73, 0x20, 0x22, 0x2d, 0x61, 0x2d, 0x62,
	0x2d, 0x63, 0x22, 0x20, 0x61, 0x6e, 0x64, 0x20, 0x6e, 0x6f, 0x74, 0x0a,
	0x3b, 0x3b, 0x20, 0x22, 0x2d, 0x61, 0x2d, 0x62, 0x2d, 0x63, 0x2d, 0x22,
	0x2e, 0x0a, 0x3b, 0x3b, 0x20, 0x41, 0x6c, 0x6c, 0x20, 0x66, 0x69, 0x76,
	0x65, 0x20, 0x74, 0x65, 0x6d, 0x70, 0x6f, 0x72, 0x61, 0x72, 0x69, 0x65,
	0x73, 0x20, 0x61, 0x72, 0x65, 0x20, 0x6c, 0x69, 0x76, 0x65, 0x20, 0x61,
	0x63, 0x72, 0x6f, 0x73, 0x73, 0x20, 0x74, 0x68, 0x65, 0x20, 0x60, 0x66,
	0x75, 0x6e, 0x63, 0x61, 0x6c, 0x6c, 0x27, 0x20, 0x6f, 0x66, 0x20, 0x61,
	0x20, 0x66, 0x75, 0x6e, 0x63, 0x74, 0x69, 0x6f, 0x6e, 0x20, 0x52, 0x45,
	0x50, 0x2c, 0x0a, 0x3b, 0x3b, 0x20, 0x73, 0x6f, 0x20, 0x61, 0x6c, 0x6c,
	0x20, 0x66, 0x69, 0x76, 0x65, 0x20, 0x61, 0x72, 0x65, 0x20, 0x6c, 0x61,
	0x6d, 0x62, 0x64, 0x61, 0x20, 0x70, 0x61, 0x72, 0x61, 0x6d, 0x65, 0x74,
	0x65, 0x72, 0x73, 0x20, 0x72, 0x61, 0x74, 0x68, 0x65, 0x72, 0x20, 0x74,
	0x68, 0x61, 0x6e, 0x20, 0x60, 0x6c, 0x65, 0x74, 0x27, 0x20, 0x62, 0x69,
	0x6e, 0x64, 0x69, 0x6e, 0x67, 0x73, 0x2e, 0x0a, 0x28, 0x64, 0x65, 0x66,
	0x61, 0x6c, 0x69, 0x61, 0x73, 0x20, 0x27, 0x72, 0x65, 0x70, 0x6c, 0x61,
	0x63, 0x65, 0x2d, 0x72, 0x65, 0x67, 0x65, 0x78, 0x70, 0x2d, 0x69, 0x6e,
	0x2d, 0x73, 0x74, 0x72, 0x69, 0x6e, 0x67, 0x20, 0x28, 0x6c, 0x61, 0x6d,
	0x62, 0x64, 0x61, 0x0a, 0x20, 0x20, 0x28, 0x72, 0x65, 0x67, 0x65, 0x78,
	0x70, 0x20, 0x72, 0x65, 0x70, 0x20, 0x73, 0x74, 0x72, 0x69, 0x6e, 0x67,
	0x20, 0x26, 0x6f, 0x70, 0x74, 0x69, 0x6f, 0x6e, 0x61, 0x6c, 0x20, 0x66,
	0x69, 0x78, 0x65, 0x64, 0x63, 0x61, 0x73, 0x65, 0x20, 0x6c, 0x69, 0x74,
	0x65, 0x72, 0x61, 0x6c, 0x29, 0x0a, 0x20, 0x20, 0x28, 0x28, 0x6c, 0x61,
	0x6d, 0x62, 0x64, 0x61, 0x20, 0x28, 0x73, 0x74, 0x61, 0x72, 0x74, 0x20,
	0x6f, 0x75, 0x74, 0x20, 0x6c, 0x69, 0x6d, 0x69, 0x74, 0x29, 0x0a, 0x20,
	0x20, 0x20, 0x20, 0x20, 0x28, 0x77, 0x68, 0x69, 0x6c, 0x65, 0x20, 0x28,
	0x61, 0x6e, 0x64, 0x20, 0x28, 0x3c, 0x20, 0x73, 0x74, 0x61, 0x72, 0x74,
	0x20, 0x6c, 0x69, 0x6d, 0x69, 0x74, 0x29, 0x20, 0x28, 0x73, 0x74, 0x72,
	0x69, 0x6e, 0x67, 0x2d, 0x6d, 0x61, 0x74, 0x63, 0x68, 0x20, 0x72, 0x65,
	0x67, 0x65, 0x78, 0x70, 0x20, 0x73, 0x74, 0x72, 0x69, 0x6e, 0x67, 0x20,
	0x73, 0x74, 0x61, 0x72, 0x74, 0x29, 0x29, 0x0a, 0x20, 0x20, 0x20, 0x20,
	0x20, 0x20, 0x20, 0x28, 0x28, 0x6c, 0x61, 0x6d, 0x62, 0x64, 0x61, 0x20,
	0x28, 0x6d, 0x62, 0x20, 0x6d, 0x65, 0x29, 0x0a, 0x20, 0x20, 0x20, 0x20,
	0x20, 0x20, 0x20, 0x20, 0x20, 0x20, 0x28, 0x73, 0x65, 0x74, 0x71, 0x20,
	0x6f, 0x75, 0x74, 0x20, 0x28, 0x63, 0x6f, 0x6e, 0x63, 0x61, 0x74, 0x20,
	0x6f, 0x75, 0x74, 0x20, 0x28, 0x73, 0x75, 0x62, 0x73, 0x74, 0x72, 0x69,
	0x6e, 0x67, 0x20, 0x73, 0x74, 0x72, 0x69, 0x6e, 0x67, 0x20, 0x73, 0x74,
	0x61, 0x72, 0x74, 0x20, 0x6d, 0x62, 0x29, 0x29, 0x29, 0x0a, 0x20, 0x20,
	0x20, 0x20, 0x20, 0x20, 0x20, 0x20, 0x20, 0x20, 0x28, 0x73, 0x65, 0x74,
	0x71, 0x20, 0x6f, 0x75, 0x74, 0x20, 0x28, 0x63, 0x6f, 0x6e, 0x63, 0x61,
	0x74, 0x20, 0x6f, 0x75, 0x74, 0x0a, 0x20, 0x20, 0x20, 0x20, 0x20, 0x20,
	0x20, 0x20, 0x20, 0x20, 0x20, 0x20, 0x20, 0x20, 0x20, 0x20, 0x20, 0x20,
	0x20, 0x20, 0x20, 0x20, 0x28, 0x69, 0x66, 0x20, 0x28, 0x73, 0x74, 0x72,
	0x69, 0x6e, 0x67, 0x70, 0x20, 0x72, 0x65, 0x70, 0x29, 0x0a, 0x20, 0x20,
	0x20, 0x20, 0x20, 0x20, 0x20, 0x20, 0x20, 0x20, 0x20, 0x20, 0x20, 0x20,
	0x20, 0x20, 0x20, 0x20, 0x20, 0x20, 0x20, 0x20, 0x20, 0x20, 0x20, 0x20,
	0x28, 0x69, 0x66, 0x20, 0x6c, 0x69, 0x74, 0x65, 0x72, 0x61, 0x6c, 0x20,
	0x72, 0x65, 0x70, 0x0a, 0x20, 0x20, 0x20, 0x20, 0x20, 0x20, 0x20, 0x20,
	0x20, 0x20, 0x20, 0x20, 0x20, 0x20, 0x20, 0x20, 0x20, 0x20, 0x20, 0x20,
	0x20, 0x20, 0x20, 0x20, 0x20, 0x20, 0x20, 0x20, 0x28, 0x69, 0x6e, 0x74,
	0x65, 0x72, 0x6e, 0x61, 0x6c, 0x2d, 0x2d, 0x72, 0x65, 0x70, 0x6c, 0x61,
	0x63, 0x65, 0x2d, 0x65, 0x78, 0x70, 0x61, 0x6e, 0x64, 0x20, 0x72, 0x65,
	0x70, 0x20, 0x73, 0x74, 0x72, 0x69, 0x6e, 0x67, 0x29, 0x29, 0x0a, 0x20,
	0x20, 0x20, 0x20, 0x20, 0x20, 0x20, 0x20, 0x20, 0x20, 0x20, 0x20, 0x20,
	0x20, 0x20, 0x20, 0x20, 0x20, 0x20, 0x20, 0x20, 0x20, 0x20, 0x20, 0x28,
	0x66, 0x75, 0x6e, 0x63, 0x61, 0x6c, 0x6c, 0x20, 0x72, 0x65, 0x70, 0x20,
	0x28, 0x6d, 0x61, 0x74, 0x63, 0x68, 0x2d, 0x73, 0x74, 0x72, 0x69, 0x6e,
	0x67, 0x20, 0x30, 0x20, 0x73, 0x74, 0x72, 0x69, 0x6e, 0x67, 0x29, 0x29,
	0x29, 0x29, 0x29, 0x0a, 0x20, 0x20, 0x20, 0x20, 0x20, 0x20, 0x20, 0x20,
	0x20, 0x20, 0x28, 0x69, 0x66, 0x20, 0x28, 0x3d, 0x20, 0x6d, 0x65, 0x20,
	0x6d, 0x62, 0x29, 0x0a, 0x20, 0x20, 0x20, 0x20, 0x20, 0x20, 0x20, 0x20,
	0x20, 0x20, 0x20, 0x20, 0x20, 0x20, 0x28, 0x70, 0x72, 0x6f, 0x67, 0x6e,
	0x0a, 0x20, 0x20, 0x20, 0x20, 0x20, 0x20, 0x20, 0x20, 0x20, 0x20, 0x20,
	0x20, 0x20, 0x20, 0x20, 0x20, 0x28, 0x69, 0x66, 0x20, 0x28, 0x3c, 0x20,
	0x6d, 0x62, 0x20, 0x6c, 0x69, 0x6d, 0x69, 0x74, 0x29, 0x0a, 0x20, 0x20,
	0x20, 0x20, 0x20, 0x20, 0x20, 0x20, 0x20, 0x20, 0x20, 0x20, 0x20, 0x20,
	0x20, 0x20, 0x20, 0x20, 0x20, 0x20, 0x28, 0x73, 0x65, 0x74, 0x71, 0x20,
	0x6f, 0x75, 0x74, 0x20, 0x28, 0x63, 0x6f, 0x6e, 0x63, 0x61, 0x74, 0x20,
	0x6f, 0x75, 0x74, 0x20, 0x28, 0x73, 0x75, 0x62, 0x73, 0x74, 0x72, 0x69,
	0x6e, 0x67, 0x20, 0x73, 0x74, 0x72, 0x69, 0x6e, 0x67, 0x20, 0x6d, 0x62,
	0x20, 0x28, 0x2b, 0x20, 0x6d, 0x62, 0x20, 0x31, 0x29, 0x29, 0x29, 0x29,
	0x29, 0x0a, 0x20, 0x20, 0x20, 0x20, 0x20, 0x20, 0x20, 0x20, 0x20, 0x20,
	0x20, 0x20, 0x20, 0x20, 0x20, 0x20, 0x28, 0x73, 0x65, 0x74, 0x71, 0x20,
	0x73, 0x74, 0x61, 0x72, 0x74, 0x20, 0x28, 0x2b, 0x20, 0x6d, 0x62, 0x20,
	0x31, 0x29, 0x29, 0x29, 0x0a, 0x20, 0x20, 0x20, 0x20, 0x20, 0x20, 0x20,
	0x20, 0x20, 0x20, 0x20, 0x20, 0x28, 0x73, 0x65, 0x74, 0x71, 0x20, 0x73,
	0x74, 0x61, 0x72, 0x74, 0x20, 0x6d, 0x65, 0x29, 0x29, 0x29, 0x0a, 0x20,
	0x20, 0x20, 0x20, 0x20, 0x20, 0x20, 0x20, 0x28, 0x6d, 0x61, 0x74, 0x63,
	0x68, 0x2d, 0x62, 0x65, 0x67, 0x69, 0x6e, 0x6e, 0x69, 0x6e, 0x67, 0x20,
	0x30, 0x29, 0x20, 0x28, 0x6d, 0x61, 0x74, 0x63, 0x68, 0x2d, 0x65, 0x6e,
	0x64, 0x20, 0x30, 0x29, 0x29, 0x29, 0x0a, 0x20, 0x20, 0x20, 0x20, 0x20,
	0x28, 0x63, 0x6f, 0x6e, 0x63, 0x61, 0x74, 0x20, 0x6f, 0x75, 0x74, 0x20,
	0x28, 0x73, 0x75, 0x62, 0x73, 0x74, 0x72, 0x69, 0x6e, 0x67, 0x20, 0x73,
	0x74, 0x72, 0x69, 0x6e, 0x67, 0x20, 0x28, 0x69, 0x66, 0x20, 0x28, 0x3c,
	0x20, 0x73, 0x74, 0x61, 0x72, 0x74, 0x20, 0x6c, 0x69, 0x6d, 0x69, 0x74,
	0x29, 0x20, 0x73, 0x74, 0x61, 0x72, 0x74, 0x20, 0x6c, 0x69, 0x6d, 0x69,
	0x74, 0x29, 0x29, 0x29, 0x29, 0x0a, 0x20, 0x20, 0x20, 0x30, 0x20, 0x22,
	0x22, 0x20, 0x28, 0x6c, 0x65, 0x6e, 0x67, 0x74, 0x68, 0x20, 0x73, 0x74,
	0x72, 0x69, 0x6e, 0x67, 0x29, 0x29, 0x29, 0x29, 0x0a, 0x0a, 0x3b, 0x3b,
	0x20, 0x2d, 0x2d, 0x2d, 0x20, 0x6c, 0x69, 0x73, 0x74, 0x73, 0x20, 0x2d,
	0x2d, 0x2d, 0x0a, 0x28, 0x64, 0x65, 0x66, 0x61, 0x6c, 0x69, 0x61, 0x73,
	0x20, 0x27, 0x63, 0x64, 0x61, 0x72, 0x20, 0x28, 0x6c, 0x61, 0x6d, 0x62,
	0x64, 0x61, 0x20, 0x28, 0x78, 0x29, 0x20, 0x28, 0x63, 0x64, 0x72, 0x20,
	0x28, 0x63, 0x61, 0x72, 0x20, 0x78, 0x29, 0x29, 0x29, 0x29, 0x0a, 0x28,
	0x64, 0x65, 0x66, 0x61, 0x6c, 0x69, 0x61, 0x73, 0x20, 0x27, 0x63, 0x61,
	0x64, 0x64, 0x72, 0x20, 0x28, 0x6c, 0x61, 0x6d, 0x62, 0x64, 0x61, 0x20,
	0x28, 0x78, 0x29, 0x20, 0x28, 0x63, 0x61, 0x72, 0x20, 0x28, 0x63, 0x64,
	0x72, 0x20, 0x28, 0x63, 0x64, 0x72, 0x20, 0x78, 0x29, 0x29, 0x29, 0x29,
	0x29, 0x0a, 0x28, 0x64, 0x65, 0x66, 0x61, 0x6c, 0x69, 0x61, 0x73, 0x20,
	0x27, 0x63, 0x64, 0x64, 0x64, 0x72, 0x20, 0x28, 0x6c, 0x61, 0x6d, 0x62,
	0x64, 0x61, 0x20, 0x28, 0x78, 0x29, 0x20, 0x28, 0x63, 0x64, 0x72, 0x20,
	0x28, 0x63, 0x64, 0x72, 0x20, 0x28, 0x63, 0x64, 0x72, 0x20, 0x78, 0x29,
	0x29, 0x29, 0x29, 0x29, 0x0a, 0x28, 0x64, 0x65, 0x66, 0x61, 0x6c, 0x69,
	0x61, 0x73, 0x20, 0x27, 0x63, 0x61, 0x64, 0x64, 0x64, 0x72, 0x20, 0x28,
	0x6c, 0x61, 0x6d, 0x62, 0x64, 0x61, 0x20, 0x28, 0x78, 0x29, 0x20, 0x28,
	0x63, 0x61, 0x72, 0x20, 0x28, 0x63, 0x64, 0x72, 0x20, 0x28, 0x63, 0x64,
	0x72, 0x20, 0x28, 0x63, 0x64, 0x72, 0x20, 0x78, 0x29, 0x29, 0x29, 0x29,
	0x29, 0x29, 0x0a, 0x28, 0x64, 0x65, 0x66, 0x61, 0x6c, 0x69, 0x61, 0x73,
	0x20, 0x27, 0x65, 0x6c, 0x74, 0x20, 0x28, 0x6c, 0x61, 0x6d, 0x62, 0x64,
	0x61, 0x20, 0x28, 0x73, 0x65, 0x71, 0x75, 0x65, 0x6e, 0x63, 0x65, 0x20,
	0x6e, 0x29, 0x0a, 0x20, 0x20, 0x28, 0x69, 0x66, 0x20, 0x28, 0x73, 0x74,
	0x72, 0x69, 0x6e, 0x67, 0x70, 0x20, 0x73, 0x65, 0x71, 0x75, 0x65, 0x6e,
	0x63, 0x65, 0x29, 0x0a, 0x20, 0x20, 0x20, 0x20, 0x20, 0x20, 0x28, 0x70,
	0x72, 0x6f, 0x67, 0x6e, 0x0a, 0x20, 0x20, 0x20, 0x20, 0x20, 0x20, 0x20,
	0x20, 0x28, 0x69, 0x66, 0x20, 0x28, 0x6f, 0x72, 0x20, 0x28, 0x3c, 0x20,
	0x6e, 0x20, 0x30, 0x29, 0x20, 0x28, 0x3c, 0x3d, 0x20, 0x28, 0x6c, 0x65,
	0x6e, 0x67, 0x74, 0x68, 0x20, 0x73, 0x65, 0x71, 0x75, 0x65, 0x6e, 0x63,
	0x65, 0x29, 0x20, 0x6e, 0x29, 0x29, 0x0a, 0x20, 0x20, 0x20, 0x20, 0x20,
	0x20, 0x20, 0x20, 0x20, 0x20, 0x20, 0x20, 0x28, 0x73, 0x69, 0x67, 0x6e,
	0x61, 0x6c, 0x20, 0x27, 0x61, 0x72, 0x67, 0x73, 0x2d, 0x6f, 0x75, 0x74,
	0x2d, 0x6f, 0x66, 0x2d, 0x72, 0x61, 0x6e, 0x67, 0x65, 0x20, 0x28, 0x6c,
	0x69, 0x73, 0x74, 0x20, 0x73, 0x65, 0x71, 0x75, 0x65, 0x6e, 0x63, 0x65,
	0x20, 0x6e, 0x29, 0x29, 0x29, 0x0a, 0x20, 0x20, 0x20, 0x20, 0x20, 0x20,
	0x20, 0x20, 0x28, 0x73, 0x74, 0x72, 0x69, 0x6e, 0x67, 0x2d, 0x74, 0x6f,
	0x2d, 0x63, 0x68, 0x61, 0x72, 0x20, 0x28, 0x73, 0x75, 0x62, 0x73, 0x74,
	0x72, 0x69, 0x6e, 0x67, 0x20, 0x73, 0x65, 0x71, 0x75, 0x65, 0x6e, 0x63,
	0x65, 0x20, 0x6e, 0x20, 0x28, 0x2b, 0x20, 0x6e, 0x20, 0x31, 0x29, 0x29,
	0x29, 0x29, 0x0a, 0x20, 0x20, 0x20, 0x20, 0x28, 0x6e, 0x74, 0x68, 0x20,
	0x6e, 0x20, 0x73, 0x65, 0x71, 0x75, 0x65, 0x6e, 0x63, 0x65, 0x29, 0x29,
	0x29, 0x29, 0x0a, 0x28, 0x64, 0x65, 0x66, 0x61, 0x6c, 0x69, 0x61, 0x73,
	0x20, 0x27, 0x62, 0x75, 0x74, 0x6c, 0x61, 0x73, 0x74, 0x20, 0x28, 0x6c,
	0x61, 0x6d, 0x62, 0x64, 0x61, 0x20, 0x28, 0x6c, 0x69, 0x73, 0x74, 0x20,
	0x26, 0x6f, 0x70, 0x74, 0x69, 0x6f, 0x6e, 0x61, 0x6c, 0x20, 0x6e, 0x29,
	0x0a, 0x20, 0x20, 0x28, 0x6c, 0x65, 0x74, 0x20, 0x28, 0x28, 0x6b, 0x65,
	0x65, 0x70, 0x20, 0x28, 0x2d, 0x20, 0x28, 0x6c, 0x65, 0x6e, 0x67, 0x74,
	0x68, 0x20, 0x6c, 0x69, 0x73, 0x74, 0x29, 0x20, 0x28, 0x69, 0x66, 0x20,
	0x6e, 0x20, 0x6e, 0x20, 0x31, 0x29, 0x29, 0x29, 0x20, 0x28, 0x6f, 0x75,
	0x74, 0x20, 0x6e, 0x69, 0x6c, 0x29, 0x29, 0x0a, 0x20, 0x20, 0x20, 0x20,
	0x28, 0x77, 0x68, 0x69, 0x6c, 0x65, 0x20, 0x28, 0x61, 0x6e, 0x64, 0x20,
	0x28, 0x3c, 0x20, 0x30, 0x20, 0x6b, 0x65, 0x65, 0x70, 0x29, 0x20, 0x6c,
	0x69, 0x73, 0x74, 0x29, 0x0a, 0x20, 0x20, 0x20, 0x20, 0x20, 0x20, 0x28,
	0x73, 0x65, 0x74, 0x71, 0x20, 0x6f, 0x75, 0x74, 0x20, 0x28, 0x63, 0x6f,
	0x6e, 0x73, 0x20, 0x28, 0x63, 0x61, 0x72, 0x20, 0x6c, 0x69, 0x73, 0x74,
	0x29, 0x20, 0x6f, 0x75, 0x74, 0x29, 0x29, 0x0a, 0x20, 0x20, 0x20, 0x20,
	0x20, 0x20, 0x28, 0x73, 0x65, 0x74, 0x71, 0x20, 0x6c, 0x69, 0x73, 0x74,
	0x20, 0x28, 0x63, 0x64, 0x72, 0x20, 0x6c, 0x69, 0x73, 0x74, 0x29, 0x29,
	0x0a, 0x20, 0x20, 0x20, 0x20, 0x20, 0x20, 0x28, 0x73, 0x65, 0x74, 0x71,
	0x20, 0x6b, 0x65, 0x65, 0x70, 0x20, 0x28, 0x2d, 0x20, 0x6b, 0x65, 0x65,
	0x70, 0x20, 0x31, 0x29, 0x29, 0x29, 0x0a, 0x20, 0x20, 0x20, 0x20, 0x28,
	0x72, 0x65, 0x76, 0x65, 0x72, 0x73, 0x65, 0x20, 0x6f, 0x75, 0x74, 0x29,
	0x29, 0x29, 0x29, 0x0a, 0x28, 0x64, 0x65, 0x66, 0x61, 0x6c, 0x69, 0x61,
	0x73, 0x20, 0x27, 0x63, 0x6f, 0x70, 0x79, 0x2d, 0x73, 0x65, 0x71, 0x75,
	0x65, 0x6e, 0x63, 0x65, 0x20, 0x28, 0x6c, 0x61, 0x6d, 0x62, 0x64, 0x61,
	0x20, 0x28, 0x73, 0x65, 0x71, 0x75, 0x65, 0x6e, 0x63, 0x65, 0x29, 0x0a,
	0x20, 0x20, 0x28, 0x69, 0x66, 0x20, 0x28, 0x73, 0x74, 0x72, 0x69, 0x6e,
	0x67, 0x70, 0x20, 0x73, 0x65, 0x71, 0x75, 0x65, 0x6e, 0x63, 0x65, 0x29,
	0x0a, 0x20, 0x20, 0x20, 0x20, 0x20, 0x20, 0x28, 0x73, 0x75, 0x62, 0x73,
	0x74, 0x72, 0x69, 0x6e, 0x67, 0x20, 0x73, 0x65, 0x71, 0x75, 0x65, 0x6e,
	0x63, 0x65, 0x20, 0x30, 0x29, 0x0a, 0x20, 0x20, 0x20, 0x20, 0x28, 0x6c,
	0x65, 0x74, 0x20, 0x28, 0x28, 0x6f, 0x75, 0x74, 0x20, 0x6e, 0x69, 0x6c,
	0x29, 0x29, 0x0a, 0x20, 0x20, 0x20, 0x20, 0x20, 0x20, 0x28, 0x77, 0x68,
	0x69, 0x6c, 0x65, 0x20, 0x73, 0x65, 0x71, 0x75, 0x65, 0x6e, 0x63, 0x65,
	0x0a, 0x20, 0x20, 0x20, 0x20, 0x20, 0x20, 0x20, 0x20, 0x28, 0x73, 0x65,
	0x74, 0x71, 0x20, 0x6f, 0x75, 0x74, 0x20, 0x28, 0x63, 0x6f, 0x6e, 0x73,
	0x20, 0x28, 0x63, 0x61, 0x72, 0x20, 0x73, 0x65, 0x71, 0x75, 0x65, 0x6e,
	0x63, 0x65, 0x29, 0x20, 0x6f, 0x75, 0x74, 0x29, 0x29, 0x0a, 0x20, 0x20,
	0x20, 0x20, 0x20, 0x20, 0x20, 0x20, 0x28, 0x73, 0x65, 0x74, 0x71, 0x20,
	0x73, 0x65, 0x71, 0x75, 0x65, 0x6e, 0x63, 0x65, 0x20, 0x28, 0x63, 0x64,
	0x72, 0x20, 0x73, 0x65, 0x71, 0x75, 0x65, 0x6e, 0x63, 0x65, 0x29, 0x29,
	0x29, 0x0a, 0x20, 0x20, 0x20, 0x20, 0x20, 0x20, 0x28, 0x72, 0x65, 0x76,
	0x65, 0x72, 0x73, 0x65, 0x20, 0x6f, 0x75, 0x74, 0x29, 0x29, 0x29, 0x29,
	0x29, 0x0a, 0x28, 0x64, 0x65, 0x66, 0x61, 0x6c, 0x69, 0x61, 0x73, 0x20,
	0x27, 0x6e, 0x75, 0x6d, 0x62, 0x65, 0x72, 0x2d, 0x73, 0x65, 0x71, 0x75,
	0x65, 0x6e, 0x63, 0x65, 0x20, 0x28, 0x6c, 0x61, 0x6d, 0x62, 0x64, 0x61,
	0x20, 0x28, 0x66, 0x72, 0x6f, 0x6d, 0x20, 0x26, 0x6f, 0x70, 0x74, 0x69,
	0x6f, 0x6e, 0x61, 0x6c, 0x20, 0x74, 0x6f, 0x20, 0x69, 0x6e, 0x63, 0x29,
	0x0a, 0x20, 0x20, 0x28, 0x69, 0x66, 0x20, 0x28, 0x6e, 0x75, 0x6c, 0x6c,
	0x20, 0x74, 0x6f, 0x29, 0x0a, 0x20, 0x20, 0x20, 0x20, 0x20, 0x20, 0x28,
	0x6c, 0x69, 0x73, 0x74, 0x20, 0x66, 0x72, 0x6f, 0x6d, 0x29, 0x0a, 0x20,
	0x20, 0x20, 0x20, 0x28, 0x6c, 0x65, 0x74, 0x20, 0x28, 0x28, 0x73, 0x74,
	0x65, 0x70, 0x20, 0x28, 0x69, 0x66, 0x20, 0x69, 0x6e, 0x63, 0x20, 0x69,
	0x6e, 0x63, 0x20, 0x31, 0x29, 0x29, 0x20, 0x28, 0x6e, 0x20, 0x66, 0x72,
	0x6f, 0x6d, 0x29, 0x20, 0x28, 0x6f, 0x75, 0x74, 0x20, 0x6e, 0x69, 0x6c,
	0x29, 0x29, 0x0a, 0x20, 0x20, 0x20, 0x20, 0x20, 0x20, 0x28, 0x69, 0x66,
	0x20, 0x28, 0x3d, 0x20, 0x73, 0x74, 0x65, 0x70, 0x20, 0x30, 0x29, 0x20,
	0x28, 0x65, 0x72, 0x72, 0x6f, 0x72, 0x20, 0x22, 0x54, 0x68, 0x65, 0x20,
	0x69, 0x6e, 0x63, 0x72, 0x65, 0x6d, 0x65, 0x6e, 0x74, 0x20, 0x63, 0x61,
	0x6e, 0x20, 0x6e, 0x6f, 0x74, 0x20, 0x62, 0x65, 0x20, 0x7a, 0x65, 0x72,
	0x6f, 0x22, 0x29, 0x29, 0x0a, 0x20, 0x20, 0x20, 0x20, 0x20, 0x20, 0x28,
	0x69, 0x66, 0x20, 0x28, 0x3c, 0x20, 0x30, 0x20, 0x73, 0x74, 0x65, 0x70,
	0x29, 0x0a, 0x20, 0x20, 0x20, 0x20, 0x20, 0x20, 0x20, 0x20, 0x20, 0x20,
	0x28, 0x77, 0x68, 0x69, 0x6c, 0x65, 0x20, 0x28, 0x3c, 0x3d, 0x20, 0x6e,
	0x20, 0x74, 0x6f, 0x29, 0x0a, 0x20, 0x20, 0x20, 0x20, 0x20, 0x20, 0x20,
	0x20, 0x20, 0x20, 0x20, 0x20, 0x28, 0x73, 0x65, 0x74, 0x71, 0x20, 0x6f,
	0x75, 0x74, 0x20, 0x28, 0x63, 0x6f, 0x6e, 0x73, 0x20, 0x6e, 0x20, 0x6f,
	0x75, 0x74, 0x29, 0x29, 0x0a, 0x20, 0x20, 0x20, 0x20, 0x20, 0x20, 0x20,
	0x20, 0x20, 0x20, 0x20, 0x20, 0x28, 0x73, 0x65, 0x74, 0x71, 0x20, 0x6e,
	0x20, 0x28, 0x2b, 0x20, 0x6e, 0x20, 0x73, 0x74, 0x65, 0x70, 0x29, 0x29,
	0x29, 0x0a, 0x20, 0x20, 0x20, 0x20, 0x20, 0x20, 0x20, 0x20, 0x28, 0x77,
	0x68, 0x69, 0x6c, 0x65, 0x20, 0x28, 0x3c, 0x3d, 0x20, 0x74, 0x6f, 0x20,
	0x6e, 0x29, 0x0a, 0x20, 0x20, 0x20, 0x20, 0x20, 0x20, 0x20, 0x20, 0x20,
	0x20, 0x28, 0x73, 0x65, 0x74, 0x71, 0x20, 0x6f, 0x75, 0x74, 0x20, 0x28,
	0x63, 0x6f, 0x6e, 0x73, 0x20, 0x6e, 0x20, 0x6f, 0x75, 0x74, 0x29, 0x29,
	0x0a, 0x20, 0x20, 0x20, 0x20, 0x20, 0x20, 0x20, 0x20, 0x20, 0x20, 0x28,
	0x73, 0x65, 0x74, 0x71, 0x20, 0x6e, 0x20, 0x28, 0x2b, 0x20, 0x6e, 0x20,
	0x73, 0x74, 0x65, 0x70, 0x29, 0x29, 0x29, 0x29, 0x0a, 0x20, 0x20, 0x20,
	0x20, 0x20, 0x20, 0x28, 0x72, 0x65, 0x76, 0x65, 0x72, 0x73, 0x65, 0x20,
	0x6f, 0x75, 0x74, 0x29, 0x29, 0x29, 0x29, 0x29, 0x0a, 0x3b, 0x3b, 0x20,
	0x44, 0x65, 0x73, 0x74, 0x72, 0x75, 0x63, 0x74, 0x69, 0x76, 0x65, 0x2c,
	0x20, 0x61, 0x73, 0x20, 0x45, 0x6d, 0x61, 0x63, 0x73, 0x27, 0x3a, 0x20,
	0x65, 0x76, 0x65, 0x72, 0x79, 0x20, 0x61, 0x72, 0x67, 0x75, 0x6d, 0x65,
	0x6e, 0x74, 0x20, 0x62, 0x75, 0x74, 0x20, 0x74, 0x68, 0x65, 0x20, 0x6c,
	0x61, 0x73, 0x74, 0x20, 0x68, 0x61, 0x73, 0x20, 0x74, 0x6f, 0x20, 0x62,
	0x65, 0x20, 0x61, 0x20, 0x6c, 0x69, 0x73, 0x74, 0x2c, 0x0a, 0x3b, 0x3b,
	0x20, 0x61, 0x6e, 0x64, 0x20, 0x74, 0x68, 0x65, 0x20, 0x72, 0x65, 0x73,
	0x75, 0x6c, 0x74, 0x20, 0x69, 0x73, 0x20, 0x74, 0x68, 0x65, 0x20, 0x66,
	0x69, 0x72, 0x73, 0x74, 0x20, 0x6e, 0x6f, 0x6e, 0x2d, 0x6e, 0x69, 0x6c,
	0x20, 0x6f, 0x6e, 0x65, 0x20, 0x77, 0x69, 0x74, 0x68, 0x20, 0x74, 0x68,
	0x65, 0x20, 0x72, 0x65, 0x73, 0x74, 0x20, 0x73, 0x70, 0x6c, 0x69, 0x63,
	0x65, 0x64, 0x20, 0x6f, 0x6e, 0x74, 0x6f, 0x20, 0x69, 0x74, 0x2e, 0x0a,
	0x28, 0x64, 0x65, 0x66, 0x61, 0x6c, 0x69, 0x61, 0x73, 0x20, 0x27, 0x6d,
	0x61, 0x70, 0x63, 0x61, 0x6e, 0x20, 0x28, 0x6c, 0x61, 0x6d, 0x62, 0x64,
	0x61, 0x20, 0x28, 0x66, 0x75, 0x6e, 0x63, 0x74, 0x69, 0x6f, 0x6e, 0x20,
	0x73, 0x65, 0x71, 0x75, 0x65, 0x6e, 0x63, 0x65, 0x29, 0x0a, 0x20, 0x20,
	0x28, 0x61, 0x70, 0x70, 0x6c, 0x79, 0x20, 0x27, 0x6e, 0x63, 0x6f, 0x6e,
	0x63, 0x20, 0x28, 0x6d, 0x61, 0x70, 0x63, 0x61, 0x72, 0x20, 0x66, 0x75,
	0x6e, 0x63, 0x74, 0x69, 0x6f, 0x6e, 0x20, 0x73, 0x65, 0x71, 0x75, 0x65,
	0x6e, 0x63, 0x65, 0x29, 0x29, 0x29, 0x29, 0x0a, 0x28, 0x64, 0x65, 0x66,
	0x61, 0x6c, 0x69, 0x61, 0x73, 0x20, 0x27, 0x61, 0x73, 0x73, 0x71, 0x2d,
	0x64, 0x65, 0x6c, 0x65, 0x74, 0x65, 0x2d, 0x61, 0x6c, 0x6c, 0x20, 0x28,
	0x6c, 0x61, 0x6d, 0x62, 0x64, 0x61, 0x20, 0x28, 0x6b, 0x65, 0x79, 0x20,
	0x61, 0x6c, 0x69, 0x73, 0x74, 0x29, 0x0a, 0x20, 0x20, 0x28, 0x6c, 0x65,
	0x74, 0x20, 0x28, 0x28, 0x72, 0x65, 0x73, 0x75, 0x6c, 0x74, 0x20, 0x61,
	0x6c, 0x69, 0x73, 0x74, 0x29, 0x20, 0x28, 0x70, 0x72, 0x65, 0x76, 0x69,
	0x6f, 0x75, 0x73, 0x20, 0x6e, 0x69, 0x6c, 0x29, 0x29, 0x0a, 0x20, 0x20,
	0x20, 0x20, 0x28, 0x77, 0x68, 0x69, 0x6c, 0x65, 0x20, 0x61, 0x6c, 0x69,
	0x73, 0x74, 0x0a, 0x20, 0x20, 0x20, 0x20, 0x20, 0x20, 0x28, 0x69, 0x66,
	0x20, 0x28, 0x61, 0x6e, 0x64, 0x20, 0x28, 0x63, 0x6f, 0x6e, 0x73, 0x70,
	0x20, 0x28, 0x63, 0x61, 0x72, 0x20, 0x61, 0x6c, 0x69, 0x73, 0x74, 0x29,
	0x29, 0x20, 0x28, 0x65, 0x71, 0x20, 0x6b, 0x65, 0x79, 0x20, 0x28, 0x63,
	0x61, 0x72, 0x20, 0x28, 0x63, 0x61, 0x72, 0x20, 0x61, 0x6c, 0x69, 0x73,
	0x74, 0x29, 0x29, 0x29, 0x29, 0x0a, 0x20, 0x20, 0x20, 0x20, 0x20, 0x20,
	0x20, 0x20, 0x20, 0x20, 0x28, 0x69, 0x66, 0x20, 0x70, 0x72, 0x65, 0x76,
	0x69, 0x6f, 0x75, 0x73, 0x0a, 0x20, 0x20, 0x20, 0x20, 0x20, 0x20, 0x20,
	0x20, 0x20, 0x20, 0x20, 0x20, 0x20, 0x20, 0x28, 0x73, 0x65, 0x74, 0x63,
	0x64, 0x72, 0x20, 0x70, 0x72, 0x65, 0x76, 0x69, 0x6f, 0x75, 0x73, 0x20,
	0x28, 0x63, 0x64, 0x72, 0x20, 0x61, 0x6c, 0x69, 0x73, 0x74, 0x29, 0x29,
	0x0a, 0x20, 0x20, 0x20, 0x20, 0x20, 0x20, 0x20, 0x20, 0x20, 0x20, 0x20,
	0x20, 0x28, 0x73, 0x65, 0x74, 0x71, 0x20, 0x72, 0x65, 0x73, 0x75, 0x6c,
	0x74, 0x20, 0x28, 0x63, 0x64, 0x72, 0x20, 0x61, 0x6c, 0x69, 0x73, 0x74,
	0x29, 0x29, 0x29, 0x0a, 0x20, 0x20, 0x20, 0x20, 0x20, 0x20, 0x20, 0x20,
	0x28, 0x73, 0x65, 0x74, 0x71, 0x20, 0x70, 0x72, 0x65, 0x76, 0x69, 0x6f,
	0x75, 0x73, 0x20, 0x61, 0x6c, 0x69, 0x73, 0x74, 0x29, 0x29, 0x0a, 0x20,
	0x20, 0x20, 0x20, 0x20, 0x20, 0x28, 0x73, 0x65, 0x74, 0x71, 0x20, 0x61,
	0x6c, 0x69, 0x73, 0x74, 0x20, 0x28, 0x63, 0x64, 0x72, 0x20, 0x61, 0x6c,
	0x69, 0x73, 0x74, 0x29, 0x29, 0x29, 0x0a, 0x20, 0x20, 0x20, 0x20, 0x72,
	0x65, 0x73, 0x75, 0x6c, 0x74, 0x29, 0x29, 0x29, 0x0a, 0x3b, 0x3b, 0x20,
	0x45, 0x6d, 0x61, 0x63, 0x73, 0x27, 0x20, 0x54, 0x45, 0x53, 0x54, 0x46,
	0x4e, 0x20, 0x61, 0x6e, 0x64, 0x20, 0x52, 0x45, 0x4d, 0x4f, 0x56, 0x45,
	0x20, 0x61, 0x72, 0x67, 0x75, 0x6d, 0x65, 0x6e, 0x74, 0x73, 0x20, 0x61,
	0x72, 0x65, 0x20, 0x6e, 0x6f, 0x74, 0x20, 0x61, 0x63, 0x63, 0x65, 0x70,
	0x74, 0x65, 0x64, 0x3b, 0x20, 0x74, 0x68, 0x65, 0x20, 0x6c, 0x6f, 0x6f,
	0x6b, 0x75, 0x70, 0x20, 0x69, 0x73, 0x0a, 0x3b, 0x3b, 0x20, 0x60, 0x61,
	0x73, 0x73, 0x71, 0x27, 0x2c, 0x20, 0x77, 0x68, 0x69, 0x63, 0x68, 0x20,
	0x69, 0x73, 0x20, 0x45, 0x6d, 0x61, 0x63, 0x73, 0x27, 0x20, 0x6f, 0x77,
	0x6e, 0x20, 0x64, 0x65, 0x66, 0x61, 0x75, 0x6c, 0x74, 0x2e, 0x0a, 0x28,
	0x64, 0x65, 0x66, 0x61, 0x6c, 0x69, 0x61, 0x73, 0x20, 0x27, 0x61, 0x6c,
	0x69, 0x73, 0x74, 0x2d, 0x67, 0x65, 0x74, 0x20, 0x28, 0x6c, 0x61, 0x6d,
	0x62, 0x64, 0x61, 0x20, 0x28, 0x6b, 0x65, 0x79, 0x20, 0x61, 0x6c, 0x69,
	0x73, 0x74, 0x20, 0x26, 0x6f, 0x70, 0x74, 0x69, 0x6f, 0x6e, 0x61, 0x6c,
	0x20, 0x64, 0x65, 0x66, 0x61, 0x75, 0x6c, 0x74, 0x29, 0x0a, 0x20, 0x20,
	0x28, 0x6c, 0x65, 0x74, 0x20, 0x28, 0x28, 0x63, 0x65, 0x6c, 0x6c, 0x20,
	0x28, 0x61, 0x73, 0x73, 0x71, 0x20, 0x6b, 0x65, 0x79, 0x20, 0x61, 0x6c,
	0x69, 0x73, 0x74, 0x29, 0x29, 0x29, 0x0a, 0x20, 0x20, 0x20, 0x20, 0x28,
	0x69, 0x66, 0x20, 0x63, 0x65, 0x6c, 0x6c, 0x20, 0x28, 0x63, 0x64, 0x72,
	0x20, 0x63, 0x65, 0x6c, 0x6c, 0x29, 0x20, 0x64, 0x65, 0x66, 0x61, 0x75,
	0x6c, 0x74, 0x29, 0x29, 0x29, 0x29, 0x0a, 0x28, 0x64, 0x65, 0x66, 0x61,
	0x6c, 0x69, 0x61, 0x73, 0x20, 0x27, 0x70, 0x6c, 0x69, 0x73, 0x74, 0x2d,
	0x67, 0x65, 0x74, 0x20, 0x28, 0x6c, 0x61, 0x6d, 0x62, 0x64, 0x61, 0x20,
	0x28, 0x70, 0x6c, 0x69, 0x73, 0x74, 0x20, 0x70, 0x72, 0x6f, 0x70, 0x29,
	0x0a, 0x20, 0x20, 0x28, 0x6c, 0x65, 0x74, 0x20, 0x28, 0x28, 0x68, 0x69,
	0x74, 0x20, 0x6e, 0x69, 0x6c, 0x29, 0x29, 0x0a, 0x20, 0x20, 0x20, 0x20,
	0x28, 0x77, 0x68, 0x69, 0x6c, 0x65, 0x20, 0x28, 0x61, 0x6e, 0x64, 0x20,
	0x70, 0x6c, 0x69, 0x73, 0x74, 0x20, 0x28, 0x63, 0x64, 0x72, 0x20, 0x70,
	0x6c, 0x69, 0x73, 0x74, 0x29, 0x20, 0x28, 0x6e, 0x75, 0x6c, 0x6c, 0x20,
	0x68, 0x69, 0x74, 0x29, 0x29, 0x0a, 0x20, 0x20, 0x20, 0x20, 0x20, 0x20,
	0x28, 0x69, 0x66, 0x20, 0x28, 0x65, 0x71, 0x20, 0x28, 0x63, 0x61, 0x72,
	0x20, 0x70, 0x6c, 0x69, 0x73, 0x74, 0x29, 0x20, 0x70, 0x72, 0x6f, 0x70,
	0x29, 0x20, 0x28, 0x73, 0x65, 0x74, 0x71, 0x20, 0x68, 0x69, 0x74, 0x20,
	0x28, 0x63, 0x64, 0x72, 0x20, 0x70, 0x6c, 0x69, 0x73, 0x74, 0x29, 0x29,
	0x29, 0x0a, 0x20, 0x20, 0x20, 0x20, 0x20, 0x20, 0x28, 0x73, 0x65, 0x74,
	0x71, 0x20, 0x70, 0x6c, 0x69, 0x73, 0x74, 0x20, 0x28, 0x63, 0x64, 0x72,
	0x20, 0x28, 0x63, 0x64, 0x72, 0x20, 0x70, 0x6c, 0x69, 0x73, 0x74, 0x29,
	0x29, 0x29, 0x29, 0x0a, 0x20, 0x20, 0x20, 0x20, 0x28, 0x69, 0x66, 0x20,
	0x68, 0x69, 0x74, 0x20, 0x28, 0x63, 0x61, 0x72, 0x20, 0x68, 0x69, 0x74,
	0x29, 0x20, 0x6e, 0x69, 0x6c, 0x29, 0x29, 0x29, 0x29, 0x0a, 0x3b, 0x3b,
	0x20, 0x44, 0x65, 0x73, 0x74, 0x72, 0x75, 0x63, 0x74, 0x69, 0x76, 0x65,
	0x20, 0x77, 0x68, 0x65, 0x72, 0x65, 0x20, 0x69, 0x74, 0x20, 0x63, 0x61,
	0x6e, 0x20, 0x62, 0x65, 0x2c, 0x20, 0x61, 0x73, 0x20, 0x45, 0x6d, 0x61,
	0x63, 0x73, 0x27, 0x3a, 0x20, 0x61, 0x6e, 0x20, 0x65, 0x78, 0x69, 0x73,
	0x74, 0x69, 0x6e, 0x67, 0x20, 0x70, 0x72, 0x6f, 0x70, 0x65, 0x72, 0x74,
	0x79, 0x20, 0x69, 0x73, 0x0a, 0x3b, 0x3b, 0x20, 0x6f, 0x76, 0x65, 0x72,
	0x77, 0x72, 0x69, 0x74, 0x74, 0x65, 0x6e, 0x20, 0x69, 0x6e, 0x20, 0x70,
	0x6c, 0x61, 0x63, 0x65, 0x20, 0x61, 0x6e, 0x64, 0x20, 0x61, 0x20, 0x6e,
	0x65, 0x77, 0x20, 0x6f, 0x6e, 0x65, 0x20, 0x69, 0x73, 0x20, 0x73, 0x70,
	0x6c, 0x69, 0x63, 0x65, 0x64, 0x20, 0x6f, 0x6e, 0x74, 0x6f, 0x20, 0x74,
	0x68, 0x65, 0x20, 0x74, 0x61, 0x69, 0x6c, 0x2c, 0x20, 0x73, 0x6f, 0x20,
	0x6f, 0x6e, 0x6c, 0x79, 0x0a, 0x3b, 0x3b, 0x20, 0x28, 0x70, 0x6c, 0x69,
	0x73, 0x74, 0x2d, 0x70, 0x75, 0x74, 0x20, 0x6e, 0x69, 0x6c, 0x20, 0x2e,
	0x2e, 0x2e, 0x29, 0x20, 0x68, 0x61, 0x73, 0x20, 0x74, 0x6f, 0x20, 0x62,
	0x75, 0x69, 0x6c, 0x64, 0x20, 0x61, 0x20, 0x66, 0x72, 0x65, 0x73, 0x68,
	0x20, 0x6c, 0x69, 0x73, 0x74, 0x2e, 0x0a, 0x28, 0x64, 0x65, 0x66, 0x61,
	0x6c, 0x69, 0x61, 0x73, 0x20, 0x27, 0x70, 0x6c, 0x69, 0x73, 0x74, 0x2d,
	0x70, 0x75, 0x74, 0x20, 0x28, 0x6c, 0x61, 0x6d, 0x62, 0x64, 0x61, 0x20,
	0x28, 0x70, 0x6c, 0x69, 0x73, 0x74, 0x20, 0x70, 0x72, 0x6f, 0x70, 0x20,
	0x76, 0x61, 0x6c, 0x75, 0x65, 0x29, 0x0a, 0x20, 0x20, 0x28, 0x6c, 0x65,
	0x74, 0x20, 0x28, 0x28, 0x74, 0x61, 0x69, 0x6c, 0x20, 0x70, 0x6c, 0x69,
	0x73, 0x74, 0x29, 0x20, 0x28, 0x64, 0x6f, 0x6e, 0x65, 0x20, 0x6e, 0x69,
	0x6c, 0x29, 0x29, 0x0a, 0x20, 0x20, 0x20, 0x20, 0x28, 0x77, 0x68, 0x69,
	0x6c, 0x65, 0x20, 0x28, 0x61, 0x6e, 0x64, 0x20, 0x74, 0x61, 0x69, 0x6c,
	0x20, 0x28, 0x63, 0x64, 0x72, 0x20, 0x74, 0x61, 0x69, 0x6c, 0x29, 0x20,
	0x28, 0x6e, 0x6f, 0x74, 0x20, 0x64, 0x6f, 0x6e, 0x65, 0x29, 0x29, 0x0a,
	0x20, 0x20, 0x20, 0x20, 0x20, 0x20, 0x28, 0x69, 0x66, 0x20, 0x28, 0x65,
	0x71, 0x20, 0x28, 0x63, 0x61, 0x72, 0x20, 0x74, 0x61, 0x69, 0x6c, 0x29,
	0x20, 0x70, 0x72, 0x6f, 0x70, 0x29, 0x0a, 0x20, 0x20, 0x20, 0x20, 0x20,
	0x20, 0x20, 0x20, 0x20, 0x20, 0x28, 0x70, 0x72, 0x6f, 0x67, 0x6e, 0x20,
	0x28, 0x73, 0x65, 0x74, 0x63, 0x61, 0x72, 0x20, 0x28, 0x63, 0x64, 0x72,
	0x20, 0x74, 0x61, 0x69, 0x6c, 0x29, 0x20, 0x76, 0x61, 0x6c, 0x75, 0x65,
	0x29, 0x20, 0x28, 0x73, 0x65, 0x74, 0x71, 0x20, 0x64, 0x6f, 0x6e, 0x65,
	0x20, 0x74, 0x29, 0x29, 0x0a, 0x20, 0x20, 0x20, 0x20, 0x20, 0x20, 0x20,
	0x20, 0x28, 0x73, 0x65, 0x74, 0x71, 0x20, 0x74, 0x61, 0x69, 0x6c, 0x20,
	0x28, 0x63, 0x64, 0x72, 0x20, 0x28, 0x63, 0x64, 0x72, 0x20, 0x74, 0x61,
	0x69, 0x6c, 0x29, 0x29, 0x29, 0x29, 0x29, 0x0a, 0x20, 0x20, 0x20, 0x20,
	0x28, 0x63, 0x6f, 0x6e, 0x64, 0x20, 0x28, 0x64, 0x6f, 0x6e, 0x65, 0x20,
	0x70, 0x6c, 0x69, 0x73, 0x74, 0x29, 0x0a, 0x20, 0x20, 0x20, 0x20, 0x20,
	0x20, 0x20, 0x20, 0x20, 0x20, 0x28, 0x28, 0x6e, 0x75, 0x6c, 0x6c, 0x20,
	0x70, 0x6c, 0x69, 0x73, 0x74, 0x29, 0x20, 0x28, 0x6c, 0x69, 0x73, 0x74,
	0x20, 0x70, 0x72, 0x6f, 0x70, 0x20, 0x76, 0x61, 0x6c, 0x75, 0x65, 0x29,
	0x29, 0x0a, 0x20, 0x20, 0x20, 0x20, 0x20, 0x20, 0x20, 0x20, 0x20, 0x20,
	0x28, 0x74, 0x20, 0x28, 0x6c, 0x65, 0x74, 0x20, 0x28, 0x28, 0x6c, 0x61,
	0x73, 0x74, 0x20, 0x70, 0x6c, 0x69, 0x73, 0x74, 0x29, 0x29, 0x0a, 0x20,
	0x20, 0x20, 0x20, 0x20, 0x20, 0x20, 0x20, 0x20, 0x20, 0x20, 0x20, 0x20,
	0x20, 0x20, 0x28, 0x77, 0x68, 0x69, 0x6c, 0x65, 0x20, 0x28, 0x63, 0x64,
	0x72, 0x20, 0x6c, 0x61, 0x73, 0x74, 0x29, 0x20, 0x28, 0x73, 0x65, 0x74,
	0x71, 0x20, 0x6c, 0x61, 0x73, 0x74, 0x20, 0x28, 0x63, 0x64, 0x72, 0x20,
	0x6c, 0x61, 0x73, 0x74, 0x29, 0x29, 0x29, 0x0a, 0x20, 0x20, 0x20, 0x20,
	0x20, 0x20, 0x20, 0x20, 0x20, 0x20, 0x20, 0x20, 0x20, 0x20, 0x20, 0x28,
	0x73, 0x65, 0x74, 0x63, 0x64, 0x72, 0x20, 0x6c, 0x61, 0x73, 0x74, 0x20,
	0x28, 0x6c, 0x69, 0x73, 0x74, 0x20, 0x70, 0x72, 0x6f, 0x70, 0x20, 0x76,
	0x61, 0x6c, 0x75, 0x65, 0x29, 0x29, 0x0a, 0x20, 0x20, 0x20, 0x20, 0x20,
	0x20, 0x20, 0x20, 0x20, 0x20, 0x20, 0x20, 0x20, 0x20, 0x20, 0x70, 0x6c,
	0x69, 0x73, 0x74, 0x29, 0x29, 0x29, 0x29, 0x29, 0x29, 0x0a, 0x3b, 0x3b,
	0x20, 0x41, 0x20, 0x73, 0x74, 0x61, 0x62, 0x6c, 0x65, 0x20, 0x62, 0x6f,
	0x74, 0x74, 0x6f, 0x6d, 0x2d, 0x75, 0x70, 0x20, 0x6d, 0x65, 0x72, 0x67,
	0x65, 0x20, 0x73, 0x6f, 0x72, 0x74, 0x2e, 0x20, 0x20, 0x49, 0x74, 0x20,
	0x73, 0x6f, 0x72, 0x74, 0x73, 0x20, 0x74, 0x68, 0x65, 0x20, 0x56, 0x41,
	0x4c, 0x55, 0x45, 0x53, 0x20, 0x69, 0x6e, 0x74, 0x6f, 0x20, 0x61, 0x20,
	0x66, 0x72, 0x65, 0x73, 0x68, 0x20, 0x6c, 0x69, 0x73, 0x74, 0x0a, 0x3b,
	0x3b, 0x20, 0x61, 0x6e, 0x64, 0x20, 0x74, 0x68, 0x65, 0x6e, 0x20, 0x77,
	0x72, 0x69, 0x74, 0x65, 0x73, 0x20, 0x74, 0x68, 0x65, 0x6d, 0x20, 0x62,
	0x61, 0x63, 0x6b, 0x20, 0x6f, 0x76, 0x65, 0x72, 0x20, 0x74, 0x68, 0x65,
	0x20, 0x69, 0x6e, 0x70, 0x75, 0x74, 0x27, 0x73, 0x20, 0x6f, 0x77, 0x6e,
	0x20, 0x63, 0x6f, 0x6e, 0x73, 0x20, 0x63, 0x65, 0x6c, 0x6c, 0x73, 0x20,
	0x77, 0x69, 0x74, 0x68, 0x0a, 0x3b, 0x3b, 0x20, 0x60, 0x73, 0x65, 0x74,
	0x63, 0x61, 0x72, 0x27, 0x2c, 0x20, 0x77, 0x68, 0x69, 0x63, 0x68, 0x20,
	0x69, 0x73, 0x20, 0x77, 0x68, 0x61, 0x74, 0x20, 0x6d, 0x61, 0x6b, 0x65,
	0x73, 0x20, 0x69, 0x74, 0x20, 0x6d, 0x61, 0x74, 0x63, 0x68, 0x20, 0x45,
	0x6d, 0x61, 0x63, 0x73, 0x20, 0x33, 0x31, 0x2e, 0x30, 0x2e, 0x39, 0x30,
	0x20, 0x65, 0x78, 0x61, 0x63, 0x74, 0x6c, 0x79, 0x3a, 0x20, 0x6d, 0x65,
	0x61, 0x73, 0x75, 0x72, 0x65, 0x64, 0x0a, 0x3b, 0x3b, 0x20, 0x74, 0x68,
	0x65, 0x72, 0x65, 0x2c, 0x20, 0x28, 0x6c, 0x65, 0x74, 0x2a, 0x20, 0x28,
	0x28, 0x63, 0x20, 0x28, 0x6c, 0x69, 0x73, 0x74, 0x20, 0x32, 0x29, 0x29,
	0x20, 0x28, 0x78, 0x20, 0x28, 0x63, 0x6f, 0x6e, 0x73, 0x20, 0x33, 0x20,
	0x63, 0x29, 0x29, 0x20, 0x28, 0x79, 0x20, 0x28, 0x73, 0x6f, 0x72, 0x74,
	0x20, 0x78, 0x20, 0x23, 0x27, 0x3c, 0x29, 0x29, 0x29, 0x20, 0x2e, 0x2e,
	0x2e, 0x29, 0x20, 0x6c, 0x65, 0x61, 0x76, 0x65, 0x73, 0x0a, 0x3b, 0x3b,
	0x20, 0x79, 0x20, 0x60, 0x65, 0x71, 0x27, 0x20, 0x74, 0x6f, 0x20, 0x78,
	0x20, 0x61, 0x6e, 0x64, 0x20, 0x6c, 0x65, 0x61, 0x76, 0x65, 0x73, 0x20,
	0x63, 0x20, 0x68, 0x6f, 0x6c, 0x64, 0x69, 0x6e, 0x67, 0x20, 0x33, 0x20,
	0x2d, 0x2d, 0x20, 0x74, 0x68, 0x65, 0x20, 0x63, 0x65, 0x6c, 0x6c, 0x73,
	0x20, 0x6b, 0x65, 0x65, 0x70, 0x20, 0x74, 0x68, 0x65, 0x69, 0x72, 0x20,
	0x69, 0x64, 0x65, 0x6e, 0x74, 0x69, 0x74, 0x69, 0x65, 0x73, 0x0a, 0x3b,
	0x3b, 0x20, 0x61, 0x6e, 0x64, 0x20, 0x74, 0x68, 0x65, 0x69, 0x72, 0x20,
	0x63, 0x6f, 0x6e, 0x74, 0x65, 0x6e, 0x74, 0x73, 0x20, 0x6d, 0x6f, 0x76,
	0x65, 0x2e, 0x20, 0x20, 0x45, 0x6d, 0x61, 0x63, 0x73, 0x27, 0x20, 0x6b,
	0x65, 0x79, 0x77, 0x6f, 0x72, 0x64, 0x20, 0x63, 0x61, 0x6c, 0x6c, 0x69,
	0x6e, 0x67, 0x20, 0x63, 0x6f, 0x6e, 0x76, 0x65, 0x6e, 0x74, 0x69, 0x6f,
	0x6e, 0x0a, 0x3b, 0x3b, 0x20, 0x28, 0x28, 0x73, 0x6f, 0x72, 0x74, 0x20,
	0x53, 0x45, 0x51, 0x20, 0x3a, 0x6c, 0x65, 0x73, 0x73, 0x70, 0x20, 0x2e,
	0x2e, 0x2e, 0x29, 0x29, 0x20, 0x69, 0x73, 0x20, 0x6e, 0x6f, 0x74, 0x20,
	0x61, 0x63, 0x63, 0x65, 0x70, 0x74, 0x65, 0x64, 0x2e, 0x0a, 0x3b, 0x3b,
	0x20, 0x50, 0x52, 0x45, 0x44, 0x49, 0x43, 0x41, 0x54, 0x45, 0x20, 0x69,
	0x73, 0x20, 0x75, 0x73, 0x65, 0x72, 0x20, 0x63, 0x6f, 0x64, 0x65, 0x2c,
	0x20, 0x61, 0x6e, 0x64, 0x20, 0x61, 0x6c, 0x6c, 0x20, 0x74, 0x68, 0x72,
	0x65, 0x65, 0x20, 0x6f, 0x66, 0x20, 0x74, 0x68, 0x65, 0x73, 0x65, 0x20,
	0x61, 0x63, 0x63, 0x75, 0x6d, 0x75, 0x6c, 0x61, 0x74, 0x65, 0x20, 0x61,
	0x63, 0x72, 0x6f, 0x73, 0x73, 0x20, 0x61, 0x0a, 0x3b, 0x3b, 0x20, 0x63,
	0x61, 0x6c, 0x6c, 0x20, 0x74, 0x6f, 0x20, 0x69, 0x74, 0x2c, 0x20, 0x73,
	0x6f, 0x20, 0x61, 0x6c, 0x6c, 0x20, 0x74, 0x68, 0x72, 0x65, 0x65, 0x20,
	0x61, 0x72, 0x65, 0x20, 0x6c, 0x61, 0x6d, 0x62, 0x64, 0x61, 0x20, 0x70,
	0x61, 0x72, 0x61, 0x6d, 0x65, 0x74, 0x65, 0x72, 0x73, 0x2e, 0x20, 0x20,
	0x60, 0x73, 0x6f, 0x72, 0x74, 0x27, 0x73, 0x20, 0x60, 0x76, 0x61, 0x6c,
	0x75, 0x65, 0x73, 0x27, 0x20, 0x61, 0x6e, 0x64, 0x0a, 0x3b, 0x3b, 0x20,
	0x60, 0x63, 0x65, 0x6c, 0x6c, 0x27, 0x20, 0x73, 0x74, 0x61, 0x79, 0x20,
	0x61, 0x6e, 0x20, 0x6f, 0x72, 0x64, 0x69, 0x6e, 0x61, 0x72, 0x79, 0x20,
	0x60, 0x6c, 0x65, 0x74, 0x27, 0x3a, 0x20, 0x69, 0x74, 0x20, 0x69, 0x73,
	0x20, 0x65, 0x6e, 0x74, 0x65, 0x72, 0x65, 0x64, 0x20, 0x61, 0x66, 0x74,
	0x65, 0x72, 0x20, 0x74, 0x68, 0x65, 0x20, 0x6c, 0x61, 0x73, 0x74, 0x20,
	0x70, 0x72, 0x65, 0x64, 0x69, 0x63, 0x61, 0x74, 0x65, 0x0a, 0x3b, 0x3b,
	0x20, 0x63, 0x61, 0x6c, 0x6c, 0x20, 0x68, 0x61, 0x73, 0x20, 0x72, 0x65,
	0x74, 0x75, 0x72, 0x6e, 0x65, 0x64, 0x2c, 0x20, 0x73, 0x6f, 0x20, 0x6e,
	0x6f, 0x74, 0x68, 0x69, 0x6e, 0x67, 0x20, 0x63, 0x61, 0x6e, 0x20, 0x6f,
	0x62, 0x73, 0x65, 0x72, 0x76, 0x65, 0x20, 0x74, 0x68, 0x65, 0x6d, 0x2e,
	0x0a, 0x28, 0x64, 0x65, 0x66, 0x61, 0x6c, 0x69, 0x61, 0x73, 0x20, 0x27,
	0x69, 0x6e, 0x74, 0x65, 0x72, 0x6e, 0x61, 0x6c, 0x2d, 0x2d, 0x6d, 0x65,
	0x72, 0x67, 0x65, 0x20, 0x28, 0x6c, 0x61, 0x6d, 0x62, 0x64, 0x61, 0x20,
	0x28, 0x61, 0x20, 0x62, 0x20, 0x70, 0x72, 0x65, 0x64, 0x69, 0x63, 0x61,
	0x74, 0x65, 0x29, 0x0a, 0x20, 0x20, 0x28, 0x28, 0x6c, 0x61, 0x6d, 0x62,
	0x64, 0x61, 0x20, 0x28, 0x6f, 0x75, 0x74, 0x29, 0x0a, 0x20, 0x20, 0x20,
	0x20, 0x20, 0x28, 0x77, 0x68, 0x69, 0x6c, 0x65, 0x20, 0x28, 0x61, 0x6e,
	0x64, 0x20, 0x61, 0x20, 0x62, 0x29, 0x0a, 0x20, 0x20, 0x20, 0x20, 0x20,
	0x20, 0x20, 0x28, 0x69, 0x66, 0x20, 0x28, 0x66, 0x75, 0x6e, 0x63, 0x61,
	0x6c, 0x6c, 0x20, 0x70, 0x72, 0x65, 0x64, 0x69, 0x63, 0x61, 0x74, 0x65,
	0x20, 0x28, 0x63, 0x61, 0x72, 0x20, 0x62, 0x29, 0x20, 0x28, 0x63, 0x61,
	0x72, 0x20, 0x61, 0x29, 0x29, 0x0a, 0x20, 0x20, 0x20, 0x20, 0x20, 0x20,
	0x20, 0x20, 0x20, 0x20, 0x20, 0x28, 0x70, 0x72, 0x6f, 0x67, 0x6e, 0x20,
	0x28, 0x73, 0x65, 0x74, 0x71, 0x20, 0x6f, 0x75, 0x74, 0x20, 0x28, 0x63,
	0x6f, 0x6e, 0x73, 0x20, 0x28, 0x63, 0x61, 0x72, 0x20, 0x62, 0x29, 0x20,
	0x6f, 0x75, 0x74, 0x29, 0x29, 0x20, 0x28, 0x73, 0x65, 0x74, 0x71, 0x20,
	0x62, 0x20, 0x28, 0x63, 0x64, 0x72, 0x20, 0x62, 0x29, 0x29, 0x29, 0x0a,
	0x20, 0x20, 0x20, 0x20, 0x20, 0x20, 0x20, 0x20, 0x20, 0x28, 0x73, 0x65,
	0x74, 0x71, 0x20, 0x6f, 0x75, 0x74, 0x20, 0x28, 0x63, 0x6f, 0x6e, 0x73,
	0x20, 0x28, 0x63, 0x61, 0x72, 0x20, 0x61, 0x29, 0x20, 0x6f, 0x75, 0x74,
	0x29, 0x29, 0x0a, 0x20, 0x20, 0x20, 0x20, 0x20, 0x20, 0x20, 0x20, 0x20,
	0x28, 0x73, 0x65, 0x74, 0x71, 0x20, 0x61, 0x20, 0x28, 0x63, 0x64, 0x72,
	0x20, 0x61, 0x29, 0x29, 0x29, 0x29, 0x0a, 0x20, 0x20, 0x20, 0x20, 0x20,
	0x28, 0x77, 0x68, 0x69, 0x6c, 0x65, 0x20, 0x61, 0x20, 0x28, 0x73, 0x65,
	0x74, 0x71, 0x20, 0x6f, 0x75, 0x74, 0x20, 0x28, 0x63, 0x6f, 0x6e, 0x73,
	0x20, 0x28, 0x63, 0x61, 0x72, 0x20, 0x61, 0x29, 0x20, 0x6f, 0x75, 0x74,
	0x29, 0x29, 0x20, 0x28, 0x73, 0x65, 0x74, 0x71, 0x20, 0x61, 0x20, 0x28,
	0x63, 0x64, 0x72, 0x20, 0x61, 0x29, 0x29, 0x29, 0x0a, 0x20, 0x20, 0x20,
	0x20, 0x20, 0x28, 0x77, 0x68, 0x69, 0x6c, 0x65, 0x20, 0x62, 0x20, 0x28,
	0x73, 0x65, 0x74, 0x71, 0x20, 0x6f, 0x75, 0x74, 0x20, 0x28, 0x63, 0x6f,
	0x6e, 0x73, 0x20, 0x28, 0x63, 0x61, 0x72, 0x20, 0x62, 0x29, 0x20, 0x6f,
	0x75, 0x74, 0x29, 0x29, 0x20, 0x28, 0x73, 0x65, 0x74, 0x71, 0x20, 0x62,
	0x20, 0x28, 0x63, 0x64, 0x72, 0x20, 0x62, 0x29, 0x29, 0x29, 0x0a, 0x20,
	0x20, 0x20, 0x20, 0x20, 0x28, 0x6e, 0x72, 0x65, 0x76, 0x65, 0x72, 0x73,
	0x65, 0x20, 0x6f, 0x75, 0x74, 0x29, 0x29, 0x0a, 0x20, 0x20, 0x20, 0x6e,
	0x69, 0x6c, 0x29, 0x29, 0x29, 0x0a, 0x28, 0x64, 0x65, 0x66, 0x61, 0x6c,
	0x69, 0x61, 0x73, 0x20, 0x27, 0x69, 0x6e, 0x74, 0x65, 0x72, 0x6e, 0x61,
	0x6c, 0x2d, 0x2d, 0x6d, 0x65, 0x72, 0x67, 0x65, 0x2d, 0x70, 0x61, 0x69,
	0x72, 0x73, 0x20, 0x28, 0x6c, 0x61, 0x6d, 0x62, 0x64, 0x61, 0x20, 0x28,
	0x72, 0x75, 0x6e, 0x73, 0x20, 0x70, 0x72, 0x65, 0x64, 0x69, 0x63, 0x61,
	0x74, 0x65, 0x29, 0x0a, 0x20, 0x20, 0x28, 0x28, 0x6c, 0x61, 0x6d, 0x62,
	0x64, 0x61, 0x20, 0x28, 0x6f, 0x75, 0x74, 0x29, 0x0a, 0x20, 0x20, 0x20,
	0x20, 0x20, 0x28, 0x77, 0x68, 0x69, 0x6c, 0x65, 0x20, 0x72, 0x75, 0x6e,
	0x73, 0x0a, 0x20, 0x20, 0x20, 0x20, 0x20, 0x20, 0x20, 0x28, 0x69, 0x66,
	0x20, 0x28, 0x63, 0x64, 0x72, 0x20, 0x72, 0x75, 0x6e, 0x73, 0x29, 0x0a,
	0x20, 0x20, 0x20, 0x20, 0x20, 0x20, 0x20, 0x20, 0x20, 0x20, 0x20, 0x28,
	0x70, 0x72, 0x6f, 0x67, 0x6e, 0x0a, 0x20, 0x20, 0x20, 0x20, 0x20, 0x20,
	0x20, 0x20, 0x20, 0x20, 0x20, 0x20, 0x20, 0x28, 0x73, 0x65, 0x74, 0x71,
	0x20, 0x6f, 0x75, 0x74, 0x20, 0x28, 0x63, 0x6f, 0x6e, 0x73, 0x20, 0x28,
	0x69, 0x6e, 0x74, 0x65, 0x72, 0x6e, 0x61, 0x6c, 0x2d, 0x2d, 0x6d, 0x65,
	0x72, 0x67, 0x65, 0x20, 0x28, 0x63, 0x61, 0x72, 0x20, 0x72, 0x75, 0x6e,
	0x73, 0x29, 0x20, 0x28, 0x63, 0x61, 0x72, 0x20, 0x28, 0x63, 0x64, 0x72,
	0x20, 0x72, 0x75, 0x6e, 0x73, 0x29, 0x29, 0x0a, 0x20, 0x20, 0x20, 0x20,
	0x20, 0x20, 0x20, 0x20, 0x20, 0x20, 0x20, 0x20, 0x20, 0x20, 0x20, 0x20,
	0x20, 0x20, 0x20, 0x20, 0x20, 0x20, 0x20, 0x20, 0x20, 0x20, 0x20, 0x20,
	0x20, 0x20, 0x20, 0x70, 0x72, 0x65, 0x64, 0x69, 0x63, 0x61, 0x74, 0x65,
	0x29, 0x0a, 0x20, 0x20, 0x20, 0x20, 0x20, 0x20, 0x20, 0x20, 0x20, 0x20,
	0x20, 0x20, 0x20, 0x20, 0x20, 0x20, 0x20, 0x20, 0x20, 0x20, 0x20, 0x20,
	0x20, 0x20, 0x20, 0x6f, 0x75, 0x74, 0x29, 0x29, 0x0a, 0x20, 0x20, 0x20,
	0x20, 0x20, 0x20, 0x20, 0x20, 0x20, 0x20, 0x20, 0x20, 0x20, 0x28, 0x73,
	0x65, 0x74, 0x71, 0x20, 0x72, 0x75, 0x6e, 0x73, 0x20, 0x28, 0x63, 0x64,
	0x72, 0x20, 0x28, 0x63, 0x64, 0x72, 0x20, 0x72, 0x75, 0x6e, 0x73, 0x29,
	0x29, 0x29, 0x29, 0x0a, 0x20, 0x20, 0x20, 0x20, 0x20, 0x20, 0x20, 0x20,
	0x20, 0x28, 0x73, 0x65, 0x74, 0x71, 0x20, 0x6f, 0x75, 0x74, 0x20, 0x28,
	0x63, 0x6f, 0x6e, 0x73, 0x20, 0x28, 0x63, 0x61, 0x72, 0x20, 0x72, 0x75,
	0x6e, 0x73, 0x29, 0x20, 0x6f, 0x75, 0x74, 0x29, 0x29, 0x0a, 0x20, 0x20,
	0x20, 0x20, 0x20, 0x20, 0x20, 0x20, 0x20, 0x28, 0x73, 0x65, 0x74, 0x71,
	0x20, 0x72, 0x75, 0x6e, 0x73, 0x20, 0x6e, 0x69, 0x6c, 0x29, 0x29, 0x29,
	0x0a, 0x20, 0x20, 0x20, 0x20, 0x20, 0x28, 0x6e, 0x72, 0x65, 0x76, 0x65,
	0x72, 0x73, 0x65, 0x20, 0x6f, 0x75, 0x74, 0x29, 0x29, 0x0a, 0x20, 0x20,
	0x20, 0x6e, 0x69, 0x6c, 0x29, 0x29, 0x29, 0x0a, 0x28, 0x64, 0x65, 0x66,
	0x61, 0x6c, 0x69, 0x61, 0x73, 0x20, 0x27, 0x73, 0x6f, 0x72, 0x74, 0x20,
	0x28, 0x6c, 0x61, 0x6d, 0x62, 0x64, 0x61, 0x20, 0x28, 0x73, 0x65, 0x71,
	0x75, 0x65, 0x6e, 0x63, 0x65, 0x20, 0x70, 0x72, 0x65, 0x64, 0x69, 0x63,
	0x61, 0x74, 0x65, 0x29, 0x0a, 0x20, 0x20, 0x28, 0x28, 0x6c, 0x61, 0x6d,
	0x62, 0x64, 0x61, 0x20, 0x28, 0x72, 0x75, 0x6e, 0x73, 0x29, 0x0a, 0x20,
	0x20, 0x20, 0x20, 0x20, 0x28, 0x77, 0x68, 0x69, 0x6c, 0x65, 0x20, 0x28,
	0x63, 0x64, 0x72, 0x20, 0x72, 0x75, 0x6e, 0x73, 0x29, 0x0a, 0x20, 0x20,
	0x20, 0x20, 0x20, 0x20, 0x20, 0x28, 0x73, 0x65, 0x74, 0x71, 0x20, 0x72,
	0x75, 0x6e, 0x73, 0x20, 0x28, 0x69, 0x6e, 0x74, 0x65, 0x72, 0x6e, 0x61,
	0x6c, 0x2d, 0x2d, 0x6d, 0x65, 0x72, 0x67, 0x65, 0x2d, 0x70, 0x61, 0x69,
	0x72, 0x73, 0x20, 0x72, 0x75, 0x6e, 0x73, 0x20, 0x70, 0x72, 0x65, 0x64,
	0x69, 0x63, 0x61, 0x74, 0x65, 0x29, 0x29, 0x29, 0x0a, 0x20, 0x20, 0x20,
	0x20, 0x20, 0x28, 0x6c, 0x65, 0x74, 0x20, 0x28, 0x28, 0x76, 0x61, 0x6c,
	0x75, 0x65, 0x73, 0x20, 0x28, 0x63, 0x61, 0x72, 0x20, 0x72, 0x75, 0x6e,
	0x73, 0x29, 0x29, 0x20, 0x28, 0x63, 0x65, 0x6c, 0x6c, 0x20, 0x73, 0x65,
	0x71, 0x75, 0x65, 0x6e, 0x63, 0x65, 0x29, 0x29, 0x0a, 0x20, 0x20, 0x20,
	0x20, 0x20, 0x20, 0x20, 0x28, 0x77, 0x68, 0x69, 0x6c, 0x65, 0x20, 0x63,
	0x65, 0x6c, 0x6c, 0x0a, 0x20, 0x20, 0x20, 0x20, 0x20, 0x20, 0x20, 0x20,
	0x20, 0x28, 0x73, 0x65, 0x74, 0x63, 0x61, 0x72, 0x20, 0x63, 0x65, 0x6c,
	0x6c, 0x20, 0x28, 0x63, 0x61, 0x72, 0x20, 0x76, 0x61, 0x6c, 0x75, 0x65,
	0x73, 0x29, 0x29, 0x0a, 0x20, 0x20, 0x20, 0x20, 0x20, 0x20, 0x20, 0x20,
	0x20, 0x28, 0x73, 0x65, 0x74, 0x71, 0x20, 0x76, 0x61, 0x6c, 0x75, 0x65,
	0x73, 0x20, 0x28, 0x63, 0x64, 0x72, 0x20, 0x76, 0x61, 0x6c, 0x75, 0x65,
	0x73, 0x29, 0x29, 0x0a, 0x20, 0x20, 0x20, 0x20, 0x20, 0x20, 0x20, 0x20,
	0x20, 0x28, 0x73, 0x65, 0x74, 0x71, 0x20, 0x63, 0x65, 0x6c, 0x6c, 0x20,
	0x28, 0x63, 0x64, 0x72, 0x20, 0x63, 0x65, 0x6c, 0x6c, 0x29, 0x29, 0x29,
	0x29, 0x0a, 0x20, 0x20, 0x20, 0x20, 0x20, 0x73, 0x65, 0x71, 0x75, 0x65,
	0x6e, 0x63, 0x65, 0x29, 0x0a, 0x20, 0x20, 0x20, 0x28, 0x6d, 0x61, 0x70,
	0x63, 0x61, 0x72, 0x20, 0x27, 0x6c, 0x69, 0x73, 0x74, 0x20, 0x73, 0x65,
	0x71, 0x75, 0x65, 0x6e, 0x63, 0x65, 0x29, 0x29, 0x29, 0x29, 0x0a, 0x0a,
	0x3b, 0x3b, 0x20, 0x2d, 0x2d, 0x2d, 0x20, 0x74, 0x68, 0x65, 0x20, 0x73,
	0x65, 0x71, 0x2d, 0x20, 0x73, 0x68, 0x69, 0x6d, 0x20, 0x2d, 0x2d, 0x2d,
	0x0a, 0x3b, 0x3b, 0x20, 0x4c, 0x69, 0x73, 0x74, 0x73, 0x20, 0x6f, 0x6e,
	0x6c, 0x79, 0x3a, 0x20, 0x45, 0x6d, 0x61, 0x63, 0x73, 0x27, 0x20, 0x73,
	0x65, 0x71, 0x2d, 0x20, 0x66, 0x75, 0x6e, 0x63, 0x74, 0x69, 0x6f, 0x6e,
	0x73, 0x20, 0x61, 0x72, 0x65, 0x20, 0x67, 0x65, 0x6e, 0x65, 0x72, 0x69,
	0x63, 0x20, 0x6f, 0x76, 0x65, 0x72, 0x20, 0x65, 0x76, 0x65, 0x72, 0x79,
	0x20, 0x73, 0x65, 0x71, 0x75, 0x65, 0x6e, 0x63, 0x65, 0x20, 0x74, 0x79,
	0x70, 0x65, 0x0a, 0x3b, 0x3b, 0x20, 0x74, 0x68, 0x72, 0x6f, 0x75, 0x67,
	0x68, 0x20, 0x63, 0x6c, 0x2d, 0x67, 0x65, 0x6e, 0x65, 0x72, 0x69, 0x63,
	0x2c, 0x20, 0x61, 0x6e, 0x64, 0x20, 0x6b, 0x67, 0x20, 0x68, 0x61, 0x73,
	0x20, 0x6c, 0x69, 0x73, 0x74, 0x73, 0x20, 0x61, 0x6e, 0x64, 0x20, 0x73,
	0x74, 0x72, 0x69, 0x6e, 0x67, 0x73, 0x20, 0x61, 0x6e, 0x64, 0x20, 0x6e,
	0x6f, 0x20, 0x64, 0x69, 0x73, 0x70, 0x61, 0x74, 0x63, 0x68, 0x2e, 0x0a,
	0x28, 0x64, 0x65, 0x66, 0x61, 0x6c, 0x69, 0x61, 0x73, 0x20, 0x27, 0x73,
	0x65, 0x71, 0x2d, 0x6d, 0x61, 0x70, 0x20, 0x28, 0x6c, 0x61, 0x6d, 0x62,
	0x64, 0x61, 0x20, 0x28, 0x66, 0x75, 0x6e, 0x63, 0x74, 0x69, 0x6f, 0x6e,
	0x20, 0x73, 0x65, 0x71, 0x75, 0x65, 0x6e, 0x63, 0x65, 0x29, 0x20, 0x28,
	0x6d, 0x61, 0x70, 0x63, 0x61, 0x72, 0x20, 0x66, 0x75, 0x6e, 0x63, 0x74,
	0x69, 0x6f, 0x6e, 0x20, 0x73, 0x65, 0x71, 0x75, 0x65, 0x6e, 0x63, 0x65,
	0x29, 0x29, 0x29, 0x0a, 0x28, 0x64, 0x65, 0x66, 0x61, 0x6c, 0x69, 0x61,
	0x73, 0x20, 0x27, 0x73, 0x65, 0x71, 0x2d, 0x66, 0x69, 0x6c, 0x74, 0x65,
	0x72, 0x20, 0x28, 0x6c, 0x61, 0x6d, 0x62, 0x64, 0x61, 0x20, 0x28, 0x70,
	0x72, 0x65, 0x64, 0x69, 0x63, 0x61, 0x74, 0x65, 0x20, 0x73, 0x65, 0x71,
	0x75, 0x65, 0x6e, 0x63, 0x65, 0x29, 0x0a, 0x20, 0x20, 0x28, 0x28, 0x6c,
	0x61, 0x6d, 0x62, 0x64, 0x61, 0x20, 0x28, 0x6f, 0x75, 0x74, 0x29, 0x0a,
	0x20, 0x20, 0x20, 0x20, 0x20, 0x28, 0x77, 0x68, 0x69, 0x6c, 0x65, 0x20,
	0x73, 0x65, 0x71, 0x75, 0x65, 0x6e, 0x63, 0x65, 0x0a, 0x20, 0x20, 0x20,
	0x20, 0x20, 0x20, 0x20, 0x28, 0x69, 0x66, 0x20, 0x28, 0x66, 0x75, 0x6e,
	0x63, 0x61, 0x6c, 0x6c, 0x20, 0x70, 0x72, 0x65, 0x64, 0x69, 0x63, 0x61,
	0x74, 0x65, 0x20, 0x28, 0x63, 0x61, 0x72, 0x20, 0x73, 0x65, 0x71, 0x75,
	0x65, 0x6e, 0x63, 0x65, 0x29, 0x29, 0x0a, 0x20, 0x20, 0x20, 0x20, 0x20,
	0x20, 0x20, 0x20, 0x20, 0x20, 0x20, 0x28, 0x73, 0x65, 0x74, 0x71, 0x20,
	0x6f, 0x75, 0x74, 0x20, 0x28, 0x63, 0x6f, 0x6e, 0x73, 0x20, 0x28, 0x63,
	0x61, 0x72, 0x20, 0x73, 0x65, 0x71, 0x75, 0x65, 0x6e, 0x63, 0x65, 0x29,
	0x20, 0x6f, 0x75, 0x74, 0x29, 0x29, 0x29, 0x0a, 0x20, 0x20, 0x20, 0x20,
	0x20, 0x20, 0x20, 0x28, 0x73, 0x65, 0x74, 0x71, 0x20, 0x73, 0x65, 0x71,
	0x75, 0x65, 0x6e, 0x63, 0x65, 0x20, 0x28, 0x63, 0x64, 0x72, 0x20, 0x73,
	0x65, 0x71, 0x75, 0x65, 0x6e, 0x63, 0x65, 0x29, 0x29, 0x29, 0x0a, 0x20,
	0x20, 0x20, 0x20, 0x20, 0x28, 0x72, 0x65, 0x76, 0x65, 0x72, 0x73, 0x65,
	0x20, 0x6f, 0x75, 0x74, 0x29, 0x29, 0x0a, 0x20, 0x20, 0x20, 0x6e, 0x69,
	0x6c, 0x29, 0x29, 0x29, 0x0a, 0x28, 0x64, 0x65, 0x66, 0x61, 0x6c, 0x69,
	0x61, 0x73, 0x20, 0x27, 0x73, 0x65, 0x71, 0x2d, 0x72, 0x65, 0x6d, 0x6f,
	0x76, 0x65, 0x20, 0x28, 0x6c, 0x61, 0x6d, 0x62, 0x64, 0x61, 0x20, 0x28,
	0x70, 0x72, 0x65, 0x64, 0x69, 0x63, 0x61, 0x74, 0x65, 0x20, 0x73, 0x65,
	0x71, 0x75, 0x65, 0x6e, 0x63, 0x65, 0x29, 0x0a, 0x20, 0x20, 0x28, 0x73,
	0x65, 0x71, 0x2d, 0x66, 0x69, 0x6c, 0x74, 0x65, 0x72, 0x20, 0x28, 0x6c,
	0x61, 0x6d, 0x62, 0x64, 0x61, 0x20, 0x28, 0x78, 0x29, 0x20, 0x28, 0x6e,
	0x6f, 0x74, 0x20, 0x28, 0x66, 0x75, 0x6e, 0x63, 0x61, 0x6c, 0x6c, 0x20,
	0x70, 0x72, 0x65, 0x64, 0x69, 0x63, 0x61, 0x74, 0x65, 0x20, 0x78, 0x29,
	0x29, 0x29, 0x20, 0x73, 0x65, 0x71, 0x75, 0x65, 0x6e, 0x63, 0x65, 0x29,
	0x29, 0x29, 0x0a, 0x28, 0x64, 0x65, 0x66, 0x61, 0x6c, 0x69, 0x61, 0x73,
	0x20, 0x27, 0x73, 0x65, 0x71, 0x2d, 0x66, 0x69, 0x6e, 0x64, 0x20, 0x28,
	0x6c, 0x61, 0x6d, 0x62, 0x64, 0x61, 0x20, 0x28, 0x70, 0x72, 0x65, 0x64,
	0x69, 0x63, 0x61, 0x74, 0x65, 0x20, 0x73, 0x65, 0x71, 0x75, 0x65, 0x6e,
	0x63, 0x65, 0x20, 0x26, 0x6f, 0x70, 0x74, 0x69, 0x6f, 0x6e, 0x61, 0x6c,
	0x20, 0x64, 0x65, 0x66, 0x61, 0x75, 0x6c, 0x74, 0x29, 0x0a, 0x20, 0x20,
	0x28, 0x28, 0x6c, 0x61, 0x6d, 0x62, 0x64, 0x61, 0x20, 0x28, 0x68, 0x69,
	0x74, 0x20, 0x66, 0x6f, 0x75, 0x6e, 0x64, 0x29, 0x0a, 0x20, 0x20, 0x20,
	0x20, 0x20, 0x28, 0x77, 0x68, 0x69, 0x6c, 0x65, 0x20, 0x28, 0x61, 0x6e,
	0x64, 0x20, 0x73, 0x65, 0x71, 0x75, 0x65, 0x6e, 0x63, 0x65, 0x20, 0x28,
	0x6e, 0x6f, 0x74, 0x20, 0x66, 0x6f, 0x75, 0x6e, 0x64, 0x29, 0x29, 0x0a,
	0x20, 0x20, 0x20, 0x20, 0x20, 0x20, 0x20, 0x28, 0x69, 0x66, 0x20, 0x28,
	0x66, 0x75, 0x6e, 0x63, 0x61, 0x6c, 0x6c, 0x20, 0x70, 0x72, 0x65, 0x64,
	0x69, 0x63, 0x61, 0x74, 0x65, 0x20, 0x28, 0x63, 0x61, 0x72, 0x20, 0x73,
	0x65, 0x71, 0x75, 0x65, 0x6e, 0x63, 0x65, 0x29, 0x29, 0x0a, 0x20, 0x20,
	0x20, 0x20, 0x20, 0x20, 0x20, 0x20, 0x20, 0x20, 0x20, 0x28, 0x70, 0x72,
	0x6f, 0x67, 0x6e, 0x20, 0x28, 0x73, 0x65, 0x74, 0x71, 0x20, 0x68, 0x69,
	0x74, 0x20, 0x28, 0x63, 0x61, 0x72, 0x20, 0x73, 0x65, 0x71, 0x75, 0x65,
	0x6e, 0x63, 0x65, 0x29, 0x29, 0x20, 0x28, 0x73, 0x65, 0x74, 0x71, 0x20,
	0x66, 0x6f, 0x75, 0x6e, 0x64, 0x20, 0x74, 0x29, 0x29, 0x29, 0x0a, 0x20,
	0x20, 0x20, 0x20, 0x20, 0x20, 0x20, 0x28, 0x73, 0x65, 0x74, 0x71, 0x20,
	0x73, 0x65, 0x71, 0x75, 0x65, 0x6e, 0x63, 0x65, 0x20, 0x28, 0x63, 0x64,
	0x72, 0x20, 0x73, 0x65, 0x71, 0x75, 0x65, 0x6e, 0x63, 0x65, 0x29, 0x29,
	0x29, 0x0a, 0x20, 0x20, 0x20, 0x20, 0x20, 0x28, 0x69, 0x66, 0x20, 0x66,
	0x6f, 0x75, 0x6e, 0x64, 0x20, 0x68, 0x69, 0x74, 0x20, 0x64, 0x65, 0x66,
	0x61, 0x75, 0x6c, 0x74, 0x29, 0x29, 0x0a, 0x20, 0x20, 0x20, 0x6e, 0x69,
	0x6c, 0x20, 0x6e, 0x69, 0x6c, 0x29, 0x29, 0x29, 0x0a, 0x28, 0x64, 0x65,
	0x66, 0x61, 0x6c, 0x69, 0x61, 0x73, 0x20, 0x27, 0x73, 0x65, 0x71, 0x2d,
	0x73, 0x6f, 0x6d, 0x65, 0x20, 0x28, 0x6c, 0x61, 0x6d, 0x62, 0x64, 0x61,
	0x20, 0x28, 0x70, 0x72, 0x65, 0x64, 0x69, 0x63, 0x61, 0x74, 0x65, 0x20,
	0x73, 0x65, 0x71, 0x75, 0x65, 0x6e, 0x63, 0x65, 0x29, 0x0a, 0x20, 0x20,
	0x28, 0x28, 0x6c, 0x61, 0x6d, 0x62, 0x64, 0x61, 0x20, 0x28, 0x68, 0x69,
	0x74, 0x29, 0x0a, 0x20, 0x20, 0x20, 0x20, 0x20, 0x28, 0x77, 0x68, 0x69,
	0x6c, 0x65, 0x20, 0x28, 0x61, 0x6e, 0x64, 0x20, 0x73, 0x65, 0x71, 0x75,
	0x65, 0x6e, 0x63, 0x65, 0x20, 0x28, 0x6e, 0x75, 0x6c, 0x6c, 0x20, 0x68,
	0x69, 0x74, 0x29, 0x29, 0x0a, 0x20, 0x20, 0x20, 0x20, 0x20, 0x20, 0x20,
	0x28, 0x73, 0x65, 0x74, 0x71, 0x20, 0x68, 0x69, 0x74, 0x20, 0x28, 0x66,
	0x75, 0x6e, 0x63, 0x61, 0x6c, 0x6c, 0x20, 0x70, 0x72, 0x65, 0x64, 0x69,
	0x63, 0x61, 0x74, 0x65, 0x20, 0x28, 0x63, 0x61, 0x72, 0x20, 0x73, 0x65,
	0x71, 0x75, 0x65, 0x6e, 0x63, 0x65, 0x29, 0x29, 0x29, 0x0a, 0x20, 0x20,
	0x20, 0x20, 0x20, 0x20, 0x20, 0x28, 0x73, 0x65, 0x74, 0x71, 0x20, 0x73,
	0x65, 0x71, 0x75, 0x65, 0x6e, 0x63, 0x65, 0x20, 0x28, 0x63, 0x64, 0x72,
	0x20, 0x73, 0x65, 0x71, 0x75, 0x65, 0x6e, 0x63, 0x65, 0x29, 0x29, 0x29,
	0x0a, 0x20, 0x20, 0x20, 0x20, 0x20, 0x68, 0x69, 0x74, 0x29, 0x0a, 0x20,
	0x20, 0x20, 0x6e, 0x69, 0x6c, 0x29, 0x29, 0x29, 0x0a, 0x28, 0x64, 0x65,
	0x66, 0x61, 0x6c, 0x69, 0x61, 0x73, 0x20, 0x27, 0x73, 0x65, 0x71, 0x2d,
	0x74, 0x61, 0x6b, 0x65, 0x20, 0x28, 0x6c, 0x61, 0x6d, 0x62, 0x64, 0x61,
	0x20, 0x28, 0x73, 0x65, 0x71, 0x75, 0x65, 0x6e, 0x63, 0x65, 0x20, 0x6e,
	0x29, 0x0a, 0x20, 0x20, 0x28, 0x6c, 0x65, 0x74, 0x20, 0x28, 0x28, 0x6f,
	0x75, 0x74, 0x20, 0x6e, 0x69, 0x6c, 0x29, 0x29, 0x0a, 0x20, 0x20, 0x20,
	0x20, 0x28, 0x77, 0x68, 0x69, 0x6c, 0x65, 0x20, 0x28, 0x61, 0x6e, 0x64,
	0x20, 0x73, 0x65, 0x71, 0x75, 0x65, 0x6e, 0x63, 0x65, 0x20, 0x28, 0x3c,
	0x20, 0x30, 0x20, 0x6e, 0x29, 0x29, 0x0a, 0x20, 0x20, 0x20, 0x20, 0x20,
	0x20, 0x28, 0x73, 0x65, 0x74, 0x71, 0x20, 0x6f, 0x75, 0x74, 0x20, 0x28,
	0x63, 0x6f, 0x6e, 0x73, 0x20, 0x28, 0x63, 0x61, 0x72, 0x20, 0x73, 0x65,
	0x71, 0x75, 0x65, 0x6e, 0x63, 0x65, 0x29, 0x20, 0x6f, 0x75, 0x74, 0x29,
	0x29, 0x0a, 0x20, 0x20, 0x20, 0x20, 0x20, 0x20, 0x28, 0x73, 0x65, 0x74,
	0x71, 0x20, 0x73, 0x65, 0x71, 0x75, 0x65, 0x6e, 0x63, 0x65, 0x20, 0x28,
	0x63, 0x64, 0x72, 0x20, 0x73, 0x65, 0x71, 0x75, 0x65, 0x6e, 0x63, 0x65,
	0x29, 0x29, 0x0a, 0x20, 0x20, 0x20, 0x20, 0x20, 0x20, 0x28, 0x73, 0x65,
	0x74, 0x71, 0x20, 0x6e, 0x20, 0x28, 0x2d, 0x20, 0x6e, 0x20, 0x31, 0x29,
	0x29, 0x29, 0x0a, 0x20, 0x20, 0x20, 0x20, 0x28, 0x72, 0x65, 0x76, 0x65,
	0x72, 0x73, 0x65, 0x20, 0x6f, 0x75, 0x74, 0x29, 0x29, 0x29, 0x29, 0x0a,
	0x0a, 0x3b, 0x3b, 0x20, 0x2d, 0x2d, 0x2d, 0x20, 0x61, 0x72, 0x69, 0x74,
	0x68, 0x6d, 0x65, 0x74, 0x69, 0x63, 0x20, 0x2d, 0x2d, 0x2d, 0x0a, 0x3b,
	0x3b, 0x20, 0x28, 0x2b, 0x20, 0x6e, 0x75, 0x6d, 0x62, 0x65, 0x72, 0x20,
	0x30, 0x29, 0x20, 0x72, 0x61, 0x74, 0x68, 0x65, 0x72, 0x20, 0x74, 0x68,
	0x61, 0x6e, 0x20, 0x60, 0x6e, 0x75, 0x6d, 0x62, 0x65, 0x72, 0x27, 0x20,
	0x6f, 0x6e, 0x20, 0x74, 0x68, 0x65, 0x20, 0x6e, 0x6f, 0x6e, 0x2d, 0x6e,
	0x65, 0x67, 0x61, 0x74, 0x69, 0x76, 0x65, 0x20, 0x61, 0x72, 0x6d, 0x20,
	0x73, 0x6f, 0x20, 0x74, 0x68, 0x61, 0x74, 0x0a, 0x3b, 0x3b, 0x20, 0x28,
	0x61, 0x62, 0x73, 0x20, 0x2d, 0x30, 0x2e, 0x30, 0x29, 0x20, 0x69, 0x73,
	0x20, 0x30, 0x2e, 0x30, 0x2c, 0x20, 0x61, 0x73, 0x20, 0x69, 0x74, 0x20,
	0x69, 0x73, 0x20, 0x69, 0x6e, 0x20, 0x45, 0x6d, 0x61, 0x63, 0x73, 0x3a,
	0x20, 0x2d, 0x30, 0x2e, 0x30, 0x20, 0x69, 0x73, 0x20, 0x6e, 0x6f, 0x74,
	0x20, 0x6c, 0x65, 0x73, 0x73, 0x20, 0x74, 0x68, 0x61, 0x6e, 0x20, 0x30,
	0x2c, 0x20, 0x61, 0x6e, 0x64, 0x0a, 0x3b, 0x3b, 0x20, 0x61, 0x64, 0x64,
	0x69, 0x6e, 0x67, 0x20, 0x7a, 0x65, 0x72, 0x6f, 0x20, 0x74, 0x6f, 0x20,
	0x69, 0x74, 0x20, 0x69, 0x73, 0x20, 0x74, 0x68, 0x65, 0x20, 0x6f, 0x6e,
	0x65, 0x20, 0x6f, 0x70, 0x65, 0x72, 0x61, 0x74, 0x69, 0x6f, 0x6e, 0x20,
	0x74, 0x68, 0x61, 0x74, 0x20, 0x6e, 0x6f, 0x72, 0x6d, 0x61, 0x6c, 0x69,
	0x73, 0x65, 0x73, 0x20, 0x74, 0x68, 0x65, 0x20, 0x73, 0x69, 0x67, 0x6e,
	0x2e, 0x0a, 0x28, 0x64, 0x65, 0x66, 0x61, 0x6c, 0x69, 0x61, 0x73, 0x20,
	0x27, 0x61, 0x62, 0x73, 0x20, 0x28, 0x6c, 0x61, 0x6d, 0x62, 0x64, 0x61,
	0x20, 0x28, 0x6e, 0x75, 0x6d, 0x62, 0x65, 0x72, 0x29, 0x0a, 0x20, 0x20,
	0x28, 0x69, 0x66, 0x20, 0x28, 0x6e, 0x75, 0x6d, 0x62, 0x65, 0x72, 0x70,
	0x20, 0x6e, 0x75, 0x6d, 0x62, 0x65, 0x72, 0x29, 0x0a, 0x20, 0x20, 0x20,
	0x20, 0x20, 0x20, 0x28, 0x69, 0x66, 0x20, 0x28, 0x3c, 0x20, 0x6e, 0x75,
	0x6d, 0x62, 0x65, 0x72, 0x20, 0x30, 0x29, 0x20, 0x28, 0x2d, 0x20, 0x6e,
	0x75, 0x6d, 0x62, 0x65, 0x72, 0x29, 0x20, 0x28, 0x2b, 0x20, 0x6e, 0x75,
	0x6d, 0x62, 0x65, 0x72, 0x20, 0x30, 0x29, 0x29, 0x0a, 0x20, 0x20, 0x20,
	0x20, 0x28, 0x73, 0x69, 0x67, 0x6e, 0x61, 0x6c, 0x20, 0x27, 0x77, 0x72,
	0x6f, 0x6e, 0x67, 0x2d, 0x74, 0x79, 0x70, 0x65, 0x2d, 0x61, 0x72, 0x67,
	0x75, 0x6d, 0x65, 0x6e, 0x74, 0x20, 0x28, 0x6c, 0x69, 0x73, 0x74, 0x20,
	0x27, 0x6e, 0x75, 0x6d, 0x62, 0x65, 0x72, 0x70, 0x20, 0x6e, 0x75, 0x6d,
	0x62, 0x65, 0x72, 0x29, 0x29, 0x29, 0x29, 0x29, 0x0a, 0x3b, 0x3b, 0x20,
	0x28, 0x25, 0x20, 0x58, 0x20, 0x59, 0x29, 0x20, 0x69, 0x73, 0x20, 0x74,
	0x68, 0x65, 0x20, 0x72, 0x65, 0x6d, 0x61, 0x69, 0x6e, 0x64, 0x65, 0x72,
	0x2c, 0x20, 0x74, 0x61, 0x6b, 0x69, 0x6e, 0x67, 0x20, 0x58, 0x27, 0x73,
	0x20, 0x73, 0x69, 0x67, 0x6e, 0x3b, 0x20, 0x28, 0x6d, 0x6f, 0x64, 0x20,
	0x58, 0x20, 0x59, 0x29, 0x20, 0x74, 0x68, 0x65, 0x20, 0x6d, 0x6f, 0x64,
	0x75, 0x6c, 0x75, 0x73, 0x2c, 0x0a, 0x3b, 0x3b, 0x20, 0x74, 0x61, 0x6b,
	0x69, 0x6e, 0x67, 0x20, 0x59, 0x27, 0x73, 0x2e, 0x20, 0x20, 0x66, 0x65,
	0x27, 0x73, 0x20, 0x74, 0x77, 0x6f, 0x2d, 0x61, 0x72, 0x67, 0x75, 0x6d,
	0x65, 0x6e, 0x74, 0x20, 0x60, 0x74, 0x72, 0x75, 0x6e, 0x63, 0x61, 0x74,
	0x65, 0x27, 0x20, 0x61, 0x6e, 0x64, 0x20, 0x60, 0x66, 0x6c, 0x6f, 0x6f,
	0x72, 0x27, 0x20, 0x61, 0x72, 0x65, 0x20, 0x65, 0x78, 0x61, 0x63, 0x74,
	0x6c, 0x79, 0x20, 0x74, 0x68, 0x65, 0x0a, 0x3b, 0x3b, 0x20, 0x74, 0x77,
	0x6f, 0x20, 0x72, 0x6f, 0x75, 0x6e, 0x64, 0x69, 0x6e, 0x67, 0x73, 0x20,
	0x74, 0x68, 0x61, 0x74, 0x20, 0x64, 0x69, 0x66, 0x66, 0x65, 0x72, 0x65,
	0x6e, 0x63, 0x65, 0x20, 0x69, 0x73, 0x20, 0x6d, 0x61, 0x64, 0x65, 0x20,
	0x6f, 0x66, 0x2c, 0x20, 0x73, 0x6f, 0x20, 0x6e, 0x65, 0x69, 0x74, 0x68,
	0x65, 0x72, 0x20, 0x6e, 0x65, 0x65, 0x64, 0x73, 0x20, 0x61, 0x20, 0x62,
	0x69, 0x74, 0x20, 0x6f, 0x66, 0x0a, 0x3b, 0x3b, 0x20, 0x61, 0x72, 0x69,
	0x74, 0x68, 0x6d, 0x65, 0x74, 0x69, 0x63, 0x20, 0x6f, 0x66, 0x20, 0x69,
	0x74, 0x73, 0x20, 0x6f, 0x77, 0x6e, 0x2e, 0x20, 0x20, 0x60, 0x25, 0x27,
	0x20, 0x69, 0x73, 0x20, 0x69, 0x6e, 0x74, 0x65, 0x67, 0x65, 0x72, 0x73,
	0x2d, 0x6f, 0x6e, 0x6c, 0x79, 0x2c, 0x20, 0x61, 0x73, 0x20, 0x69, 0x6e,
	0x20, 0x45, 0x6d, 0x61, 0x63, 0x73, 0x3b, 0x20, 0x60, 0x6d, 0x6f, 0x64,
	0x27, 0x0a, 0x3b, 0x3b, 0x20, 0x61, 0x63, 0x63, 0x65, 0x70, 0x74, 0x73,
	0x20, 0x66, 0x6c, 0x6f, 0x61, 0x74, 0x73, 0x2e, 0x0a, 0x28, 0x64, 0x65,
	0x66, 0x61, 0x6c, 0x69, 0x61, 0x73, 0x20, 0x27, 0x25, 0x20, 0x28, 0x6c,
	0x61, 0x6d, 0x62, 0x64, 0x61, 0x20, 0x28, 0x78, 0x20, 0x79, 0x29, 0x0a,
	0x20, 0x20, 0x28, 0x69, 0x66, 0x20, 0x28, 0x61, 0x6e, 0x64, 0x20, 0x28,
	0x69, 0x6e, 0x74, 0x65, 0x67, 0x65, 0x72, 0x70, 0x20, 0x78, 0x29, 0x20,
	0x28, 0x69, 0x6e, 0x74, 0x65, 0x67, 0x65, 0x72, 0x70, 0x20, 0x79, 0x29,
	0x29, 0x0a, 0x20, 0x20, 0x20, 0x20, 0x20, 0x20, 0x28, 0x2d, 0x20, 0x78,
	0x20, 0x28, 0x2a, 0x20, 0x79, 0x20, 0x28, 0x74, 0x72, 0x75, 0x6e, 0x63,
	0x61, 0x74, 0x65, 0x20, 0x78, 0x20, 0x79, 0x29, 0x29, 0x29, 0x0a, 0x20,
	0x20, 0x20, 0x20, 0x28, 0x73, 0x69, 0x67, 0x6e, 0x61, 0x6c, 0x20, 0x27,
	0x77, 0x72, 0x6f, 0x6e, 0x67, 0x2d, 0x74, 0x79, 0x70, 0x65, 0x2d, 0x61,
	0x72, 0x67, 0x75, 0x6d, 0x65, 0x6e, 0x74, 0x0a, 0x20, 0x20, 0x20, 0x20,
	0x20, 0x20, 0x28, 0x6c, 0x69, 0x73, 0x74, 0x20, 0x27, 0x69, 0x6e, 0x74,
	0x65, 0x67, 0x65, 0x72, 0x2d, 0x6f, 0x72, 0x2d, 0x6d, 0x61, 0x72, 0x6b,
	0x65, 0x72, 0x2d, 0x70, 0x20, 0x28, 0x69, 0x66, 0x20, 0x28, 0x69, 0x6e,
	0x74, 0x65, 0x67, 0x65, 0x72, 0x70, 0x20, 0x78, 0x29, 0x20, 0x79, 0x20,
	0x78, 0x29, 0x29, 0x29, 0x29, 0x29, 0x29, 0x0a, 0x28, 0x64, 0x65, 0x66,
	0x61, 0x6c, 0x69, 0x61, 0x73, 0x20, 0x27, 0x6d, 0x6f, 0x64, 0x20, 0x28,
	0x6c, 0x61, 0x6d, 0x62, 0x64, 0x61, 0x20, 0x28, 0x78, 0x20, 0x79, 0x29,
	0x20, 0x28, 0x2d, 0x20, 0x78, 0x20, 0x28, 0x2a, 0x20, 0x79, 0x20, 0x28,
	0x66, 0x6c, 0x6f, 0x6f, 0x72, 0x20, 0x78, 0x20, 0x79, 0x29, 0x29, 0x29,
	0x29, 0x29, 0x0a, 0x3b, 0x3b, 0x20, 0x41, 0x6e, 0x20, 0x61, 0x72, 0x69,
	0x74, 0x68, 0x6d, 0x65, 0x74, 0x69, 0x63, 0x20, 0x73, 0x68, 0x69, 0x66,
	0x74, 0x3a, 0x20, 0x72, 0x69, 0x67, 0x68, 0x74, 0x20, 0x62, 0x79, 0x20,
	0x4e, 0x20, 0x69, 0x73, 0x20, 0x66, 0x6c, 0x6f, 0x6f, 0x72, 0x20, 0x64,
	0x69, 0x76, 0x69, 0x73, 0x69, 0x6f, 0x6e, 0x20, 0x62, 0x79, 0x20, 0x32,
	0x5e, 0x4e, 0x2c, 0x20, 0x73, 0x6f, 0x0a, 0x3b, 0x3b, 0x20, 0x28, 0x61,
	0x73, 0x68, 0x20, 0x2d, 0x31, 0x36, 0x20, 0x2d, 0x32, 0x29, 0x20, 0x69,
	0x73, 0x20, 0x2d, 0x34, 0x20, 0x61, 0x6e, 0x64, 0x20, 0x6e, 0x6f, 0x74,
	0x20, 0x2d, 0x33, 0x2e, 0x20, 0x20, 0x41, 0x20, 0x6c, 0x65, 0x66, 0x74,
	0x20, 0x73, 0x68, 0x69, 0x66, 0x74, 0x20, 0x6d, 0x75, 0x6c, 0x74, 0x69,
	0x70, 0x6c, 0x69, 0x65, 0x73, 0x2c, 0x20, 0x61, 0x6e, 0x64, 0x20, 0x61,
	0x20, 0x70, 0x72, 0x6f, 0x64, 0x75, 0x63, 0x74, 0x0a, 0x3b, 0x3b, 0x20,
	0x70, 0x61, 0x73, 0x74, 0x20, 0x69, 0x6e, 0x74, 0x36, 0x34, 0x20, 0x72,
	0x61, 0x69, 0x73, 0x65, 0x73, 0x20, 0x66, 0x65, 0x27, 0x73, 0x20, 0x61,
	0x72, 0x69, 0x74, 0x68, 0x2d, 0x65, 0x72, 0x72, 0x6f, 0x72, 0x20, 0x77,
	0x68, 0x65, 0x72, 0x65, 0x20, 0x45, 0x6d, 0x61, 0x63, 0x73, 0x20, 0x77,
	0x6f, 0x75, 0x6c, 0x64, 0x20, 0x77, 0x69, 0x64, 0x65, 0x6e, 0x20, 0x74,
	0x6f, 0x20, 0x61, 0x20, 0x62, 0x69, 0x67, 0x6e, 0x75, 0x6d, 0x0a, 0x3b,
	0x3b, 0x20, 0x2d, 0x2d, 0x20, 0x6b, 0x67, 0x27, 0x73, 0x20, 0x73, 0x74,
	0x61, 0x6e, 0x64, 0x69, 0x6e, 0x67, 0x20, 0x6e, 0x6f, 0x2d, 0x62, 0x69,
	0x67, 0x6e, 0x75, 0x6d, 0x20, 0x64, 0x69, 0x76, 0x65, 0x72, 0x67, 0x65,
	0x6e, 0x63, 0x65, 0x2c, 0x20, 0x6e, 0x6f, 0x74, 0x20, 0x61, 0x20, 0x6e,
	0x65, 0x77, 0x20, 0x6f, 0x6e, 0x65, 0x2e, 0x20, 0x20, 0x60, 0x6c, 0x6f,
	0x67, 0x61, 0x6e, 0x64, 0x27, 0x2c, 0x0a, 0x3b, 0x3b, 0x20, 0x60, 0x6c,
	0x6f, 0x67, 0x69, 0x6f, 0x72, 0x27, 0x20, 0x61, 0x6e, 0x64, 0x20, 0x60,
	0x6c, 0x6f, 0x67, 0x78, 0x6f, 0x72, 0x27, 0x20, 0x61, 0x72, 0x65, 0x20,
	0x64, 0x65, 0x6c, 0x69, 0x62, 0x65, 0x72, 0x61, 0x74, 0x65, 0x6c, 0x79,
	0x20, 0x61, 0x62, 0x73, 0x65, 0x6e, 0x74, 0x3b, 0x20, 0x73, 0x65, 0x65,
	0x20, 0x64, 0x6f, 0x63, 0x2f, 0x6c, 0x69, 0x73, 0x70, 0x2d, 0x61, 0x70,
	0x69, 0x2e, 0x6d, 0x64, 0x2e, 0x0a, 0x28, 0x64, 0x65, 0x66, 0x61, 0x6c,
	0x69, 0x61, 0x73, 0x20, 0x27, 0x61, 0x73, 0x68, 0x20, 0x28, 0x6c, 0x61,
	0x6d, 0x62, 0x64, 0x61, 0x20, 0x28, 0x76, 0x61, 0x6c, 0x75, 0x65, 0x20,
	0x63, 0x6f, 0x75, 0x6e, 0x74, 0x29, 0x0a, 0x20, 0x20, 0x28, 0x69, 0x66,
	0x20, 0x28, 0x3c, 0x20, 0x63, 0x6f, 0x75, 0x6e, 0x74, 0x20, 0x30, 0x29,
	0x0a, 0x20, 0x20, 0x20, 0x20, 0x20, 0x20, 0x28, 0x66, 0x6c, 0x6f, 0x6f,
	0x72, 0x20, 0x76, 0x61, 0x6c, 0x75, 0x65, 0x20, 0x28, 0x65, 0x78, 0x70,
	0x74, 0x20, 0x32, 0x20, 0x28, 0x2d, 0x20, 0x63, 0x6f, 0x75, 0x6e, 0x74,
	0x29, 0x29, 0x29, 0x0a, 0x20, 0x20, 0x20, 0x20, 0x28, 0x2a, 0x20, 0x76,
	0x61, 0x6c, 0x75, 0x65, 0x20, 0x28, 0x65, 0x78, 0x70, 0x74, 0x20, 0x32,
	0x20, 0x63, 0x6f, 0x75, 0x6e, 0x74, 0x29, 0x29, 0x29, 0x29, 0x29, 0x0a,
	0x0a, 0x3b, 0x3b, 0x20, 0x2d, 0x2d, 0x2d, 0x20, 0x6c, 0x61, 0x7a, 0x79,
	0x20, 0x6c, 0x6f, 0x61, 0x64, 0x69, 0x6e, 0x67, 0x3a, 0x20, 0x74, 0x68,
	0x65, 0x20, 0x64, 0x65, 0x66, 0x65, 0x72, 0x72, 0x65, 0x64, 0x2d, 0x73,
	0x74, 0x75, 0x62, 0x20, 0x66, 0x61, 0x63, 0x74, 0x6f, 0x72, 0x79, 0x20,
	0x2d, 0x2d, 0x2d, 0x2d, 0x2d, 0x2d, 0x2d, 0x2d, 0x2d, 0x2d, 0x2d, 0x2d,
	0x2d, 0x2d, 0x2d, 0x2d, 0x2d, 0x2d, 0x2d, 0x2d, 0x2d, 0x2d, 0x2d, 0x2d,
	0x2d, 0x2d, 0x2d, 0x0a, 0x3b, 0x3b, 0x0a, 0x3b, 0x3b, 0x20, 0x50, 0x68,
	0x61, 0x73, 0x65, 0x20, 0x31, 0x20, 0x6f, 0x66, 0x20, 0x64, 0x6f, 0x63,
	0x2f, 0x70, 0x6c, 0x61, 0x6e, 0x73, 0x2f, 0x32, 0x30, 0x32, 0x36, 0x2d,
	0x30, 0x38, 0x2d, 0x31, 0x34, 0x2d, 0x65, 0x6d, 0x62, 0x65, 0x64, 0x64,
	0x65, 0x64, 0x2d, 0x70, 0x72, 0x65, 0x6c, 0x75, 0x64, 0x65, 0x2e, 0x6d,
	0x64, 0x2e, 0x20, 0x20, 0x39, 0x33, 0x20, 0x6f, 0x66, 0x20, 0x74, 0x68,
	0x69, 0x73, 0x20, 0x66, 0x69, 0x6c, 0x65, 0x27, 0x73, 0x0a, 0x3b, 0x3b,
	0x20, 0x6e, 0x61, 0x6d, 0x65, 0x73, 0x20, 0x61, 0x72, 0x65, 0x20, 0x6e,
	0x65, 0x76, 0x65, 0x72, 0x20, 0x63, 0x61, 0x6c, 0x6c, 0x65, 0x64, 0x20,
	0x62, 0x79, 0x20, 0x61, 0x6e, 0x79, 0x20, 0x73, 0x74, 0x61, 0x72, 0x74,
	0x75, 0x70, 0x20, 0x70, 0x61, 0x74, 0x68, 0x20, 0x28, 0x50, 0x68, 0x61,
	0x73, 0x65, 0x20, 0x30, 0x2e, 0x32, 0x27, 0x73, 0x20, 0x60, 0x2d, 0x2d,
	0x64, 0x65, 0x66, 0x65, 0x72, 0x72, 0x61, 0x62, 0x6c, 0x65, 0x60, 0x0a,
	0x3b, 0x3b, 0x20, 0x63, 0x65, 0x6e, 0x73, 0x75, 0x73, 0x29, 0x20, 0x61,
	0x6e, 0x64, 0x20, 0x61, 0x72, 0x65, 0x20, 0x77, 0x6f, 0x72, 0x74, 0x68,
	0x20, 0x35, 0x30, 0x34, 0x33, 0x20, 0x6f, 0x66, 0x20, 0x74, 0x68, 0x65,
	0x20, 0x61, 0x72, 0x65, 0x6e, 0x61, 0x27, 0x73, 0x20, 0x35, 0x36, 0x31,
	0x34, 0x37, 0x20, 0x73, 0x6c, 0x6f, 0x74, 0x73, 0x20, 0x2d, 0x2d, 0x20,
	0x39, 0x2e, 0x30, 0x25, 0x20, 0x2d, 0x2d, 0x20, 0x6b, 0x65, 0x70, 0x74,
	0x0a, 0x3b, 0x3b, 0x20, 0x70, 0x65, 0x72, 0x6d, 0x61, 0x6e, 0x65, 0x6e,
	0x74, 0x6c, 0x79, 0x20, 0x6c, 0x69, 0x76, 0x65, 0x20, 0x66, 0x6f, 0x72,
	0x20, 0x64, 0x65, 0x66, 0x69, 0x6e, 0x69, 0x74, 0x69, 0x6f, 0x6e, 0x73,
	0x20, 0x61, 0x20, 0x67, 0x69, 0x76, 0x65, 0x6e, 0x20, 0x73, 0x65, 0x73,
	0x73, 0x69, 0x6f, 0x6e, 0x20, 0x6d, 0x61, 0x79, 0x20, 0x6e, 0x65, 0x76,
	0x65, 0x72, 0x20, 0x63, 0x61, 0x6c, 0x6c, 0x2e, 0x20, 0x20, 0x54, 0x68,
	0x65, 0x0a, 0x3b, 0x3b, 0x20, 0x62, 0x75, 0x69, 0x6c, 0x64, 0x20, 0x28,
	0x75, 0x74, 0x69, 0x6c, 0x73, 0x2f, 0x65, 0x6d, 0x62, 0x65, 0x64, 0x5f,
	0x6c, 0x69, 0x73, 0x70, 0x5f, 0x73, 0x70, 0x6c, 0x69, 0x74, 0x2e, 0x70,
	0x79, 0x2c, 0x20, 0x64, 0x72, 0x69, 0x76, 0x65, 0x6e, 0x20, 0x62, 0x79,
	0x20, 0x74, 0x68, 0x65, 0x20, 0x72, 0x65, 0x76, 0x69, 0x65, 0x77, 0x65,
	0x64, 0x20, 0x70, 0x6f, 0x6c, 0x69, 0x63, 0x79, 0x20, 0x6c, 0x69, 0x73,
	0x74, 0x0a, 0x3b, 0x3b, 0x20, 0x75, 0x74, 0x69, 0x6c, 0x73, 0x2f, 0x70,
	0x72, 0x65, 0x6c, 0x75, 0x64, 0x65, 0x5f, 0x64, 0x65, 0x66, 0x65, 0x72,
	0x72, 0x65, 0x64, 0x5f, 0x6e, 0x61, 0x6d, 0x65, 0x73, 0x2e, 0x74, 0x78,
	0x74, 0x29, 0x20, 0x65, 0x78, 0x63, 0x69, 0x73, 0x65, 0x73, 0x20, 0x65,
	0x78, 0x61, 0x63, 0x74, 0x6c, 0x79, 0x20, 0x74, 0x68, 0x6f, 0x73, 0x65,
	0x20, 0x39, 0x33, 0x20, 0x6e, 0x61, 0x6d, 0x65, 0x73, 0x27, 0x20, 0x66,
	0x6f, 0x72, 0x6d, 0x73, 0x0a, 0x3b, 0x3b, 0x20, 0x6f, 0x75, 0x74, 0x20,
	0x6f, 0x66, 0x20, 0x74, 0x68, 0x65, 0x20, 0x61, 0x72, 0x72, 0x61, 0x79,
	0x20, 0x65, 0x76, 0x61, 0x6c, 0x75, 0x61, 0x74, 0x65, 0x5f, 0x70, 0x72,
	0x65, 0x6c, 0x75, 0x64, 0x65, 0x28, 0x29, 0x20, 0x72, 0x75, 0x6e, 0x73,
	0x20, 0x61, 0x6e, 0x64, 0x20, 0x69, 0x6e, 0x74, 0x6f, 0x20, 0x61, 0x20,
	0x73, 0x65, 0x63, 0x6f, 0x6e, 0x64, 0x20, 0x6f, 0x6e, 0x65, 0x2c, 0x0a,
	0x3b, 0x3b, 0x20, 0x73, 0x72, 0x63, 0x2f, 0x6c, 0x69, 0x73, 0x70, 0x5f,
	0x70, 0x72, 0x65, 0x6c, 0x75, 0x64, 0x65, 0x5f, 0x64, 0x65, 0x66, 0x65,
	0x72, 0x72, 0x65, 0x64, 0x5f, 0x67, 0x65, 0x6e, 0x65, 0x72, 0x61, 0x74,
	0x65, 0x64, 0x2e, 0x69, 0x6e, 0x63, 0x2c, 0x20, 0x72, 0x65, 0x61, 0x64,
	0x20, 0x6f, 0x6e, 0x6c, 0x79, 0x20, 0x62, 0x79, 0x0a, 0x3b, 0x3b, 0x20,
	0x69, 0x6e, 0x74, 0x65, 0x72, 0x6e, 0x61, 0x6c, 0x2d, 0x2d, 0x66, 0x6f,
	0x72, 0x63, 0x65, 0x2d, 0x64, 0x65, 0x66, 0x65, 0x72, 0x72, 0x65, 0x64,
	0x20, 0x28, 0x61, 0x20, 0x6e, 0x61, 0x74, 0x69, 0x76, 0x65, 0x2c, 0x20,
	0x73, 0x72, 0x63, 0x2f, 0x6c, 0x69, 0x73, 0x70, 0x5f, 0x70, 0x72, 0x65,
	0x6c, 0x75, 0x64, 0x65, 0x2e, 0x63, 0x29, 0x2e, 0x0a, 0x3b, 0x3b, 0x0a,
	0x3b, 0x3b, 0x20, 0x54, 0x68, 0x69, 0x73, 0x20, 0x69, 0x73, 0x20, 0x74,
	0x68, 0x65, 0x20, 0x6f, 0x6e, 0x65, 0x20, 0x6e, 0x65, 0x77, 0x20, 0x45,
	0x41, 0x47, 0x45, 0x52, 0x20, 0x6e, 0x61, 0x6d, 0x65, 0x20, 0x74, 0x68,
	0x61, 0x74, 0x20, 0x73, 0x70, 0x6c, 0x69, 0x74, 0x20, 0x62, 0x75, 0x79,
	0x73, 0x3a, 0x20, 0x61, 0x20, 0x66, 0x61, 0x63, 0x74, 0x6f, 0x72, 0x79,
	0x20, 0x72, 0x65, 0x74, 0x75, 0x72, 0x6e, 0x69, 0x6e, 0x67, 0x0a, 0x3b,
	0x3b, 0x20, 0x74, 0x68, 0x65, 0x20, 0x63, 0x6c, 0x6f, 0x73, 0x75, 0x72,
	0x65, 0x20, 0x65, 0x76, 0x65, 0x72, 0x79, 0x20, 0x64, 0x65, 0x66, 0x65,
	0x72, 0x72, 0x65, 0x64, 0x20, 0x6e, 0x61, 0x6d, 0x65, 0x27, 0x73, 0x20,
	0x66, 0x75, 0x6e, 0x63, 0x74, 0x69, 0x6f, 0x6e, 0x20, 0x63, 0x65, 0x6c,
	0x6c, 0x20, 0x68, 0x6f, 0x6c, 0x64, 0x73, 0x20, 0x75, 0x6e, 0x74, 0x69,
	0x6c, 0x20, 0x69, 0x74, 0x73, 0x20, 0x6f, 0x77, 0x6e, 0x0a, 0x3b, 0x3b,
	0x20, 0x66, 0x69, 0x72, 0x73, 0x74, 0x20, 0x63, 0x61, 0x6c, 0x6c, 0x2e,
	0x20, 0x20, 0x69, 0x6e, 0x73, 0x74, 0x61, 0x6c, 0x6c, 0x5f, 0x64, 0x65,
	0x66, 0x65, 0x72, 0x72, 0x65, 0x64, 0x5f, 0x73, 0x74, 0x75, 0x62, 0x73,
	0x28, 0x29, 0x20, 0x28, 0x73, 0x72, 0x63, 0x2f, 0x6c, 0x69, 0x73, 0x70,
	0x5f, 0x70, 0x72, 0x65, 0x6c, 0x75, 0x64, 0x65, 0x2e, 0x63, 0x29, 0x20,
	0x63, 0x61, 0x6c, 0x6c, 0x73, 0x20, 0x74, 0x68, 0x69, 0x73, 0x0a, 0x3b,
	0x3b, 0x20, 0x6f, 0x6e, 0x63, 0x65, 0x20, 0x70, 0x65, 0x72, 0x20, 0x64,
	0x65, 0x66, 0x65, 0x72, 0x72, 0x65, 0x64, 0x20, 0x6e, 0x61, 0x6d, 0x65,
	0x2c, 0x20, 0x72, 0x69, 0x67, 0x68, 0x74, 0x20, 0x61, 0x66, 0x74, 0x65,
	0x72, 0x20, 0x74, 0x68, 0x65, 0x20, 0x65, 0x61, 0x67, 0x65, 0x72, 0x20,
	0x70, 0x72, 0x65, 0x6c, 0x75, 0x64, 0x65, 0x20, 0x61, 0x62, 0x6f, 0x76,
	0x65, 0x20, 0x68, 0x61, 0x73, 0x0a, 0x3b, 0x3b, 0x20, 0x65, 0x76, 0x61,
	0x6c, 0x75, 0x61, 0x74, 0x65, 0x64, 0x20, 0x2d, 0x2d, 0x20, 0x64, 0x72,
	0x69, 0x76, 0x65, 0x6e, 0x20, 0x62, 0x79, 0x20, 0x74, 0x68, 0x65, 0x20,
	0x67, 0x65, 0x6e, 0x65, 0x72, 0x61, 0x74, 0x65, 0x64, 0x20, 0x69, 0x6e,
	0x64, 0x65, 0x78, 0x20, 0x74, 0x61, 0x62, 0x6c, 0x65, 0x2c, 0x20, 0x6e,
	0x6f, 0x74, 0x20, 0x62, 0x79, 0x20, 0x61, 0x20, 0x6e, 0x61, 0x6d, 0x65,
	0x20, 0x6c, 0x69, 0x73, 0x74, 0x0a, 0x3b, 0x3b, 0x20, 0x77, 0x72, 0x69,
	0x74, 0x74, 0x65, 0x6e, 0x20, 0x68, 0x65, 0x72, 0x65, 0x2c, 0x20, 0x73,
	0x6f, 0x20, 0x74, 0x68, 0x69, 0x73, 0x20, 0x66, 0x69, 0x6c, 0x65, 0x20,
	0x6e, 0x65, 0x65, 0x64, 0x73, 0x20, 0x6e, 0x6f, 0x20, 0x6c, 0x69, 0x73,
	0x74, 0x20, 0x6f, 0x66, 0x20, 0x74, 0x68, 0x65, 0x20, 0x39, 0x33, 0x20,
	0x74, 0x6f, 0x20, 0x6b, 0x65, 0x65, 0x70, 0x20, 0x69, 0x6e, 0x20, 0x73,
	0x74, 0x65, 0x70, 0x0a, 0x3b, 0x3b, 0x20, 0x77, 0x69, 0x74, 0x68, 0x20,
	0x74, 0x68, 0x61, 0x74, 0x20, 0x74, 0x61, 0x62, 0x6c, 0x65, 0x20, 0x62,
	0x79, 0x20, 0x68, 0x61, 0x6e, 0x64, 0x2e, 0x0a, 0x3b, 0x3b, 0x0a, 0x3b,
	0x3b, 0x20, 0x54, 0x68, 0x65, 0x20, 0x72, 0x65, 0x74, 0x75, 0x72, 0x6e,
	0x65, 0x64, 0x20, 0x63, 0x6c, 0x6f, 0x73, 0x75, 0x72, 0x65, 0x20, 0x49,
	0x53, 0x20, 0x74, 0x68, 0x65, 0x20, 0x73, 0x74, 0x75, 0x62, 0x2c, 0x20,
	0x61, 0x6e, 0x64, 0x20, 0x69, 0x74, 0x20, 0x69, 0x73, 0x20, 0x61, 0x6e,
	0x20, 0x6f, 0x72, 0x64, 0x69, 0x6e, 0x61, 0x72, 0x79, 0x20, 0x4c, 0x69,
	0x73, 0x70, 0x20, 0x66, 0x75, 0x6e, 0x63, 0x74, 0x69, 0x6f, 0x6e, 0x0a,
	0x3b, 0x3b, 0x20, 0x2d, 0x2d, 0x20, 0x6e, 0x6f, 0x74, 0x20, 0x61, 0x20,
	0x6e, 0x61, 0x74, 0x69, 0x76, 0x65, 0x20, 0x2d, 0x2d, 0x20, 0x77, 0x68,
	0x69, 0x63, 0x68, 0x20, 0x69, 0x73, 0x20, 0x77, 0x68, 0x61, 0x74, 0x20,
	0x6d, 0x61, 0x6b, 0x65, 0x73, 0x20, 0x61, 0x20, 0x64, 0x65, 0x66, 0x65,
	0x72, 0x72, 0x65, 0x64, 0x20, 0x6e, 0x61, 0x6d, 0x65, 0x20, 0x69, 0x6e,
	0x64, 0x69, 0x73, 0x74, 0x69, 0x6e, 0x67, 0x75, 0x69, 0x73, 0x68, 0x61,
	0x62, 0x6c, 0x65, 0x0a, 0x3b, 0x3b, 0x20, 0x66, 0x72, 0x6f, 0x6d, 0x20,
	0x61, 0x6e, 0x20, 0x65, 0x61, 0x67, 0x65, 0x72, 0x20, 0x6f, 0x6e, 0x65,
	0x20, 0x74, 0x6f, 0x20, 0x66, 0x75, 0x6e, 0x63, 0x74, 0x69, 0x6f, 0x6e,
	0x70, 0x2c, 0x20, 0x73, 0x79, 0x6d, 0x62, 0x6f, 0x6c, 0x2d, 0x66, 0x75,
	0x6e, 0x63, 0x74, 0x69, 0x6f, 0x6e, 0x2c, 0x20, 0x61, 0x20, 0x68, 0x6f,
	0x6f, 0x6b, 0x2c, 0x20, 0x61, 0x6e, 0x64, 0x20, 0x61, 0x20, 0x76, 0x61,
	0x6c, 0x75, 0x65, 0x0a, 0x3b, 0x3b, 0x20, 0x70, 0x61, 0x73, 0x73, 0x65,
	0x64, 0x20, 0x61, 0x72, 0x6f, 0x75, 0x6e, 0x64, 0x20, 0x62, 0x65, 0x66,
	0x6f, 0x72, 0x65, 0x20, 0x65, 0x76, 0x65, 0x72, 0x20, 0x62, 0x65, 0x69,
	0x6e, 0x67, 0x20, 0x63, 0x61, 0x6c, 0x6c, 0x65, 0x64, 0x3a, 0x20, 0x65,
	0x76, 0x65, 0x72, 0x79, 0x20, 0x6f, 0x6e, 0x65, 0x20, 0x6f, 0x66, 0x20,
	0x74, 0x68, 0x6f, 0x73, 0x65, 0x20, 0x73, 0x65, 0x65, 0x73, 0x20, 0x61,
	0x20, 0x72, 0x65, 0x61, 0x6c, 0x0a, 0x3b, 0x3b, 0x20, 0x46, 0x65, 0x54,
	0x46, 0x6e, 0x2c, 0x20, 0x62, 0x6f, 0x74, 0x68, 0x20, 0x62, 0x65, 0x66,
	0x6f, 0x72, 0x65, 0x20, 0x61, 0x6e, 0x64, 0x20, 0x61, 0x66, 0x74, 0x65,
	0x72, 0x20, 0x69, 0x74, 0x73, 0x20, 0x66, 0x69, 0x72, 0x73, 0x74, 0x20,
	0x63, 0x61, 0x6c, 0x6c, 0x2e, 0x20, 0x20, 0x54, 0x68, 0x61, 0x74, 0x20,
	0x66, 0x69, 0x72, 0x73, 0x74, 0x20, 0x63, 0x61, 0x6c, 0x6c, 0x3a, 0x0a,
	0x3b, 0x3b, 0x0a, 0x3b, 0x3b, 0x20, 0x20, 0x20, 0x31, 0x2e, 0x20, 0x66,
	0x6f, 0x72, 0x63, 0x65, 0x73, 0x20, 0x74, 0x68, 0x65, 0x20, 0x72, 0x65,
	0x61, 0x6c, 0x20, 0x64, 0x65, 0x66, 0x69, 0x6e, 0x69, 0x74, 0x69, 0x6f,
	0x6e, 0x20, 0x28, 0x69, 0x6e, 0x74, 0x65, 0x72, 0x6e, 0x61, 0x6c, 0x2d,
	0x2d, 0x66, 0x6f, 0x72, 0x63, 0x65, 0x2d, 0x64, 0x65, 0x66, 0x65, 0x72,
	0x72, 0x65, 0x64, 0x20, 0x65, 0x76, 0x61, 0x6c, 0x75, 0x61, 0x74, 0x65,
	0x73, 0x0a, 0x3b, 0x3b, 0x20, 0x20, 0x20, 0x20, 0x20, 0x20, 0x74, 0x68,
	0x65, 0x20, 0x6f, 0x6e, 0x65, 0x20, 0x73, 0x61, 0x76, 0x65, 0x64, 0x20,
	0x66, 0x6f, 0x72, 0x6d, 0x2c, 0x20, 0x77, 0x68, 0x69, 0x63, 0x68, 0x20,
	0x69, 0x73, 0x20, 0x60, 0x28, 0x64, 0x65, 0x66, 0x61, 0x6c, 0x69, 0x61,
	0x73, 0x20, 0x27, 0x4e, 0x41, 0x4d, 0x45, 0x20, 0x28, 0x6c, 0x61, 0x6d,
	0x62, 0x64, 0x61, 0x20, 0x2e, 0x2e, 0x2e, 0x29, 0x29, 0x60, 0x20, 0x2d,
	0x2d, 0x0a, 0x3b, 0x3b, 0x20, 0x20, 0x20, 0x20, 0x20, 0x20, 0x74, 0x68,
	0x65, 0x20, 0x76, 0x65, 0x72, 0x79, 0x20, 0x73, 0x61, 0x6d, 0x65, 0x20,
	0x66, 0x6f, 0x72, 0x6d, 0x20, 0x74, 0x68, 0x69, 0x73, 0x20, 0x66, 0x69,
	0x6c, 0x65, 0x20, 0x77, 0x6f, 0x75, 0x6c, 0x64, 0x20, 0x68, 0x61, 0x76,
	0x65, 0x20, 0x72, 0x75, 0x6e, 0x20, 0x65, 0x61, 0x67, 0x65, 0x72, 0x6c,
	0x79, 0x20, 0x2d, 0x2d, 0x20, 0x73, 0x6f, 0x20, 0x69, 0x74, 0x0a, 0x3b,
	0x3b, 0x20, 0x20, 0x20, 0x20, 0x20, 0x20, 0x72, 0x65, 0x70, 0x6c, 0x61,
	0x63, 0x65, 0x73, 0x20, 0x4e, 0x41, 0x4d, 0x45, 0x27, 0x73, 0x20, 0x66,
	0x75, 0x6e, 0x63, 0x74, 0x69, 0x6f, 0x6e, 0x20, 0x63, 0x65, 0x6c, 0x6c,
	0x20, 0x77, 0x69, 0x74, 0x68, 0x20, 0x74, 0x68, 0x65, 0x20, 0x72, 0x65,
	0x61, 0x6c, 0x20, 0x63, 0x6c, 0x6f, 0x73, 0x75, 0x72, 0x65, 0x29, 0x3b,
	0x20, 0x74, 0x68, 0x65, 0x6e, 0x0a, 0x3b, 0x3b, 0x20, 0x20, 0x20, 0x32,
	0x2e, 0x20, 0x66, 0x6f, 0x72, 0x77, 0x61, 0x72, 0x64, 0x73, 0x20, 0x54,
	0x48, 0x49, 0x53, 0x20, 0x63, 0x61, 0x6c, 0x6c, 0x27, 0x73, 0x20, 0x6f,
	0x77, 0x6e, 0x20, 0x61, 0x72, 0x67, 0x75, 0x6d, 0x65, 0x6e, 0x74, 0x73,
	0x20, 0x74, 0x6f, 0x20, 0x77, 0x68, 0x61, 0x74, 0x20, 0x69, 0x73, 0x20,
	0x6e, 0x6f, 0x77, 0x20, 0x74, 0x68, 0x65, 0x20, 0x72, 0x65, 0x61, 0x6c,
	0x0a, 0x3b, 0x3b, 0x20, 0x20, 0x20, 0x20, 0x20, 0x20, 0x66, 0x75, 0x6e,
	0x63, 0x74, 0x69, 0x6f, 0x6e, 0x2c, 0x20, 0x76, 0x69, 0x61, 0x20, 0x60,
	0x61, 0x70, 0x70, 0x6c, 0x79, 0x60, 0x20, 0x6f, 0x76, 0x65, 0x72, 0x20,
	0x60, 0x26, 0x72, 0x65, 0x73, 0x74, 0x60, 0x2c, 0x20, 0x73, 0x6f, 0x20,
	0x74, 0x68, 0x65, 0x20, 0x63, 0x61, 0x6c, 0x6c, 0x65, 0x72, 0x20, 0x73,
	0x65, 0x65, 0x73, 0x20, 0x61, 0x6e, 0x20, 0x6f, 0x72, 0x64, 0x69, 0x6e,
	0x61, 0x72, 0x79, 0x0a, 0x3b, 0x3b, 0x20, 0x20, 0x20, 0x20, 0x20, 0x20,
	0x72, 0x65, 0x74, 0x75, 0x72, 0x6e, 0x20, 0x76, 0x61, 0x6c, 0x75, 0x65,
	0x20, 0x61, 0x6e, 0x64, 0x20, 0x6e, 0x65, 0x76, 0x65, 0x72, 0x20, 0x73,
	0x65, 0x65, 0x73, 0x20, 0x74, 0x68, 0x65, 0x20, 0x73, 0x74, 0x75, 0x62,
	0x20, 0x61, 0x74, 0x20, 0x61, 0x6c, 0x6c, 0x2e, 0x0a, 0x3b, 0x3b, 0x0a,
	0x3b, 0x3b, 0x20, 0x45, 0x76, 0x65, 0x72, 0x79, 0x20, 0x6c, 0x61, 0x74,
	0x65, 0x72, 0x20, 0x63, 0x61, 0x6c, 0x6c, 0x20, 0x72, 0x65, 0x61, 0x63,
	0x68, 0x65, 0x73, 0x20, 0x74, 0x68, 0x65, 0x20, 0x72, 0x65, 0x61, 0x6c,
	0x20, 0x63, 0x6c, 0x6f, 0x73, 0x75, 0x72, 0x65, 0x20, 0x64, 0x69, 0x72,
	0x65, 0x63, 0x74, 0x6c, 0x79, 0x20, 0x2d, 0x2d, 0x20, 0x74, 0x68, 0x65,
	0x20, 0x73, 0x74, 0x75, 0x62, 0x20, 0x69, 0x73, 0x0a, 0x3b, 0x3b, 0x20,
	0x72, 0x65, 0x61, 0x63, 0x68, 0x61, 0x62, 0x6c, 0x65, 0x20, 0x66, 0x72,
	0x6f, 0x6d, 0x20, 0x6e, 0x6f, 0x74, 0x68, 0x69, 0x6e, 0x67, 0x20, 0x6f,
	0x6e, 0x63, 0x65, 0x20, 0x73, 0x74, 0x65, 0x70, 0x20, 0x31, 0x20, 0x61,
	0x62, 0x6f, 0x76, 0x65, 0x20, 0x68, 0x61, 0x73, 0x20, 0x72, 0x75, 0x6e,
	0x20, 0x2d, 0x2d, 0x20, 0x73, 0x6f, 0x20, 0x74, 0x68, 0x65, 0x20, 0x77,
	0x68, 0x6f, 0x6c, 0x65, 0x0a, 0x3b, 0x3b, 0x20, 0x6d, 0x65, 0x63, 0x68,
	0x61, 0x6e, 0x69, 0x73, 0x6d, 0x20, 0x63, 0x6f, 0x73, 0x74, 0x73, 0x20,
	0x6f, 0x6e, 0x65, 0x20, 0x65, 0x78, 0x74, 0x72, 0x61, 0x20, 0x60, 0x66,
	0x75, 0x6e, 0x63, 0x61, 0x6c, 0x6c, 0x60, 0x2d, 0x73, 0x68, 0x61, 0x70,
	0x65, 0x64, 0x20, 0x69, 0x6e, 0x64, 0x69, 0x72, 0x65, 0x63, 0x74, 0x69,
	0x6f, 0x6e, 0x20, 0x65, 0x78, 0x61, 0x63, 0x74, 0x6c, 0x79, 0x20, 0x6f,
	0x6e, 0x63, 0x65, 0x0a, 0x3b, 0x3b, 0x20, 0x70, 0x65, 0x72, 0x20, 0x64,
	0x65, 0x66, 0x65, 0x72, 0x72, 0x65, 0x64, 0x20, 0x6e, 0x61, 0x6d, 0x65,
	0x20, 0x70, 0x65, 0x72, 0x20, 0x73, 0x65, 0x73, 0x73, 0x69, 0x6f, 0x6e,
	0x2c, 0x20, 0x6e, 0x6f, 0x74, 0x20, 0x6f, 0x6e, 0x63, 0x65, 0x20, 0x70,
	0x65, 0x72, 0x20, 0x63, 0x61, 0x6c, 0x6c, 0x2e, 0x20, 0x20, 0x41, 0x20,
	0x64, 0x65, 0x66, 0x65, 0x72, 0x72, 0x65, 0x64, 0x20, 0x6e, 0x61, 0x6d,
	0x65, 0x0a, 0x3b, 0x3b, 0x20, 0x63, 0x61, 0x6c, 0x6c, 0x69, 0x6e, 0x67,
	0x20, 0x61, 0x6e, 0x6f, 0x74, 0x68, 0x65, 0x72, 0x20, 0x64, 0x65, 0x66,
	0x65, 0x72, 0x72, 0x65, 0x64, 0x20, 0x6e, 0x61, 0x6d, 0x65, 0x20, 0x28,
	0x69, 0x6e, 0x74, 0x65, 0x72, 0x6e, 0x61, 0x6c, 0x2d, 0x2d, 0x71, 0x71,
	0x27, 0x73, 0x20, 0x6d, 0x75, 0x74, 0x75, 0x61, 0x6c, 0x20, 0x72, 0x65,
	0x63, 0x75, 0x72, 0x73, 0x69, 0x6f, 0x6e, 0x20, 0x77, 0x69, 0x74, 0x68,
	0x0a, 0x3b, 0x3b, 0x20, 0x69, 0x6e, 0x74, 0x65, 0x72, 0x6e, 0x61, 0x6c,
	0x2d, 0x2d, 0x71, 0x71, 0x2d, 0x6c, 0x69, 0x73, 0x74, 0x2f, 0x69, 0x6e,
	0x74, 0x65, 0x72, 0x6e, 0x61, 0x6c, 0x2d, 0x2d, 0x71, 0x71, 0x2d, 0x64,
	0x6f, 0x74, 0x74, 0x65, 0x64, 0x20, 0x69, 0x73, 0x20, 0x74, 0x68, 0x65,
	0x20, 0x70, 0x72, 0x65, 0x6c, 0x75, 0x64, 0x65, 0x27, 0x73, 0x20, 0x6f,
	0x77, 0x6e, 0x20, 0x65, 0x78, 0x61, 0x6d, 0x70, 0x6c, 0x65, 0x29, 0x0a,
	0x3b, 0x3b, 0x20, 0x77, 0x6f, 0x72, 0x6b, 0x73, 0x20, 0x74, 0x68, 0x65,
	0x20, 0x73, 0x61, 0x6d, 0x65, 0x20, 0x77, 0x61, 0x79, 0x20, 0x63, 0x61,
	0x6c, 0x6c, 0x69, 0x6e, 0x67, 0x20, 0x61, 0x6e, 0x79, 0x20, 0x6f, 0x74,
	0x68, 0x65, 0x72, 0x20, 0x66, 0x75, 0x6e, 0x63, 0x74, 0x69, 0x6f, 0x6e,
	0x20, 0x64, 0x6f, 0x65, 0x73, 0x3a, 0x20, 0x60, 0x66, 0x75, 0x6e, 0x63,
	0x61, 0x6c, 0x6c, 0x60, 0x2f, 0x60, 0x61, 0x70, 0x70, 0x6c, 0x79, 0x60,
	0x0a, 0x3b, 0x3b, 0x20, 0x72, 0x65, 0x73, 0x6f, 0x6c, 0x76, 0x65, 0x20,
	0x74, 0x68, 0x72, 0x6f, 0x75, 0x67, 0x68, 0x20, 0x74, 0x68, 0x65, 0x20,
	0x66, 0x75, 0x6e, 0x63, 0x74, 0x69, 0x6f, 0x6e, 0x20, 0x63, 0x65, 0x6c,
	0x6c, 0x2c, 0x20, 0x77, 0x68, 0x69, 0x63, 0x68, 0x20, 0x69, 0x73, 0x20,
	0x65, 0x69, 0x74, 0x68, 0x65, 0x72, 0x20, 0x61, 0x6c, 0x72, 0x65, 0x61,
	0x64, 0x79, 0x20, 0x74, 0x68, 0x65, 0x20, 0x73, 0x74, 0x75, 0x62, 0x20,
	0x6f, 0x72, 0x0a, 0x3b, 0x3b, 0x20, 0x61, 0x6c, 0x72, 0x65, 0x61, 0x64,
	0x79, 0x20, 0x74, 0x68, 0x65, 0x20, 0x72, 0x65, 0x61, 0x6c, 0x20, 0x74,
	0x68, 0x69, 0x6e, 0x67, 0x2c, 0x20, 0x6e, 0x65, 0x76, 0x65, 0x72, 0x20,
	0x61, 0x6e, 0x79, 0x74, 0x68, 0x69, 0x6e, 0x67, 0x20, 0x65, 0x6c, 0x73,
	0x65, 0x2e, 0x0a,
};

static const size_t lisp_prelude_deferred_generated_len = sizeof(lisp_prelude_deferred_generated);

/* name -> (offset, length) into lisp_prelude_deferred_generated[] above, one entry per name
 * utils/prelude_deferred_names.txt lists, in lisp/prelude.el's own
 * source order.  internal--force-deferred (src/lisp_prelude.c) is the
 * only reader; it does one linear scan per name, at most once per name
 * per process (the whole point of a self-replacing stub).
 *
 * `struct lisp_prelude_deferred_entry` is NOT declared in this
 * generated file -- it is a fixed, hand-written type (src/lisp_prelude.c,
 * beside the #include of this file), the same split embed_lisp.py's own
 * array/length pair has between generated data and hand-written use. */
static const struct lisp_prelude_deferred_entry lisp_prelude_deferred_generated_index[] = {
	{ "1+", 0, 36 },
	{ "1-", 36, 36 },
	{ "caar", 72, 44 },
	{ "cadr", 116, 44 },
	{ "cddr", 160, 3473 },
	{ "internal--append2", 3633, 174 },
	{ "append", 3807, 618 },
	{ "length", 4425, 248 },
	{ "nthcdr", 4673, 116 },
	{ "nth", 4789, 54 },
	{ "last", 4843, 271 },
	{ "equal", 5114, 378 },
	{ "zerop", 5492, 39 },
	{ "mapcar", 5531, 177 },
	{ "member", 5708, 117 },
	{ "memq", 5825, 112 },
	{ "assoc", 5937, 195 },
	{ "assq", 6132, 191 },
	{ "mapc", 6323, 218 },
	{ "mapconcat", 6541, 350 },
	{ "nreverse", 6891, 189 },
	{ "delq", 7080, 294 },
	{ "delete", 7374, 1048 },
	{ "add-to-list", 8422, 283 },
	{ "identity", 8705, 255 },
	{ "number-to-string", 8960, 348 },
	{ "string-to-list", 9308, 216 },
	{ "max", 9524, 285 },
	{ "min", 9809, 311 },
	{ "internal--first", 10120, 53 },
	{ "internal--dolist", 10173, 127 },
	{ "internal--dotimes", 10300, 147 },
	{ "beginning-of-buffer", 10447, 68 },
	{ "end-of-buffer", 10515, 121 },
	{ "internal--qq", 10636, 1284 },
	{ "internal--qq-list", 11920, 934 },
	{ "internal--qq-dotted", 12854, 97 },
	{ "internal--interactive-p", 12951, 104 },
	{ "internal--docstring-p", 13055, 599 },
	{ "documentation-property", 13654, 397 },
	{ "documentation", 14051, 327 },
	{ "internal--defined-names", 14378, 211 },
	{ "internal--has-interactive", 14589, 310 },
	{ "internal--custom-presentation-keyword-p", 14899, 208 },
	{ "internal--custom-semantics-keyword-p", 15107, 343 },
	{ "internal--declare-p", 15450, 94 },
	{ "internal--setq-local-forms", 15544, 402 },
	{ "kbd", 15946, 1661 },
	{ "internal--load-loop", 17607, 374 },
	{ "load", 17981, 696 },
	{ "require", 18677, 1218 },
	{ "string-empty-p", 19895, 55 },
	{ "thing-at-point", 19950, 599 },
	{ "move-beginning-of-line", 20549, 785 },
	{ "move-end-of-line", 21334, 1573 },
	{ "match-string", 22907, 744 },
	{ "split-string", 23651, 1034 },
	{ "string-join", 24685, 374 },
	{ "internal--trim-reject", 25059, 123 },
	{ "internal--trim-char-p", 25182, 107 },
	{ "string-trim-left", 25289, 355 },
	{ "string-trim-right", 25644, 365 },
	{ "string-trim", 26009, 142 },
	{ "string-prefix-p", 26151, 307 },
	{ "string-suffix-p", 26458, 1004 },
	{ "internal--replace-expand", 27462, 1406 },
	{ "replace-regexp-in-string", 28868, 907 },
	{ "cdar", 29775, 44 },
	{ "caddr", 29819, 51 },
	{ "cdddr", 29870, 51 },
	{ "cadddr", 29921, 58 },
	{ "elt", 29979, 264 },
	{ "butlast", 30243, 253 },
	{ "copy-sequence", 30496, 250 },
	{ "number-sequence", 30746, 586 },
	{ "mapcan", 31332, 92 },
	{ "assq-delete-all", 31424, 459 },
	{ "alist-get", 31883, 128 },
	{ "plist-get", 32011, 420 },
	{ "plist-put", 32431, 1218 },
	{ "internal--merge", 33649, 425 },
	{ "internal--merge-pairs", 34074, 422 },
	{ "sort", 34496, 532 },
	{ "seq-map", 35028, 76 },
	{ "seq-filter", 35104, 253 },
	{ "seq-remove", 35357, 118 },
	{ "seq-find", 35475, 318 },
	{ "seq-some", 35793, 216 },
	{ "seq-take", 36009, 449 },
	{ "abs", 36458, 463 },
	{ "%", 36921, 191 },
	{ "mod", 37112, 406 },
	{ "ash", 37518, 2745 },
};

static const size_t lisp_prelude_deferred_generated_index_len =
    sizeof(lisp_prelude_deferred_generated_index) / sizeof(lisp_prelude_deferred_generated_index[0]);
